ride_id,customer_id,driver_id,city,pickup_area,drop_area,pickup_time,vehicle_type,distance_km,duration_min,demand_level,nearby_drivers,weather,surge_multiplier,base_fare,final_fare,payment_method,ride_status,customer_rating
RPD101737,CUST1538,DRV109,Bangalore,Jayanagar,Jayanagar,2026-06-28 03:47:00,,2.17,21.2,Medium,26.0,,1.09,41.04,44.73,UPI,Cancelled by Driver,
RPD100673,CUST2062,DRV720,BANGALORE,Koramangala,Jayanagar,2026-06-14 13:33:00,Cab Economy,5.51,12.3,Very High,27.0,Heavy Rain,1.95,81.12,158.18,upi,completed,4.8
RPD100450,CUST3670,DRV552,hyderabad ,Banjara Hills,Banjara Hills,2026-06-23 00:52:00,Cab Premium,3.62,17.4,Low,19.0,Cloudy,1.08,80.16,86.57,Wallet,Ongoing,
RPD102088,CUST1816,DRV224,Bengaluru,MG Road,Indiranagar,2026-06-20 09:08:00,Bike,2.78,8.7,Very High,5.0,Clear,1.96,31.68,62.09,cash ,COMPLETED,4.4
RPD101775,CUST1226,DRV185,BANGALORE,Electronic City,Jayanagar,2026-07-12 01:21:00,Bike,3.77,22.1,Medium,17.0,Clear,1.03,37.62,38.75,Wallet,Completed,4.1
RPD101496,CUST3646,DRV122,Bangalore,Indiranagar,Indiranagar,03/06/2026 13:06,Auto,4.43,19.6,Very High,20.0,Rain,1.87,54.87,102.61,Cash,Completed,
RPD101679,CUST3987,DRV582,Hyderabad,Gachibowli,Banjara Hills,2026-07-11 13:53:00,Bike,1.65,21.5,Medium,20.0,Fog,1.25,24.9,31.12,Card,COMPLETED,4.9
RPD104241,CUST2625,DRV682,Pune,Baner,Baner,23/06/2026 16:05,auto,5.51,25.2,Low,20.0,Cloudy,1.06,64.59,68.47,wallet,COMPLETED,4.7
RPD102859,CUST1705,,Pune,Baner,Hinjewadi,28/06/2026 05:19,,10.5,52.6,Low,11.0,Fog,1.0,141.0,141.0,upi,Cancelled by Customer,
RPD102839,CUST2513,DRV531,Bangalore,Jayanagar,Electronic City,2026-07-09 13:02:00,Cab Economy,4.11,6.2,Low,31.0,Fog,1.0,64.32,64.32,Wallet,COMPLETED,5.0
RPD104691,CUST1015,DRV302,Bangalore,MG Road,Koramangala,14-Jun-2026 06:00 PM,Bike,3.65,12.6,High,12.0,Fog,1.34,36.9,49.45,,Completed,5.0
RPD104491,CUST1272,DRV439,Pune,Camp,Viman Nagar,06/07/2026 01:59,Cab Premium,2.09,24.2,Low,17.0,Cloudy,1.0,52.62,52.62,,Cancelled by Driver,
RPD104940,CUST2266,,mumbai,Borivali,Borivali,2026-07-02 12:41:00,BIKE,7.21,15.8,Low,13.0,Fog,1.0,58.26,58.26,Cash,Cancelled by Customer,
RPD101507,CUST3900,DRV476,Hyderabad,Banjara Hills,Kukatpally,2026-06-21 12:39:00,,2.75,19.5,Very High,15.0,Heavy Rain,1.94,48.0,93.12,upi,Cancelled by Driver,
RPD104336,CUST1072,,hyderabad ,Hitech City,Hitech City,2026-06-27 12:41:00,cab economy,1.97,39.8,Low,17.0,Cloudy,1.0,38.64,38.64,UPI,Cancelled by Customer,
RPD103573,CUST3975,DRV649,Hyderabad,Banjara Hills,Gachibowli,2026-07-05 20:08:00,Bike,2.88,18.5,High,0.0,Cloudy,1.35,32.28,43.58,wallet,Ongoing,
RPD100447,CUST2477,,mumbai,Powai,Bandra,08-Jun-2026 06:28 AM,cab economy,999.0,13.6,Very High,24.0,Heavy Rain,1.91,12003.0,22925.73,cash ,Cancelled by Customer,
RPD102129,CUST3355,DRV199,Hyderabad,Madhapur,Madhapur,2026-06-28 15:41:00,Cab Economy,2.75,6.4,Medium,23.0,,1.15,48.0,,Card,Cancelled by Driver,
RPD102742,CUST3915,DRV741,hyderabad ,Banjara Hills,Hitech City,2026-06-27 18:11:00,Auto,2.08,12.5,Very High,7.0,Heavy Rain,1.86,33.72,62.72,Wallet,COMPLETED,4.6
RPD101079,CUST3254,,bangalore,Whitefield,Koramangala,16-Jun-2026 05:18 PM,bike,9.17,3.8,Medium,18.0,Fog,1.06,70.02,74.22,Cash,Cancelled by Customer,
RPD103759,CUST1001,,mumbai,Colaba,Bandra,18/06/2026 02:38,Cab Economy,4.7,23.8,Very High,7.0,Rain,1.92,71.4,137.09,cash ,Cancelled by Customer,
RPD104494,CUST2244,,bangalore,Koramangala,Whitefield,28/06/2026 16:57,Auto,19.48,11.4,Medium,23.0,,1.22,190.32,232.19,Card,Cancelled by Customer,
RPD100146,CUST2233,DRV374,Pune,Hinjewadi,Viman Nagar,2026-06-27 12:49:00,Auto,17.13,15.5,Low,19.0,Fog,1.0,169.17,169.17,,Cancelled by Driver,
RPD100428,CUST2117,DRV676,Hyderabad,Banjara Hills,Madhapur,2026-07-02 14:31:00,Cab Economy,2.2,13.9,Low,12.0,Clear,1.0,41.4,41.4,cash ,COMPLETED,3.8
RPD100319,CUST1664,DRV248,bangalore,Electronic City,MG Road,25-Jun-2026 11:50 PM,,4.42,17.6,Low,22.0,Cloudy,1.0,68.04,68.04,Cash,COMPLETED,4.1
RPD102497,CUST2082,DRV653,BANGALORE,MG Road,MG Road,2026-06-28 12:01:00,,3.79,9.0,Low,26.0,Clear,1.0,60.48,60.48,Cash,COMPLETED,4.0
RPD101902,CUST3272,DRV131,Mumbai,Colaba,Borivali,2026-07-02 14:00:00,BIKE,1.88,11.2,Very High,18.0,Heavy Rain,1.96,26.28,51.51,Cash,COMPLETED,4.5
RPD104098,CUST3048,,Bengaluru,Koramangala,Jayanagar,28-Jun-2026 03:13 PM,,7.76,11.6,Very High,10.0,Heavy Rain,1.91,108.12,206.51,Card,Cancelled by Customer,
RPD103210,CUST1698,DRV734,bangalore,Jayanagar,HSR Layout,15/06/2026 10:31,auto,7.04,12.1,Low,13.0,Heavy Rain,1.04,78.36,81.49,UPI,Completed,4.4
RPD100460,CUST3137,DRV293,BANGALORE,MG Road,Koramangala,07-Jul-2026 08:50 PM,,0.94,7.8,Very High,11.0,Clear,1.94,26.28,50.98,,Completed,4.4
RPD102718,CUST3347,DRV325,bangalore,MG Road,HSR Layout,10-Jul-2026 08:16 PM,Cab Premium,7.58,16.0,Very High,16.0,Cloudy,1.86,151.44,281.68,Wallet,Completed,4.3
RPD103069,CUST1169,DRV502,Bengaluru,Indiranagar,Koramangala,2026-06-06 02:20:00,auto,5.33,18.1,Low,17.0,Clear,1.0,62.97,62.97,UPI,Ongoing,
,,,,,,,,,,,,,,,,,,
RPD104588,CUST3664,DRV202,BANGALORE,MG Road,Whitefield,2026-06-14 06:20:00,Cab Economy,8.27,16.9,Medium,14.0,Clear,1.02,114.24,116.52,wallet,Ongoing,
RPD103795,CUST3261,DRV206,Bengaluru,MG Road,Indiranagar,2026-06-19 13:06:00,auto,4.29,19.1,Low,11.0,,1.02,53.61,54.68,Cash,Completed,4.9
RPD101180,CUST2903,DRV121,Bengaluru,Whitefield,Whitefield,20-Jun-2026 02:56 PM,,-3.75,19.6,Low,32.0,Cloudy,1.0,16.2,16.2,Cash,Cancelled by Driver,
RPD102838,CUST2746,DRV603,Bangalore,Indiranagar,Whitefield,2026-07-08 05:41:00,Auto,7.6,23.3,Very High,19.0,Heavy Rain,1.82,83.4,151.79,wallet,completed,4.9
RPD101190,CUST3408,,hyderabad ,Gachibowli,Hitech City,19-Jun-2026 11:31 PM,bike,3.38,12.3,Low,18.0,Clear,1.1,35.28,38.81,Card,Cancelled by Customer,
RPD100736,CUST2402,DRV402,mumbai,Dadar,Borivali,2026-06-22 04:58:00,Cab Economy,3.06,6.5,Medium,20.0,,1.23,51.72,63.62,,completed,4.5
RPD104252,CUST2715,DRV175,Bangalore,Jayanagar,Koramangala,2026-06-09 23:33:00,auto,6.99,24.5,Low,17.0,Clear,1.03,77.91,80.25,UPI,Ongoing,
RPD100326,CUST2365,DRV449,Pune,Baner,Hinjewadi,22-Jun-2026 11:35 AM,auto,1.04,23.7,Low,31.0,Heavy Rain,1.0,24.36,24.36,wallet,Completed,5.0
RPD101499,CUST3043,,Pune,Viman Nagar,Baner,2026-06-19 07:28:00,Cab Economy,9.02,6.3,Medium,22.0,Rain,1.15,123.24,141.73,wallet,Cancelled by Customer,
RPD104448,CUST3673,DRV485,hyderabad ,Banjara Hills,Hitech City,2026-06-26 06:19:00,Cab Premium,1.43,40.2,Medium,23.0,,1.15,40.74,46.85,Cash,Completed,5.0
RPD100474,CUST2348,DRV418,Pune,Camp,Baner,2026-06-21 00:25:00,Bike,5.3,22.7,Low,19.0,,1.01,46.8,47.27,upi,completed,4.9
RPD101137,CUST1269,DRV416,mumbai,Bandra,Dadar,05-Jul-2026 02:01 AM,Bike,6.37,35.6,Low,18.0,Clear,1.01,53.22,53.75,Cash,completed,4.6
RPD101906,CUST2173,DRV789,hyderabad ,Banjara Hills,Madhapur,10/06/2026 21:44,cab economy,4.11,21.2,Medium,18.0,Cloudy,1.29,64.32,82.97,Card,Completed,4.8
RPD102424,CUST1439,DRV595,Bangalore,MG Road,Whitefield,2026-06-15 12:41:00,BIKE,1.74,17.1,Medium,20.0,Clear,1.06,25.44,26.97,,COMPLETED,4.9
RPD104398,CUST1958,DRV419,mumbai,Borivali,Colaba,07/07/2026 16:05,BIKE,8.6,9.1,Low,20.0,Heavy Rain,1.0,66.6,66.6,Cash,Cancelled by Driver,
RPD101179,CUST1006,DRV652,Bangalore,Whitefield,Jayanagar,2026-06-19 04:09:00,auto,8.57,12.0,Low,14.0,Fog,1.0,92.13,92.13,cash ,completed,3.9
RPD103028,CUST1872,DRV493,mumbai,Colaba,Dadar,07-Jul-2026 06:49 PM,auto,10.3,12.2,High,9.0,Rain,1.42,107.7,152.93,Cash,Cancelled by Driver,
RPD102493,CUST2495,DRV118,Bangalore,MG Road,Whitefield,18-Jun-2026 02:30 PM,auto,5.22,16.1,Medium,29.0,Clear,1.19,61.98,73.76,upi,Completed,3.9
RPD104010,CUST1898,DRV412,Hyderabad,Gachibowli,Madhapur,2026-06-18 08:57:00,BIKE,4.83,16.3,High,5.0,Rain,1.41,43.98,62.01,cash ,completed,4.8
RPD101803,CUST3136,DRV709,Pune,Hinjewadi,Camp,07/07/2026 11:33,bike,3.29,9.9,Low,32.0,Heavy Rain,1.0,34.74,34.74,wallet,completed,4.2
RPD103502,CUST2079,DRV558,mumbai,Borivali,Borivali,2026-07-13 05:39:00,bike,6.88,11.1,Low,10.0,,1.01,56.28,56.84,wallet,COMPLETED,4.6
RPD100980,CUST1802,DRV696,bangalore,HSR Layout,Electronic City,2026-06-04 19:41:00,Cab Economy,5.91,3.4,Very High,9.0,Clear,1.95,85.92,167.54,,Ongoing,
RPD102482,CUST3853,DRV581,BANGALORE,Whitefield,HSR Layout,02/06/2026 09:57,Cab Premium,0.5,22.4,Very High,7.0,Cloudy,1.77,24.0,42.48,Wallet,completed,4.2
RPD100774,CUST2680,DRV243,hyderabad ,Kukatpally,Kukatpally,30/06/2026 10:08,,3.53,31.4,Medium,16.0,,1.14,57.36,65.39,Cash,Completed,5.0
RPD103722,CUST1381,,Pune,Viman Nagar,Viman Nagar,2026-07-11 21:59:00,Cab Premium,10.01,29.9,Very High,9.0,Heavy Rain,1.88,195.18,366.94,Card,Cancelled by Customer,
RPD102583,CUST1932,DRV172,BANGALORE,HSR Layout,Whitefield,29/06/2026 17:53,Cab Economy,6.06,12.3,Low,21.0,,1.0,87.72,87.72,cash ,COMPLETED,4.1
RPD104840,CUST2325,DRV403,hyderabad ,Kukatpally,Kukatpally,2026-07-05 22:52:00,,0.88,20.4,Very High,20.0,Heavy Rain,1.92,25.56,49.08,Card,completed,4.3
RPD103024,CUST1939,DRV593,mumbai,Bandra,Bandra,2026-06-19 23:48:00,Cab Premium,3.6,23.5,Medium,15.0,Heavy Rain,1.21,79.8,96.56,upi,Completed,4.0
RPD103687,CUST2372,,mumbai,Colaba,Andheri,2026-06-24 03:19:00,auto,2.3,9.1,Low,28.0,Clear,1.08,35.7,38.56,wallet,Cancelled by Customer,
RPD102603,CUST3292,,Mumbai,Powai,Colaba,2026-06-17 01:49:00,bike,8.97,7.7,Low,22.0,Fog,1.0,68.82,68.82,upi,Cancelled by Customer,
RPD101445,CUST1003,DRV407,mumbai,Powai,Andheri,2026-06-14 08:49:00,Cab Premium,2.27,7.6,Very High,7.0,Cloudy,1.99,55.86,111.16,,Ongoing,
RPD102986,CUST3887,DRV470,Bangalore,Whitefield,MG Road,01-Jun-2026 09:43 AM,bike,4.49,17.5,Very High,7.0,Fog,1.89,41.94,79.27,,Completed,
RPD102417,CUST2152,,Bangalore,Electronic City,Indiranagar,2026-07-06 06:28:00,BIKE,5.19,33.0,Medium,17.0,Heavy Rain,1.16,46.14,,upi,Cancelled by Customer,
RPD103621,CUST1853,DRV583,Pune,Camp,Baner,09/06/2026 00:56,BIKE,1.63,23.7,Low,22.0,Cloudy,1.0,24.78,24.78,Wallet,COMPLETED,5.0
RPD102856,CUST3691,DRV278,hyderabad ,Madhapur,Kukatpally,15/07/2026 23:56,Bike,5.98,4.5,Low,10.0,Fog,1.0,50.88,50.88,,Cancelled by Driver,
RPD103124,CUST1040,DRV219,Pune,Camp,Baner,15/07/2026 13:44,Cab Economy,3.79,39.0,Low,19.0,Clear,1.0,60.48,60.48,wallet,COMPLETED,4.8
RPD100173,CUST1475,DRV564,Mumbai,Andheri,Colaba,2026-06-14 04:34:00,bike,1.95,15.7,Low,21.0,Heavy Rain,1.07,26.7,28.57,UPI,Completed,5.0
RPD102001,CUST3155,DRV207,Hyderabad,Gachibowli,Madhapur,23-Jun-2026 02:48 PM,,4.65,35.4,Low,9.0,,1.04,70.8,73.63,Wallet,COMPLETED,4.5
RPD100666,CUST2679,DRV470,mumbai,Powai,Bandra,2026-07-07 09:58:00,Cab Economy,3.03,13.2,Very High,14.0,Rain,1.9,51.36,97.58,upi,COMPLETED,4.6
RPD103449,CUST2136,DRV518,Pune,Baner,Camp,07/07/2026 17:05,BIKE,15.95,14.2,Low,21.0,Clear,1.05,110.7,116.24,UPI,Completed,3.5
RPD100641,CUST3698,DRV638,Hyderabad,Gachibowli,Banjara Hills,2026-07-13 09:59:00,Cab Premium,4.1,10.3,Very High,0.0,Cloudy,1.95,88.8,173.16,Card,Ongoing,
RPD100501,CUST1574,DRV582,Bengaluru,HSR Layout,Koramangala,01/06/2026 08:07,cab economy,10.37,19.0,High,11.0,Cloudy,1.37,139.44,191.03,Card,COMPLETED,4.6
RPD100150,CUST2962,DRV696,Mumbai,Borivali,Andheri,2026-06-27 21:31:00,BIKE,3.23,10.2,Low,21.0,,1.0,34.38,34.38,wallet,Ongoing,
RPD103179,CUST2415,DRV661,hyderabad ,Kukatpally,Madhapur,29-Jun-2026 07:12 PM,auto,9.29,16.3,Very High,0.0,Rain,1.92,98.61,189.33,wallet,COMPLETED,5.0
RPD100079,CUST2438,DRV760,Pune,Camp,Baner,04-Jul-2026 02:25 AM,BIKE,5.23,22.3,Low,3.0,Clear,1.0,46.38,46.38,Cash,Cancelled by Driver,
RPD104616,CUST1560,,hyderabad ,Gachibowli,Hitech City,2026-07-12 10:51:00,Cab Premium,7.34,6.5,Low,5.0,Rain,1.04,147.12,153.0,Wallet,Cancelled by Customer,
RPD103729,CUST2312,DRV219,bangalore,Koramangala,Electronic City,2026-07-06 20:05:00,cab economy,3.8,9.6,Very High,0.0,Fog,2.05,60.6,124.23,Card,Ongoing,
RPD101556,CUST1117,DRV164,Bengaluru,Electronic City,Koramangala,2026-07-15 14:28:00,Cab Economy,0.5,11.2,Medium,27.0,Heavy Rain,1.18,21.0,24.78,wallet,Completed,4.5
RPD103909,CUST3400,DRV331,Pune,Camp,Hinjewadi,01-Jul-2026 12:00 AM,,0.5,4.2,Low,16.0,Fog,1.0,21.0,21.0,Card,Cancelled by Driver,
RPD101821,CUST3982,DRV175,mumbai,Borivali,Andheri,2026-06-12 01:03:00,Bike,2.57,9.8,Medium,16.0,Cloudy,1.13,30.42,34.37,cash ,Completed,4.2
RPD103120,CUST3547,DRV702,hyderabad ,Banjara Hills,Hitech City,01/06/2026 14:08,Auto,4.67,14.5,Low,17.0,Fog,1.0,57.03,57.03,wallet,Completed,
RPD103789,CUST1435,,Bangalore,HSR Layout,Whitefield,13-Jul-2026 08:03 AM,bike,2.88,18.7,Very High,0.0,,1.83,32.28,59.07,upi,Cancelled by Customer,
RPD103229,CUST2720,DRV373,Bangalore,Indiranagar,MG Road,30/06/2026 23:38,bike,0.94,9.3,Medium,21.0,Fog,1.18,20.64,24.36,cash ,completed,3.6
RPD100743,CUST1808,,Bangalore,Indiranagar,Indiranagar,16/06/2026 18:48,Bike,4.4,16.8,Very High,12.0,Heavy Rain,1.91,41.4,79.07,upi,Cancelled by Customer,
RPD102377,CUST3457,DRV260,BANGALORE,MG Road,MG Road,12/07/2026 11:04,bike,2.75,9.9,Medium,23.0,Cloudy,1.18,31.5,37.17,Cash,Ongoing,
RPD101123,CUST3868,DRV503,BANGALORE,Electronic City,Koramangala,2026-06-13 03:26:00,,3.56,17.3,Medium,21.0,Heavy Rain,1.11,57.72,64.07,Cash,Completed,5.0
RPD102712,CUST3240,,Bengaluru,Electronic City,Indiranagar,2026-07-09 18:49:00,Cab Economy,0.92,25.2,Very High,5.0,Clear,1.86,26.04,48.43,,Cancelled by Customer,
RPD102351,CUST3165,DRV541,mumbai,Borivali,Bandra,18-Jun-2026 03:56 AM,bike,7.57,12.0,Low,21.0,Clear,1.0,60.42,60.42,wallet,COMPLETED,3.7
RPD103460,CUST3991,DRV599,Mumbai,Borivali,Colaba,2026-07-16 18:22:00,Cab Economy,6.85,24.1,Very High,14.0,Rain,1.86,97.2,180.79,UPI,Ongoing,
RPD100214,CUST1291,DRV583,mumbai,Bandra,Borivali,20-Jun-2026 01:50 PM,cab economy,6.33,29.0,Low,9.0,Clear,1.06,90.96,96.42,cash ,Ongoing,
RPD102688,CUST1526,DRV235,Hyderabad,Hitech City,Banjara Hills,2026-06-07 01:18:00,Cab Premium,18.08,32.1,Low,20.0,Cloudy,1.0,340.44,340.44,Card,COMPLETED,3.8
RPD104674,CUST3190,,Bengaluru,HSR Layout,Indiranagar,03/06/2026 13:07,cab economy,0.7,3.3,Medium,27.0,,1.13,23.4,26.44,UPI,Cancelled by Customer,
RPD102623,CUST2571,DRV131,Mumbai,Andheri,Bandra,14/06/2026 10:10,Bike,7.11,14.8,Low,25.0,,1.0,57.66,57.66,upi,Ongoing,
RPD102461,CUST1736,DRV203,BANGALORE,MG Road,HSR Layout,2026-07-15 03:16:00,cab economy,0.81,41.4,Very High,21.0,Rain,1.83,24.72,45.24,Card,Cancelled by Driver,
RPD103350,CUST3873,DRV255,Pune,Viman Nagar,Kothrud,06-Jul-2026 07:29 PM,Bike,1.24,3.0,Very High,8.0,Cloudy,1.86,22.44,41.74,Card,Cancelled by Driver,
RPD100195,CUST2069,DRV207,mumbai,Colaba,Dadar,07-Jun-2026 03:50 PM,BIKE,9.37,36.2,Low,15.0,Cloudy,1.0,71.22,71.22,upi,Cancelled by Driver,
RPD104732,CUST3911,DRV505,Bengaluru,Whitefield,Jayanagar,2026-07-04 12:02:00,cab economy,0.87,13.2,Very High,25.0,Heavy Rain,1.95,25.44,Rs. 49.61,wallet,Cancelled by Driver,
RPD101336,CUST1967,DRV472,Bangalore,Indiranagar,HSR Layout,01/07/2026 22:10,auto,6.21,3.9,Very High,20.0,Heavy Rain,1.94,70.89,137.53,wallet,Completed,4.2
RPD102646,CUST1865,DRV725,Hyderabad,Banjara Hills,Banjara Hills,2026-07-14 01:06:00,Bike,9.87,5.8,Low,14.0,Heavy Rain,1.0,74.22,74.22,wallet,completed,5.0
RPD103675,CUST1673,DRV781,BANGALORE,Koramangala,MG Road,13/06/2026 18:34,Bike,6.21,18.6,High,17.0,,1.48,52.26,77.34,cash ,COMPLETED,4.8
RPD102970,CUST1458,DRV749,BANGALORE,MG Road,Whitefield,07/07/2026 12:25,,9.95,32.2,Very High,25.0,Heavy Rain,1.91,134.4,256.7,Wallet,Completed,4.6
RPD100700,CUST2123,DRV740,Bangalore,Electronic City,Whitefield,2026-06-22 03:58:00,auto,2.09,32.7,Low,19.0,Clear,1.0,33.81,33.81,UPI,COMPLETED,4.9
RPD103645,CUST1595,DRV366,Pune,Kothrud,Camp,07/07/2026 08:31,bike,5.83,15.4,Very High,11.0,,1.95,49.98,Rs. 97.46,,Ongoing,
RPD101343,CUST3463,DRV119,BANGALORE,HSR Layout,Electronic City,2026-06-19 05:01:00,Auto,2.39,38.7,Low,18.0,Clear,1.0,36.51,36.51,upi,COMPLETED,4.3
RPD103160,CUST1468,DRV496,BANGALORE,HSR Layout,Koramangala,2026-07-11 12:52:00,cab economy,8.89,16.9,Very High,33.0,Rain,1.89,121.68,229.98,Card,COMPLETED,3.4
RPD104831,CUST1515,DRV223,hyderabad ,Hitech City,Banjara Hills,2026-07-05 06:03:00,Bike,3.09,36.1,Very High,19.0,Heavy Rain,1.87,33.54,Rs. 62.72,upi,Cancelled by Driver,
RPD100962,CUST3034,DRV435,Bengaluru,HSR Layout,Indiranagar,2026-06-09 12:41:00,Bike,0.55,18.8,Low,12.0,,1.0,18.3,18.3,wallet,Ongoing,
RPD101338,CUST2764,DRV436,BANGALORE,MG Road,Indiranagar,27-Jun-2026 01:56 PM,bike,2.44,14.2,Low,13.0,Fog,1.0,29.64,29.64,cash ,Ongoing,
RPD104712,CUST2185,DRV706,Bangalore,Electronic City,Jayanagar,2026-06-11 06:20:00,,1.0,33.8,Medium,24.0,,1.17,27.0,31.59,wallet,completed,4.0
RPD101663,CUST2310,DRV662,Bangalore,Indiranagar,Koramangala,23-Jun-2026 10:46 AM,Auto,0.88,5.5,Low,12.0,Fog,1.02,22.92,Rs. 23.38,Cash,Cancelled by Driver,
RPD100359,CUST3187,,mumbai,Dadar,Andheri,2026-07-11 14:47:00,Auto,1.25,9.5,Low,32.0,Cloudy,1.0,26.25,26.25,,Cancelled by Customer,
RPD101983,CUST2363,DRV127,Bengaluru,HSR Layout,HSR Layout,2026-06-11 19:41:00,,2.46,33.6,Very High,13.0,Fog,1.95,44.52,86.81,cash ,Cancelled by Driver,
RPD103520,CUST2685,DRV693,Bangalore,MG Road,Electronic City,21/06/2026 01:59,bike,5.34,18.1,Low,16.0,Clear,1.0,47.04,47.04,wallet,completed,5.0
RPD102254,CUST3469,DRV130,hyderabad ,Kukatpally,Gachibowli,2026-07-13 02:35:00,bike,12.8,4.1,Medium,22.0,,1.16,91.8,106.49,cash ,Completed,4.7
RPD104497,CUST2520,DRV602,Hyderabad,Madhapur,Banjara Hills,2026-07-06 02:20:00,Bike,9.66,12.8,Low,19.0,Clear,1.01,72.96,73.69,cash ,Completed,4.2
RPD104628,CUST2186,DRV240,Bengaluru,Whitefield,Jayanagar,2026-07-03 21:23:00,BIKE,3.52,22.8,Low,14.0,Fog,1.01,36.12,36.48,UPI,COMPLETED,4.9
RPD101916,CUST3277,DRV318,Bengaluru,MG Road,Indiranagar,11/07/2026 14:12,,2.77,16.9,Low,23.0,Fog,1.0,48.24,48.24,UPI,completed,3.7
RPD102797,CUST3856,DRV759,mumbai,Bandra,Bandra,08-Jul-2026 04:16 AM,,6.74,8.1,Low,27.0,,1.06,95.88,101.63,Wallet,completed,4.3
RPD103686,CUST2558,DRV210,BANGALORE,MG Road,Electronic City,16-Jul-2026 09:29 AM,cab economy,11.07,21.6,High,11.0,Heavy Rain,1.36,147.84,201.06,cash ,Completed,4.4
RPD100832,CUST2718,DRV125,Bengaluru,Electronic City,Indiranagar,2026-06-03 22:22:00,Cab Premium,3.38,23.0,Medium,19.0,Cloudy,1.18,75.84,89.49,Cash,COMPLETED,4.5
RPD102844,CUST1544,DRV146,hyderabad ,Gachibowli,Gachibowli,2026-07-02 17:33:00,auto,3.75,3.0,Low,17.0,Rain,1.01,48.75,49.24,cash ,Ongoing,
RPD104881,CUST1559,DRV407,Bengaluru,Koramangala,MG Road,2026-06-29 00:55:00,Cab Economy,4.64,6.3,Low,20.0,,1.06,70.68,74.92,,Completed,4.7
RPD103434,CUST2559,DRV606,Hyderabad,Banjara Hills,Hitech City,14-Jun-2026 03:26 PM,auto,6.31,7.0,Low,24.0,Fog,1.0,71.79,71.79,upi,Ongoing,
RPD102415,CUST3794,DRV775,Pune,Hinjewadi,Viman Nagar,17-Jun-2026 02:05 PM,auto,2.98,9.1,Medium,14.0,Clear,1.13,41.82,47.26,Cash,Cancelled by Driver,
RPD103416,CUST1901,,mumbai,Borivali,Andheri,2026-06-13 19:40:00,Bike,4.85,11.0,Very High,5.0,Rain,1.91,44.1,84.23,upi,Cancelled by Customer,
RPD101609,CUST3988,DRV725,Mumbai,Dadar,Andheri,2026-07-06 16:12:00,Cab Economy,9.65,5.9,Very High,18.0,Heavy Rain,1.97,130.8,257.68,wallet,Cancelled by Driver,
RPD100403,CUST2764,,Pune,Hinjewadi,Baner,2026-06-29 10:54:00,,9.24,25.5,Low,19.0,,1.02,125.88,128.4,Cash,Cancelled by Customer,
RPD103399,CUST2594,DRV709,Mumbai,Borivali,Powai,2026-06-23 07:37:00,,1.9,22.6,Very High,23.0,Rain,1.92,37.8,72.58,UPI,COMPLETED,4.3
RPD103499,CUST3432,DRV406,Mumbai,Powai,Dadar,2026-06-11 18:13:00,Cab Economy,12.02,4.9,Very High,8.0,Clear,1.95,159.24,310.52,,completed,4.7
RPD101243,CUST2666,DRV309,bangalore,MG Road,Indiranagar,10-Jun-2026 08:34 AM,,5.95,16.8,Very High,7.0,Cloudy,1.96,86.4,169.34,Cash,Ongoing,
RPD104472,CUST3852,DRV415,hyderabad ,Hitech City,Hitech City,2026-06-16 05:03:00,Auto,11.82,17.9,Low,19.0,,1.0,121.38,121.38,cash ,COMPLETED,5.0
RPD103599,CUST2945,DRV627,hyderabad ,Madhapur,Banjara Hills,09-Jul-2026 04:54 PM,Bike,10.33,15.3,Low,20.0,Cloudy,1.07,76.98,82.37,Card,Ongoing,
RPD103883,CUST1672,DRV207,Mumbai,Andheri,Dadar,13-Jun-2026 05:35 PM,Bike,4.12,14.7,Medium,27.0,,1.05,39.72,41.71,upi,completed,5.0
RPD103254,CUST2371,DRV537,hyderabad ,Gachibowli,Banjara Hills,2026-07-08 16:41:00,cab economy,21.68,15.3,Very High,14.0,Rain,1.93,275.16,531.06,Cash,Cancelled by Driver,
RPD101875,CUST3914,DRV170,Bengaluru,Whitefield,HSR Layout,06/07/2026 23:52,Auto,8.66,10.0,Medium,20.0,Cloudy,1.09,92.94,101.3,,Cancelled by Driver,
RPD100771,CUST2257,DRV563,mumbai,Colaba,Powai,05/06/2026 11:27,Auto,8.87,20.4,Low,16.0,Cloudy,1.0,94.83,94.83,wallet,completed,5.0
RPD100434,CUST2230,,hyderabad ,Banjara Hills,Kukatpally,14/07/2026 07:41,,7.57,17.1,Medium,27.0,Clear,1.25,105.84,132.3,Cash,Cancelled by Customer,
RPD102731,CUST2195,DRV290,hyderabad ,Kukatpally,Banjara Hills,2026-06-27 23:53:00,Cab Economy,7.38,19.0,Low,16.0,Fog,1.05,103.56,108.74,Wallet,completed,4.7
RPD100162,CUST1543,DRV355,hyderabad ,Gachibowli,Banjara Hills,16/07/2026 09:18,bike,4.55,7.9,High,0.0,Rain,1.45,42.3,61.33,Cash,COMPLETED,4.7
RPD104234,CUST2191,,mumbai,Dadar,Powai,19-Jun-2026 04:31 PM,bike,3.36,33.0,Low,23.0,,1.0,35.16,35.16,UPI,Cancelled by Customer,
RPD102814,CUST1304,,bangalore,MG Road,Jayanagar,27/06/2026 10:00,BIKE,2.7,24.0,Very High,18.0,Heavy Rain,1.96,31.2,61.15,Cash,Cancelled by Customer,
RPD101733,CUST2328,DRV647,Bengaluru,Indiranagar,Whitefield,2026-06-03 10:58:00,BIKE,1.96,26.6,Very High,14.0,Heavy Rain,1.98,26.76,52.98,,Cancelled by Driver,
RPD103957,CUST3414,DRV641,Hyderabad,Madhapur,Kukatpally,2026-06-24 21:13:00,auto,4.35,6.9,Low,15.0,Heavy Rain,1.0,54.15,54.15,Cash,completed,3.8
RPD103656,CUST1741,DRV541,Mumbai,Borivali,Dadar,07/07/2026 23:39,bike,0.91,30.2,Medium,22.0,,1.16,20.46,23.73,upi,completed,4.6
RPD102747,CUST1018,DRV704,hyderabad ,Hitech City,Hitech City,2026-06-09 14:30:00,bike,6.15,24.2,Very High,19.0,Heavy Rain,1.91,51.9,99.13,upi,Ongoing,
RPD100623,CUST3869,DRV737,Pune,Hinjewadi,Kothrud,2026-07-15 08:31:00,auto,8.13,30.3,Very High,8.0,,1.87,88.17,164.88,,Ongoing,
RPD103820,CUST3886,DRV517,Hyderabad,Gachibowli,Hitech City,05/06/2026 13:16,cab economy,6.67,8.6,Medium,27.0,Clear,1.14,95.04,108.35,cash ,Completed,5.0
RPD104677,CUST1045,DRV612,hyderabad ,Kukatpally,Kukatpally,2026-06-08 08:52:00,Auto,13.41,58.3,High,5.0,Cloudy,1.35,135.69,183.18,,Ongoing,
RPD102873,CUST3350,DRV409,Pune,Camp,Hinjewadi,2026-07-09 02:15:00,Cab Economy,6.99,31.8,Medium,19.0,,1.17,98.88,Rs. 115.69,cash ,Cancelled by Driver,
RPD103882,CUST2808,DRV644,Mumbai,Bandra,Dadar,2026-07-09 13:47:00,Cab Economy,2.3,7.8,Medium,18.0,,1.15,42.6,48.99,wallet,Cancelled by Driver,
RPD104052,CUST3595,DRV727,BANGALORE,Whitefield,Whitefield,2026-06-22 14:56:00,auto,3.59,48.1,Medium,24.0,,1.12,47.31,52.99,UPI,Ongoing,
RPD101500,CUST3242,DRV156,Pune,Baner,Viman Nagar,04/06/2026 11:11,bike,13.43,16.7,Very High,19.0,Rain,1.91,95.58,182.56,wallet,COMPLETED,4.5
RPD104509,CUST1903,DRV620,Bengaluru,MG Road,HSR Layout,17-Jun-2026 10:13 AM,Bike,3.56,25.6,Very High,25.0,Rain,1.93,36.36,70.17,Cash,Completed,4.0
RPD102259,CUST1563,DRV620,Bangalore,MG Road,Koramangala,21/06/2026 03:17,bike,7.11,22.7,Very High,35.0,Rain,1.88,57.66,108.4,Cash,Cancelled by Driver,
RPD102463,CUST2209,,mumbai,Bandra,Borivali,2026-06-01 18:23:00,cab economy,3.31,23.8,Very High,9.0,Cloudy,1.97,54.72,107.8,Cash,Cancelled by Customer,
RPD102159,CUST3111,DRV155,Mumbai,Bandra,Andheri,2026-06-10 09:33:00,cab economy,4.53,13.4,Very High,17.0,Heavy Rain,1.97,69.36,136.64,,completed,5.0
RPD102056,CUST2558,DRV705,Bengaluru,Whitefield,Indiranagar,2026-07-03 22:04:00,BIKE,2.01,3.5,Low,11.0,Cloudy,1.0,27.06,27.06,Wallet,COMPLETED,4.2
RPD101119,CUST2471,DRV230,Bangalore,MG Road,Indiranagar,2026-07-11 23:00:00,auto,5.75,10.5,Medium,18.0,,1.14,66.75,76.09,upi,COMPLETED,4.7
RPD100787,CUST3507,DRV594,hyderabad ,Gachibowli,Banjara Hills,02-Jun-2026 03:14 PM,Auto,8.72,3.0,Low,11.0,Cloudy,1.0,93.48,93.48,,completed,4.6
RPD103684,CUST1181,DRV605,mumbai,Bandra,Andheri,02/07/2026 21:46,auto,5.42,19.2,Medium,14.0,Clear,1.2,63.78,76.54,UPI,COMPLETED,5.0
RPD102321,CUST3411,DRV597,Hyderabad,Gachibowli,Madhapur,2026-06-27 16:47:00,Cab Economy,1.37,23.4,Medium,14.0,,1.14,31.44,35.84,Cash,COMPLETED,5.0
RPD104334,CUST3762,DRV714,BANGALORE,MG Road,Koramangala,06-Jun-2026 09:56 AM,BIKE,2.8,22.6,High,10.0,Rain,1.33,31.8,42.29,wallet,COMPLETED,4.4
RPD100196,CUST1643,,mumbai,Bandra,Dadar,11/06/2026 23:04,cab economy,3.13,11.1,Medium,17.0,,1.16,52.56,60.97,UPI,Cancelled by Customer,
RPD104359,CUST3255,DRV660,Pune,Viman Nagar,Camp,01-Jul-2026 01:12 AM,cab economy,3.8,25.1,Low,20.0,Clear,1.0,60.6,60.6,Card,COMPLETED,5.0
RPD100005,CUST3940,DRV422,Hyderabad,Kukatpally,Banjara Hills,2026-07-11 22:35:00,Bike,2.83,41.9,Medium,19.0,Rain,1.09,31.98,34.86,cash ,Ongoing,
RPD104332,CUST1421,DRV538,bangalore,HSR Layout,Whitefield,04-Jun-2026 04:51 PM,cab economy,4.78,10.9,Low,11.0,Cloudy,1.04,72.36,75.25,Card,Ongoing,
RPD100740,CUST3146,DRV333,Pune,Hinjewadi,Hinjewadi,2026-06-22 07:19:00,bike,4.24,12.2,Low,23.0,,1.0,40.44,40.44,cash ,COMPLETED,4.1
RPD100616,CUST1606,DRV698,Bangalore,Koramangala,Koramangala,2026-06-20 02:16:00,auto,1.63,12.4,Medium,28.0,,1.15,29.67,34.12,wallet,completed,3.4
RPD103605,CUST1162,DRV349,Hyderabad,Gachibowli,Hitech City,2026-07-10 20:40:00,Cab Premium,2.85,18.3,Very High,3.0,Clear,1.88,66.3,124.64,Cash,Cancelled by Driver,
RPD100563,CUST3841,DRV294,bangalore,HSR Layout,Koramangala,01-Jul-2026 01:33 PM,auto,5.96,14.0,Low,18.0,,1.03,68.64,70.7,wallet,Completed,4.0
RPD102640,CUST3276,DRV597,hyderabad ,Banjara Hills,Gachibowli,2026-07-09 21:27:00,,1.26,11.8,Medium,29.0,,1.03,30.12,31.02,upi,Completed,5.0
RPD101287,CUST1305,DRV115,Bengaluru,MG Road,MG Road,15/07/2026 03:39,,0.97,11.4,Very High,9.0,Heavy Rain,1.88,26.64,Rs. 50.08,Wallet,COMPLETED,3.5
RPD104601,CUST3756,DRV146,hyderabad ,Kukatpally,Madhapur,30/06/2026 23:21,cab economy,3.5,14.4,Low,25.0,Clear,1.0,57.0,57.0,,COMPLETED,4.9
RPD103753,CUST1049,DRV317,Mumbai,Dadar,Borivali,2026-06-28 15:24:00,bike,2.07,10.0,Very High,28.0,Rain,1.88,27.42,51.55,Cash,COMPLETED,5.0
RPD104045,CUST3891,DRV543,bangalore,Electronic City,Koramangala,2026-06-04 12:12:00,,9.2,16.2,Low,29.0,Clear,1.0,125.4,125.4,Cash,Cancelled by Driver,
RPD100471,CUST3314,DRV279,Hyderabad,Madhapur,Gachibowli,01/06/2026 06:52,,3.36,14.2,Low,12.0,Cloudy,1.01,55.32,55.87,upi,COMPLETED,5.0
RPD101399,CUST3437,DRV597,Bangalore,Jayanagar,Koramangala,2026-06-16 22:25:00,Cab Premium,10.92,15.3,Low,24.0,Heavy Rain,1.0,211.56,211.56,cash ,Cancelled by Driver,
RPD100084,CUST2605,DRV232,hyderabad ,Kukatpally,Banjara Hills,17/06/2026 23:54,Cab Economy,3.37,13.1,Low,25.0,Clear,1.0,55.44,55.44,upi,COMPLETED,5.0
RPD101967,CUST2803,DRV236,BANGALORE,Jayanagar,MG Road,2026-07-12 17:08:00,,2.82,10.4,Low,16.0,Cloudy,1.0,48.84,48.84,wallet,Cancelled by Driver,
RPD104100,CUST3440,DRV618,Hyderabad,Hitech City,Banjara Hills,04-Jul-2026 08:54 PM,cab economy,6.23,24.9,High,3.0,Fog,1.42,89.76,127.46,cash ,Cancelled by Driver,
RPD104594,CUST3139,DRV469,BANGALORE,Jayanagar,HSR Layout,16/06/2026 05:41,cab economy,2.8,4.3,Medium,24.0,Fog,1.14,48.6,55.4,Cash,COMPLETED,3.9
RPD101228,CUST2431,DRV224,Bangalore,MG Road,MG Road,2026-06-08 03:36:00,,999.0,4.2,Medium,24.0,Rain,1.09,12003.0,13083.27,cash ,Cancelled by Driver,
RPD103175,CUST2338,,hyderabad ,Kukatpally,Banjara Hills,2026-06-25 03:11:00,Bike,6.32,6.7,Low,21.0,Clear,1.0,52.92,52.92,wallet,Cancelled by Customer,
RPD103132,CUST2558,,Hyderabad,Hitech City,Madhapur,12-Jun-2026 03:41 PM,auto,0.87,10.7,Medium,10.0,Fog,1.1,22.83,25.11,Cash,Cancelled by Customer,
RPD103782,CUST1155,DRV429,mumbai,Bandra,Bandra,2026-07-09 04:39:00,,6.79,17.0,Very High,8.0,Heavy Rain,1.89,96.48,182.35,Card,completed,3.1
RPD102926,CUST3598,DRV690,Pune,Baner,Hinjewadi,2026-07-02 18:35:00,,4.09,35.1,High,0.0,Rain,1.38,64.08,88.43,Cash,COMPLETED,4.2
RPD104972,CUST2573,DRV447,Bengaluru,MG Road,Koramangala,2026-06-14 09:09:00,bike,10.46,11.9,Very High,5.0,Fog,1.93,77.76,150.08,UPI,completed,3.3
RPD103915,CUST2039,DRV267,Mumbai,Bandra,Colaba,13/07/2026 10:01,cab economy,5.07,11.1,Low,20.0,Clear,1.0,75.84,75.84,cash ,Cancelled by Driver,
RPD100800,CUST2782,,mumbai,Colaba,Colaba,07/07/2026 22:34,auto,2.42,14.9,Very High,17.0,Heavy Rain,1.88,36.78,69.15,wallet,Cancelled by Customer,
RPD100738,CUST1049,DRV365,Hyderabad,Kukatpally,Banjara Hills,10/06/2026 23:51,Cab Premium,4.96,26.4,Low,20.0,Heavy Rain,1.02,104.28,106.37,Wallet,Ongoing,
RPD102255,CUST3381,DRV627,Pune,Baner,Baner,26/06/2026 07:25,BIKE,4.65,16.5,Low,11.0,Fog,1.0,42.9,42.9,Card,Cancelled by Driver,
RPD101701,CUST3662,DRV517,Mumbai,Borivali,Andheri,14/06/2026 18:00,,6.41,39.3,Very High,0.0,Heavy Rain,1.86,91.92,170.97,upi,COMPLETED,5.0
RPD102479,CUST3463,DRV711,bangalore,Whitefield,MG Road,2026-07-13 10:26:00,BIKE,999.0,15.7,Low,17.0,Clear,1.0,6009.0,6009.0,cash ,Cancelled by Driver,
RPD100420,CUST1919,DRV121,Pune,Viman Nagar,Baner,2026-07-01 23:08:00,auto,9.13,5.8,Very High,17.0,Rain,1.87,97.17,181.71,UPI,Ongoing,
RPD100532,CUST3244,DRV503,BANGALORE,Koramangala,Electronic City,26/06/2026 10:27,Cab Premium,4.39,7.8,Medium,27.0,Clear,1.09,94.02,102.48,upi,completed,4.9
RPD103344,CUST1434,DRV251,hyderabad ,Gachibowli,Madhapur,2026-06-13 02:33:00,Cab Economy,5.85,11.5,Medium,23.0,Heavy Rain,1.16,85.2,98.83,wallet,Ongoing,
RPD104122,CUST3230,DRV451,bangalore,Indiranagar,Indiranagar,2026-06-14 02:19:00,Cab Premium,3.67,16.9,Medium,27.0,Cloudy,1.19,81.06,96.46,,Cancelled by Driver,
RPD100247,CUST2614,DRV650,BANGALORE,MG Road,HSR Layout,2026-07-05 09:40:00,Cab Economy,9.51,5.3,Very High,2.0,Clear,1.92,129.12,247.91,upi,Completed,3.8
RPD100890,CUST3482,DRV143,BANGALORE,Koramangala,HSR Layout,10-Jun-2026 04:15 AM,auto,7.06,16.7,Low,24.0,Cloudy,1.01,78.54,79.33,upi,completed,4.9
RPD104763,CUST1691,DRV248,hyderabad ,Hitech City,Hitech City,2026-06-27 16:16:00,Cab Premium,5.35,14.7,Low,21.0,Clear,1.0,111.3,111.3,upi,COMPLETED,4.8
RPD104288,CUST1573,,Pune,Viman Nagar,Hinjewadi,2026-07-12 13:18:00,auto,11.63,30.1,Very High,30.0,Heavy Rain,1.94,119.67,232.16,Card,Cancelled by Customer,
RPD102514,CUST2370,,BANGALORE,Koramangala,Jayanagar,2026-07-06 19:54:00,auto,12.12,11.1,High,6.0,Clear,1.32,124.08,163.79,Card,Cancelled by Customer,
RPD100733,CUST1652,DRV350,bangalore,Koramangala,Indiranagar,2026-07-07 14:29:00,BIKE,2.15,20.1,Low,20.0,Cloudy,1.0,27.9,27.9,,Cancelled by Driver,
RPD104641,CUST3851,DRV384,Mumbai,Dadar,Dadar,29/06/2026 07:03,,999.0,10.9,Low,18.0,,3.73,12003.0,44771.19,wallet,completed,4.8
RPD100679,CUST2718,DRV557,Mumbai,Bandra,Powai,13-Jul-2026 03:31 PM,cab economy,4.96,8.5,Very High,24.0,Heavy Rain,1.85,74.52,137.86,Wallet,Cancelled by Driver,
RPD102356,CUST3295,DRV352,Pune,Camp,Baner,2026-07-05 16:55:00,auto,1.46,35.7,Medium,16.0,Cloudy,1.15,28.14,32.36,Wallet,Ongoing,
RPD103448,CUST2410,DRV492,BANGALORE,Jayanagar,HSR Layout,2026-07-16 11:19:00,Cab Economy,7.68,16.6,Low,17.0,Cloudy,1.0,107.16,107.16,Cash,Completed,4.2
RPD103095,CUST1674,DRV704,Hyderabad,Kukatpally,Hitech City,16-Jun-2026 10:40 PM,Bike,15.39,3.2,Low,24.0,Fog,1.06,107.34,113.78,,Ongoing,
RPD100454,CUST1879,,bangalore,Whitefield,Electronic City,08-Jul-2026 06:52 AM,Cab Premium,5.13,20.1,Low,13.0,Cloudy,1.02,107.34,109.49,,Cancelled by Customer,
RPD100789,CUST3901,DRV587,Bengaluru,Whitefield,Electronic City,2026-06-23 02:44:00,Auto,4.31,9.0,Medium,11.0,Fog,1.14,53.79,61.32,Wallet,Ongoing,
RPD104668,CUST2125,DRV344,bangalore,HSR Layout,Jayanagar,19-Jun-2026 09:34 PM,BIKE,4.84,33.3,Low,19.0,Clear,1.0,44.04,44.04,Card,completed,4.9
RPD102503,CUST1243,DRV476,hyderabad ,Kukatpally,Madhapur,07-Jun-2026 08:27 AM,bike,7.3,43.1,High,9.0,,1.41,58.8,82.91,wallet,Ongoing,
RPD104819,CUST1601,DRV325,hyderabad ,Kukatpally,Kukatpally,11/07/2026 23:48,Auto,0.96,6.0,Medium,13.0,Clear,5.5,23.64,130.02,Wallet,Completed,4.9
RPD103837,CUST3206,DRV358,Pune,Kothrud,Camp,07/06/2026 10:57,Cab Premium,7.16,9.9,Low,26.0,,1.06,143.88,152.51,Wallet,completed,3.9
RPD102125,CUST1240,DRV583,BANGALORE,MG Road,MG Road,30-Jun-2026 09:58 PM,Bike,2.46,19.6,Low,23.0,Fog,1.0,29.76,29.76,Cash,Ongoing,
RPD101126,CUST3814,DRV732,mumbai,Borivali,Colaba,15/07/2026 10:17,,3.3,16.0,Low,20.0,,1.04,54.6,56.78,upi,Ongoing,
RPD104611,CUST3607,DRV509,hyderabad ,Banjara Hills,Kukatpally,12/07/2026 02:27,Cab Premium,2.45,15.1,Medium,7.0,,1.12,59.1,66.19,upi,completed,3.2
RPD104282,CUST3707,,BANGALORE,MG Road,HSR Layout,2026-07-07 22:35:00,Cab Economy,5.77,24.8,Very High,23.0,Rain,1.88,84.24,Rs. 158.37,Wallet,Cancelled by Customer,
RPD100761,CUST1066,,bangalore,HSR Layout,MG Road,09-Jul-2026 11:47 AM,bike,1.52,11.5,Medium,17.0,Fog,1.02,24.12,24.6,UPI,Cancelled by Customer,
RPD104366,CUST3557,DRV420,BANGALORE,Whitefield,MG Road,2026-06-12 04:38:00,bike,3.87,5.4,Low,22.0,Rain,1.04,38.22,39.75,Cash,completed,4.6
RPD101277,CUST3069,DRV494,bangalore,Jayanagar,MG Road,2026-06-12 07:55:00,,5.04,6.9,Low,17.0,Cloudy,5.86,75.48,442.31,UPI,COMPLETED,5.0
RPD102411,CUST3566,DRV658,hyderabad ,Kukatpally,Gachibowli,2026-06-05 15:52:00,Cab Premium,6.26,8.8,Medium,31.0,Cloudy,1.22,127.68,155.77,Card,Completed,4.0
RPD103966,CUST3841,DRV164,mumbai,Bandra,Andheri,2026-06-23 22:03:00,cab economy,8.08,13.4,Low,18.0,Clear,1.0,111.96,Rs. 111.96,Wallet,COMPLETED,4.6
RPD104424,CUST3788,DRV782,Bangalore,HSR Layout,HSR Layout,21/06/2026 09:29,Cab Economy,1.76,15.3,Very High,0.0,Heavy Rain,1.9,36.12,68.63,upi,Cancelled by Driver,
RPD104249,CUST1780,,Hyderabad,Gachibowli,Gachibowli,2026-06-08 01:51:00,Cab Premium,14.52,19.1,Low,16.0,Clear,1.08,276.36,298.47,Wallet,Cancelled by Customer,
RPD102883,CUST3073,DRV206,Pune,Hinjewadi,Baner,03-Jun-2026 12:02 AM,bike,7.11,4.9,Low,15.0,,1.04,57.66,59.97,UPI,completed,4.2
RPD104080,CUST3156,,Hyderabad,Hitech City,Madhapur,05/06/2026 10:04,cab economy,1.19,40.7,Low,8.0,Cloudy,1.0,29.28,29.28,Cash,Cancelled by Customer,
RPD104250,CUST1572,DRV158,Bengaluru,Indiranagar,Electronic City,2026-06-27 08:05:00,Cab Economy,0.94,3.2,Very High,0.0,Cloudy,1.91,26.28,50.19,cash ,completed,4.9
RPD102119,CUST3470,DRV265,Pune,Viman Nagar,Viman Nagar,07/06/2026 02:10,bike,4.6,5.4,Medium,31.0,Clear,1.2,42.6,51.12,UPI,completed,3.9
RPD104087,CUST2933,DRV379,Bangalore,MG Road,Jayanagar,2026-06-12 09:39:00,Auto,2.26,14.0,High,8.0,Heavy Rain,1.34,35.34,47.36,wallet,completed,4.1
RPD104660,CUST1026,DRV647,hyderabad ,Gachibowli,Gachibowli,07-Jun-2026 05:56 PM,BIKE,2.73,13.3,Medium,22.0,Clear,1.11,31.38,34.83,cash ,completed,3.8
RPD100408,CUST1376,DRV692,Mumbai,Powai,Dadar,13-Jun-2026 03:40 PM,,3.26,14.6,Very High,21.0,Rain,1.92,54.12,103.91,upi,completed,3.9
RPD104562,CUST3578,DRV602,bangalore,Jayanagar,Whitefield,10-Jun-2026 02:45 AM,bike,8.62,23.7,Very High,22.0,Rain,1.9,66.72,126.77,Cash,Ongoing,
RPD101091,CUST1025,DRV593,bangalore,HSR Layout,Electronic City,2026-07-12 16:11:00,bike,4.3,10.8,Low,17.0,Rain,1.0,40.8,40.8,upi,Cancelled by Driver,
RPD100373,CUST3567,DRV575,Bangalore,HSR Layout,MG Road,2026-06-20 05:45:00,cab economy,5.16,3.0,Low,35.0,Cloudy,1.0,76.92,76.92,UPI,Cancelled by Driver,
RPD101383,CUST1370,DRV227,Mumbai,Borivali,Powai,17/06/2026 08:40,,0.85,44.3,High,10.0,Fog,1.42,25.2,35.78,UPI,Ongoing,
RPD101264,CUST2276,,BANGALORE,HSR Layout,Indiranagar,03/06/2026 16:22,Cab Economy,9.66,5.8,Very High,19.0,Rain,1.94,130.92,253.98,Cash,Cancelled by Customer,
RPD104995,CUST2584,DRV787,Hyderabad,Kukatpally,Kukatpally,2026-07-08 20:35:00,BIKE,6.07,29.2,Very High,3.0,Heavy Rain,1.85,51.42,95.13,UPI,Ongoing,
RPD100639,CUST2240,DRV134,mumbai,Borivali,Powai,26-Jun-2026 12:44 PM,BIKE,7.17,8.3,Low,23.0,Clear,1.07,58.02,62.08,,Ongoing,
RPD104298,CUST1044,DRV462,Pune,Camp,Hinjewadi,30/06/2026 08:36,Cab Economy,9.96,25.7,Very High,14.0,,1.88,134.52,252.9,Wallet,Completed,5.0
RPD102028,CUST1519,DRV717,Mumbai,Bandra,Bandra,2026-06-14 17:06:00,,6.06,22.9,Low,24.0,Fog,1.01,87.72,88.6,upi,Completed,3.8
RPD103878,CUST2059,,Hyderabad,Madhapur,Madhapur,2026-07-12 06:13:00,Bike,11.48,23.8,Low,21.0,Fog,1.03,83.88,86.4,Wallet,Cancelled by Customer,
RPD102202,CUST1776,DRV252,BANGALORE,Indiranagar,MG Road,2026-06-14 17:00:00,auto,9.26,38.6,Low,22.0,Cloudy,1.0,98.34,98.34,UPI,completed,3.6
RPD101570,CUST3313,DRV626,Bengaluru,Jayanagar,Electronic City,10/06/2026 05:06,bike,4.96,18.0,Very High,21.0,Heavy Rain,1.9,44.76,85.04,,Completed,5.0
RPD101016,CUST2092,DRV527,Bengaluru,Electronic City,Electronic City,2026-06-10 07:57:00,Auto,4.6,6.6,Low,30.0,Fog,1.13,56.4,63.73,upi,Cancelled by Driver,
RPD102078,CUST2963,DRV483,Pune,Camp,Camp,12/06/2026 21:05,cab economy,2.46,28.8,Medium,24.0,,1.2,44.52,Rs. 53.42,UPI,COMPLETED,
RPD103055,CUST2567,DRV302,BANGALORE,HSR Layout,HSR Layout,2026-06-15 04:48:00,auto,3.54,14.6,Very High,29.0,Rain,1.83,46.86,,Cash,COMPLETED,4.2
RPD102560,CUST2064,DRV206,BANGALORE,Electronic City,Indiranagar,07-Jul-2026 07:03 PM,Cab Premium,3.95,18.3,Very High,10.0,Cloudy,1.92,86.1,165.31,cash ,Completed,4.6
RPD103355,CUST1900,DRV431,Bangalore,Whitefield,Jayanagar,2026-06-26 15:46:00,Cab Economy,13.15,13.9,Very High,10.0,Rain,1.95,172.8,336.96,wallet,Ongoing,
RPD104175,CUST1767,DRV184,mumbai,Borivali,Dadar,2026-06-22 14:53:00,auto,5.34,30.0,Low,20.0,Clear,1.0,63.06,63.06,UPI,completed,4.0
RPD103010,CUST1927,DRV262,Hyderabad,Gachibowli,Gachibowli,24-Jun-2026 05:06 AM,Auto,7.47,33.9,Low,19.0,,1.0,82.23,82.23,upi,completed,4.3
RPD100449,CUST2211,DRV529,bangalore,Whitefield,Whitefield,2026-06-26 05:27:00,BIKE,9.09,13.8,Low,19.0,Fog,1.06,69.54,73.71,wallet,COMPLETED,3.3
RPD104576,CUST3282,DRV778,Mumbai,Borivali,Bandra,2026-07-10 05:11:00,bike,0.88,24.5,Low,20.0,Clear,1.02,20.28,20.69,Card,Ongoing,
RPD104444,CUST3007,,bangalore,HSR Layout,Indiranagar,08-Jul-2026 10:32 AM,cab economy,7.87,20.7,Medium,25.0,Cloudy,1.12,109.44,122.57,Card,Cancelled by Customer,
RPD103188,CUST3835,DRV408,Pune,Viman Nagar,Baner,17-Jun-2026 02:12 AM,Cab Economy,2.79,8.7,Medium,28.0,Clear,1.14,48.48,55.27,Cash,Ongoing,
RPD104551,CUST2162,DRV622,hyderabad ,Banjara Hills,Madhapur,15/07/2026 23:47,cab economy,4.39,12.4,Low,21.0,Cloudy,1.0,67.68,67.68,wallet,completed,3.8
RPD100276,CUST2951,DRV744,Hyderabad,Gachibowli,Madhapur,05-Jul-2026 11:20 PM,Bike,5.71,15.0,Medium,18.0,Cloudy,1.23,49.26,60.59,upi,Cancelled by Driver,
RPD102092,CUST3966,DRV328,hyderabad ,Kukatpally,Gachibowli,2026-06-03 08:23:00,,0.5,29.9,Very High,3.0,Cloudy,1.88,21.0,39.48,Card,COMPLETED,4.6
RPD102281,CUST3387,DRV328,Pune,Viman Nagar,Baner,2026-07-02 01:41:00,,3.61,22.5,Medium,32.0,Clear,1.17,58.32,68.23,Card,completed,4.1
RPD102901,CUST2234,,bangalore,Whitefield,HSR Layout,2026-07-05 14:08:00,bike,2.1,26.2,Medium,30.0,Heavy Rain,1.18,27.6,32.57,Cash,Cancelled by Customer,
RPD104220,CUST3494,DRV527,mumbai,Andheri,Bandra,12-Jul-2026 02:26 AM,,2.02,33.0,Low,24.0,Clear,1.0,39.24,39.24,UPI,COMPLETED,
RPD103725,CUST3848,DRV181,Hyderabad,Madhapur,Kukatpally,15/07/2026 03:44,cab economy,7.31,21.7,Low,24.0,Fog,1.06,102.72,108.88,cash ,Ongoing,
RPD100595,CUST2845,DRV228,mumbai,Borivali,Borivali,21-Jun-2026 12:09 AM,Cab Economy,7.6,11.5,Medium,20.0,Clear,1.1,106.2,116.82,,COMPLETED,
RPD104360,CUST3571,DRV498,BANGALORE,Jayanagar,Indiranagar,2026-07-13 11:39:00,Cab Premium,4.18,6.9,Medium,27.0,Fog,1.11,90.24,100.17,cash ,Completed,4.9
RPD104536,CUST3485,DRV332,Bengaluru,Koramangala,MG Road,14-Jul-2026 07:12 PM,bike,4.39,17.4,High,2.0,Clear,1.4,41.34,57.88,wallet,completed,4.4
RPD102022,CUST1834,DRV627,Mumbai,Dadar,Colaba,02-Jul-2026 04:11 AM,cab economy,3.34,23.8,Medium,20.0,,1.16,55.08,63.89,wallet,COMPLETED,3.9
RPD102676,CUST3117,,Bengaluru,Jayanagar,Electronic City,2026-06-25 01:18:00,Cab Economy,999.0,24.9,Low,18.0,Cloudy,1.04,12003.0,12483.12,Cash,Cancelled by Customer,
RPD100677,CUST1539,DRV303,Bengaluru,Jayanagar,Electronic City,13-Jul-2026 08:02 PM,Cab Premium,4.7,7.6,Very High,16.0,Rain,1.89,99.6,188.24,upi,COMPLETED,4.2
RPD101059,CUST3687,DRV766,Pune,Viman Nagar,Kothrud,2026-06-27 22:41:00,Cab Economy,6.69,28.2,Low,19.0,Fog,1.0,95.28,95.28,Card,Ongoing,
RPD100139,CUST2094,DRV506,Bangalore,Electronic City,Jayanagar,15-Jul-2026 09:27 PM,bike,13.1,7.2,Low,13.0,Fog,1.0,93.6,93.6,upi,Cancelled by Driver,
RPD101196,CUST3576,DRV479,mumbai,Bandra,Dadar,2026-07-09 23:54:00,Bike,2.72,3.2,Low,15.0,Cloudy,1.08,31.32,33.83,Cash,COMPLETED,
RPD104682,CUST2291,DRV147,Mumbai,Dadar,Borivali,28/06/2026 19:01,BIKE,0.76,10.6,Very High,11.0,Cloudy,1.91,19.56,37.36,Cash,Cancelled by Driver,
RPD103300,CUST2366,DRV611,hyderabad ,Kukatpally,Madhapur,08/07/2026 05:51,BIKE,6.11,11.9,Low,21.0,,1.01,51.66,52.18,wallet,Cancelled by Driver,
RPD101603,CUST3388,DRV779,Pune,Hinjewadi,Hinjewadi,2026-06-02 20:12:00,BIKE,1.42,20.4,High,2.0,Clear,1.35,23.52,31.75,wallet,COMPLETED,4.4
RPD102398,CUST3136,,hyderabad ,Madhapur,Banjara Hills,01/06/2026 15:21,Bike,7.58,22.1,Very High,17.0,Heavy Rain,1.86,60.48,112.49,cash ,Cancelled by Customer,
RPD101105,CUST2228,DRV741,Mumbai,Borivali,Andheri,14/06/2026 22:57,Bike,-7.41,7.8,Very High,22.0,Rain,1.94,15.6,30.26,upi,Completed,4.6
RPD102212,CUST2906,DRV671,Hyderabad,Banjara Hills,Hitech City,2026-06-17 11:41:00,cab economy,10.08,18.5,Medium,22.0,Fog,1.22,135.96,165.87,Cash,Cancelled by Driver,
RPD100475,CUST3128,DRV342,bangalore,Koramangala,HSR Layout,28-Jun-2026 12:37 AM,Auto,3.59,7.2,Low,20.0,Clear,1.03,47.31,48.73,upi,Cancelled by Driver,
RPD100961,CUST1813,DRV346,bangalore,HSR Layout,MG Road,2026-06-15 04:51:00,,11.5,11.6,Medium,20.0,Cloudy,1.11,153.0,169.83,upi,Ongoing,
RPD104851,CUST1397,DRV788,Pune,Viman Nagar,Hinjewadi,2026-07-12 05:44:00,Bike,8.64,34.9,Low,27.0,,1.08,66.84,72.19,Cash,Cancelled by Driver,
RPD100742,CUST1260,DRV235,Bengaluru,Whitefield,Jayanagar,12/06/2026 22:59,cab economy,2.67,25.3,Very High,26.0,Rain,1.93,47.04,90.79,Card,completed,4.6
RPD101484,CUST1149,DRV279,Mumbai,Andheri,Colaba,22-Jun-2026 04:50 AM,auto,1.11,26.4,Very High,20.0,Heavy Rain,1.96,24.99,48.98,upi,COMPLETED,4.4
RPD102282,CUST3213,DRV691,Pune,Viman Nagar,Hinjewadi,12/06/2026 15:20,auto,1.17,11.9,Medium,24.0,,1.14,25.53,29.1,Cash,completed,3.6
RPD101699,CUST1209,DRV595,mumbai,Dadar,Andheri,2026-06-22 09:10:00,Cab Economy,2.55,6.6,Very High,0.0,Fog,1.98,45.6,90.29,,Completed,4.8
RPD101058,CUST3274,DRV504,Hyderabad,Banjara Hills,Gachibowli,15/07/2026 12:56,bike,6.67,15.2,Low,20.0,Cloudy,1.0,55.02,55.02,cash ,Ongoing,
RPD103214,CUST3935,DRV361,Hyderabad,Madhapur,Kukatpally,06-Jun-2026 05:04 PM,Auto,4.24,15.6,Very High,18.0,Heavy Rain,1.85,53.16,98.35,,Completed,
RPD104713,CUST1209,DRV491,Bengaluru,MG Road,Electronic City,27/06/2026 15:26,bike,1.21,19.8,Low,15.0,,1.04,22.26,23.15,Cash,Completed,4.1
RPD103666,CUST3836,DRV190,bangalore,Jayanagar,HSR Layout,10/06/2026 03:38,auto,8.46,16.0,Low,16.0,Cloudy,1.0,91.14,91.14,Wallet,Ongoing,
RPD104841,CUST2914,DRV282,mumbai,Bandra,Powai,02-Jun-2026 11:17 AM,Auto,3.44,40.2,Medium,17.0,Clear,1.12,45.96,51.48,cash ,Cancelled by Driver,
RPD101282,CUST2029,,bangalore,HSR Layout,Koramangala,28/06/2026 00:35,BIKE,1.47,26.0,Low,25.0,Rain,1.0,23.82,23.82,,Cancelled by Customer,
RPD100208,CUST3651,DRV330,BANGALORE,Jayanagar,HSR Layout,2026-07-08 17:22:00,bike,9.97,11.6,Very High,23.0,Heavy Rain,1.87,74.82,139.91,cash ,completed,5.0
RPD100918,CUST2905,DRV623,bangalore,Indiranagar,Jayanagar,2026-06-08 00:15:00,auto,2.63,10.9,Very High,24.0,Rain,1.93,38.67,74.63,upi,Ongoing,
RPD102559,CUST2728,DRV511,bangalore,Electronic City,Electronic City,15/07/2026 15:32,BIKE,8.15,9.1,Low,22.0,Heavy Rain,1.07,63.9,68.37,,Ongoing,
RPD100583,CUST3313,DRV145,mumbai,Andheri,Bandra,2026-06-19 05:34:00,auto,999.0,20.0,Very High,16.0,Rain,1.88,9006.0,16931.28,,Ongoing,
RPD100893,CUST1838,DRV574,Pune,Kothrud,Baner,08/07/2026 23:08,Bike,3.02,5.2,Low,19.0,Rain,1.01,33.12,33.45,Cash,Cancelled by Driver,
RPD100767,CUST2026,DRV289,Hyderabad,Kukatpally,Madhapur,13/06/2026 04:14,bike,0.6,9.8,Medium,15.0,,1.11,18.6,20.65,Card,Completed,5.0
RPD103426,CUST3110,DRV190,bangalore,Jayanagar,Electronic City,2026-06-11 23:26:00,,3.61,10.7,Low,24.0,Cloudy,1.04,58.32,60.65,cash ,completed,4.8
RPD101808,CUST1554,,Mumbai,Powai,Dadar,2026-07-14 20:42:00,Bike,5.38,12.4,Very High,7.0,Cloudy,1.93,47.28,91.25,wallet,Cancelled by Customer,
RPD103622,CUST2450,DRV717,Pune,Kothrud,Kothrud,2026-06-21 09:55:00,Bike,8.13,8.7,Very High,8.0,Heavy Rain,1.92,63.78,122.46,Wallet,Ongoing,
RPD102962,CUST3710,,Pune,Viman Nagar,Hinjewadi,07/07/2026 01:13,,0.73,7.9,Very High,20.0,Rain,1.91,23.76,45.38,Card,Cancelled by Customer,
RPD101183,CUST1894,,BANGALORE,Jayanagar,Electronic City,2026-06-09 00:41:00,auto,1.12,11.6,Medium,23.0,Clear,1.23,25.08,30.85,UPI,Cancelled by Customer,
RPD104091,CUST2218,DRV134,Pune,Camp,Kothrud,15/06/2026 07:42,auto,5.15,22.7,Medium,18.0,Cloudy,4.79,61.35,293.87,,COMPLETED,3.4
RPD102918,CUST2373,DRV145,bangalore,Koramangala,Jayanagar,2026-06-14 01:41:00,Auto,7.23,11.5,Low,11.0,Fog,1.03,80.07,82.47,Card,completed,5.0
RPD103775,CUST2270,DRV795,Mumbai,Colaba,Bandra,30/06/2026 15:07,bike,3.73,14.4,Medium,22.0,Fog,1.12,37.38,41.87,,completed,4.2
RPD103900,CUST1014,DRV506,mumbai,Colaba,Dadar,14/06/2026 17:44,auto,9.09,9.5,Very High,25.0,Heavy Rain,1.97,96.81,190.72,cash ,COMPLETED,4.1
RPD102706,CUST2533,DRV648,Bengaluru,Jayanagar,Electronic City,19-Jun-2026 10:29 PM,auto,2.32,23.9,Medium,20.0,Clear,1.15,35.88,41.26,Cash,COMPLETED,4.4
RPD103178,CUST3578,DRV658,Bengaluru,Koramangala,Koramangala,2026-06-22 11:28:00,Bike,5.83,10.6,Medium,18.0,,1.12,49.98,55.98,Wallet,Completed,4.7
RPD103922,CUST1122,DRV434,bangalore,Electronic City,Whitefield,06/06/2026 12:20,cab economy,7.06,11.3,Medium,11.0,Fog,1.15,99.72,114.68,wallet,COMPLETED,4.3
RPD100189,CUST1115,DRV460,hyderabad ,Hitech City,Gachibowli,07-Jul-2026 12:22 PM,Auto,6.1,3.9,Low,25.0,Fog,1.0,69.9,69.9,Cash,Ongoing,
RPD104739,CUST3815,DRV239,hyderabad ,Hitech City,Kukatpally,2026-06-10 22:25:00,BIKE,3.76,42.9,Very High,25.0,Heavy Rain,1.89,37.56,70.99,UPI,Ongoing,
RPD101846,CUST3162,DRV393,Bangalore,MG Road,Whitefield,09/07/2026 13:11,Auto,6.09,14.3,Very High,13.0,Heavy Rain,1.94,69.81,135.43,Card,Cancelled by Driver,
RPD100388,CUST2968,DRV679,Hyderabad,Hitech City,Banjara Hills,27-Jun-2026 05:31 AM,auto,2.81,18.7,Low,18.0,Cloudy,1.02,40.29,41.1,wallet,Ongoing,
RPD102545,CUST1016,,Bangalore,Indiranagar,Indiranagar,01-Jun-2026 08:09 AM,,2.19,43.4,Very High,11.0,Fog,1.84,41.28,75.96,Cash,Cancelled by Customer,
RPD102868,CUST2075,DRV317,BANGALORE,MG Road,Koramangala,2026-06-25 22:50:00,auto,2.78,14.9,Low,19.0,Rain,1.07,40.02,42.82,Wallet,completed,4.9
RPD101783,CUST3432,DRV791,bangalore,Koramangala,Whitefield,2026-06-15 07:02:00,Bike,2.97,28.3,Very High,17.0,Heavy Rain,1.96,32.82,64.33,UPI,Cancelled by Driver,
RPD101599,CUST2263,DRV114,BANGALORE,MG Road,Jayanagar,18/06/2026 03:44,Auto,1.89,22.1,Medium,17.0,Clear,1.11,32.01,35.53,upi,completed,4.5
RPD104939,CUST3142,DRV142,bangalore,Jayanagar,Koramangala,2026-07-15 08:54:00,Bike,7.27,3.9,Very High,12.0,Clear,1.9,58.62,111.38,,completed,3.8
RPD101641,CUST1342,DRV748,Bangalore,Koramangala,Jayanagar,15/07/2026 23:33,bike,7.04,7.3,Medium,25.0,Cloudy,1.21,57.24,69.26,,completed,5.0
RPD101223,CUST1563,DRV406,hyderabad ,Gachibowli,Madhapur,2026-06-08 18:03:00,cab economy,4.09,8.0,High,8.0,,1.41,64.08,90.35,cash ,COMPLETED,5.0
RPD103216,CUST1374,DRV704,Bengaluru,Koramangala,Whitefield,19/06/2026 09:24,BIKE,4.96,20.3,Very High,0.0,Heavy Rain,1.89,44.76,84.6,,Completed,4.6
RPD100747,CUST1703,,Bengaluru,Indiranagar,Whitefield,03-Jul-2026 09:20 AM,Auto,7.53,20.7,Very High,8.0,Fog,1.97,82.77,163.06,Cash,Cancelled by Customer,
RPD101024,CUST1557,DRV451,Hyderabad,Gachibowli,Hitech City,08/06/2026 19:49,Cab Premium,4.54,16.5,Very High,16.0,Clear,1.97,96.72,190.54,,COMPLETED,
RPD102433,CUST2048,DRV138,bangalore,Indiranagar,Indiranagar,2026-06-30 07:34:00,Auto,6.94,25.6,Very High,12.0,Rain,1.9,77.46,147.17,upi,Cancelled by Driver,
RPD104303,CUST1032,DRV685,Bengaluru,HSR Layout,Electronic City,2026-07-14 17:30:00,bike,11.83,9.3,Very High,18.0,Heavy Rain,1.88,85.98,161.64,Wallet,Ongoing,
RPD102800,CUST2784,DRV717,Bangalore,Electronic City,MG Road,12-Jun-2026 11:51 AM,Auto,7.58,10.9,Low,18.0,Clear,3.51,83.22,292.1,Card,Ongoing,
RPD102544,CUST1934,,mumbai,Andheri,Colaba,08-Jul-2026 10:06 AM,bike,1.79,44.1,Medium,24.0,Fog,1.1,25.74,28.31,cash ,Cancelled by Customer,
RPD103701,CUST1106,DRV134,bangalore,MG Road,Indiranagar,2026-07-14 02:45:00,Bike,4.33,9.4,Very High,7.0,Rain,1.92,40.98,78.68,,Ongoing,
RPD103862,CUST3201,DRV416,mumbai,Dadar,Andheri,2026-06-12 05:09:00,bike,3.1,10.1,Low,20.0,Rain,1.0,33.6,33.6,UPI,Completed,4.1
RPD103914,CUST2190,,Pune,Baner,Camp,2026-06-09 19:13:00,cab economy,7.31,11.8,Very High,1.0,Clear,1.88,102.72,193.11,wallet,Cancelled by Customer,
RPD102225,CUST3622,DRV152,Hyderabad,Banjara Hills,Madhapur,23/06/2026 23:58,Cab Economy,5.93,8.1,Medium,21.0,,1.16,86.16,99.95,upi,Ongoing,
RPD102273,CUST3253,,Pune,Kothrud,Camp,07-Jul-2026 10:57 AM,auto,2.09,25.1,Medium,16.0,Clear,1.21,33.81,40.91,cash ,Cancelled by Customer,
RPD104741,CUST1675,DRV283,Pune,Baner,Kothrud,07-Jul-2026 07:48 AM,auto,1.39,32.5,Low,19.0,Clear,1.12,27.51,30.81,Wallet,COMPLETED,
RPD101004,CUST1499,DRV705,Bangalore,Koramangala,Electronic City,18-Jun-2026 04:44 AM,bike,3.42,11.2,Medium,10.0,Clear,1.11,35.52,39.43,,Ongoing,
RPD100055,CUST2556,DRV424,hyderabad ,Kukatpally,Hitech City,10/06/2026 13:55,auto,4.9,26.2,Low,19.0,Heavy Rain,1.05,59.1,62.06,,COMPLETED,3.6
RPD102520,CUST1562,DRV739,Hyderabad,Hitech City,Madhapur,11/06/2026 12:31,Bike,8.45,18.9,Very High,18.0,Heavy Rain,1.91,65.7,125.49,Card,Cancelled by Driver,
RPD104589,CUST3636,DRV165,BANGALORE,HSR Layout,MG Road,2026-07-10 16:23:00,Cab Premium,6.31,7.2,Medium,16.0,Clear,1.13,128.58,145.3,,COMPLETED,4.9
RPD103438,CUST1608,,Mumbai,Borivali,Colaba,2026-06-24 10:40:00,Cab Economy,3.57,15.9,Medium,19.0,Fog,1.16,57.84,67.09,cash ,Cancelled by Customer,
RPD103252,CUST2363,DRV468,Bengaluru,MG Road,Koramangala,2026-07-03 01:03:00,Bike,2.24,5.9,Low,21.0,Clear,1.0,28.44,28.44,,COMPLETED,5.0
RPD100617,CUST1843,DRV179,Hyderabad,Hitech City,Madhapur,2026-07-04 07:36:00,cab economy,2.32,26.4,Very High,15.0,Rain,1.75,42.84,74.97,upi,completed,4.9
RPD102980,CUST1751,DRV616,Hyderabad,Madhapur,Banjara Hills,2026-06-03 23:34:00,Cab Premium,2.89,9.5,Medium,18.0,Clear,1.17,67.02,78.41,Wallet,COMPLETED,3.3
RPD101269,CUST3286,DRV531,Pune,Hinjewadi,Hinjewadi,2026-07-10 02:21:00,Auto,3.03,18.5,Low,19.0,,1.0,42.27,42.27,upi,Cancelled by Driver,
RPD104744,CUST2243,DRV305,mumbai,Powai,Dadar,2026-06-13 20:51:00,bike,3.43,8.0,High,7.0,Fog,1.42,35.58,50.52,Card,completed,5.0
RPD103015,CUST1319,DRV151,Hyderabad,Madhapur,Gachibowli,07-Jul-2026 11:01 PM,BIKE,5.38,18.3,Very High,13.0,Heavy Rain,1.9,47.28,89.83,Cash,Ongoing,
RPD101345,CUST2543,DRV756,Bengaluru,Electronic City,Electronic City,2026-06-18 21:50:00,bike,6.78,8.5,Low,25.0,Cloudy,1.07,55.68,59.58,Card,Completed,5.0
RPD103066,CUST1578,DRV662,Pune,Kothrud,Baner,14-Jun-2026 07:27 PM,bike,2.65,23.9,Very High,3.0,Cloudy,1.88,30.9,58.09,wallet,Ongoing,
RPD100975,CUST3663,DRV349,bangalore,HSR Layout,Jayanagar,2026-06-27 00:41:00,Auto,1.66,15.1,Medium,20.0,Fog,1.16,29.94,34.73,Cash,Cancelled by Driver,
RPD101926,CUST1957,DRV652,hyderabad ,Hitech City,Hitech City,2026-06-19 11:48:00,Cab Premium,7.18,21.5,Low,23.0,Fog,1.04,144.24,150.01,,completed,5.0
RPD103033,CUST3949,DRV327,Pune,Viman Nagar,Hinjewadi,10/07/2026 15:10,bike,4.31,41.7,Low,17.0,,1.03,40.86,42.09,Cash,Completed,3.7
RPD100329,CUST1885,DRV637,Pune,Kothrud,Camp,08-Jun-2026 09:45 AM,bike,6.93,16.1,Very High,15.0,Cloudy,1.85,56.58,104.67,Card,Cancelled by Driver,
RPD100906,CUST3723,DRV266,Mumbai,Bandra,Andheri,2026-06-30 19:54:00,bike,11.43,7.1,High,20.0,Cloudy,1.31,83.58,109.49,,Cancelled by Driver,
RPD100211,CUST1984,DRV158,Mumbai,Borivali,Andheri,01-Jul-2026 02:21 AM,auto,3.48,13.9,Low,21.0,,1.01,46.32,46.78,wallet,completed,5.0
RPD103580,CUST1415,DRV269,Bangalore,Indiranagar,Indiranagar,01-Jun-2026 12:41 AM,BIKE,4.27,31.8,Very High,17.0,Rain,1.93,40.62,78.4,Card,Completed,3.5
RPD101691,CUST1949,DRV303,Bangalore,Indiranagar,Indiranagar,08/06/2026 13:36,,9.0,16.5,Low,19.0,Cloudy,1.01,123.0,124.23,Wallet,Ongoing,
RPD102718,CUST3347,DRV325,bangalore,MG Road,HSR Layout,10-Jul-2026 08:16 PM,Cab Premium,7.58,16.0,Very High,16.0,Cloudy,1.86,151.44,281.68,Wallet,Completed,4.3
RPD102509,CUST1418,,mumbai,Bandra,Borivali,2026-06-19 03:47:00,Bike,2.61,32.8,Very High,17.0,Rain,2.01,30.66,61.63,upi,Cancelled by Customer,
RPD104223,CUST2602,DRV336,hyderabad ,Gachibowli,Madhapur,27/06/2026 00:45,,5.33,30.8,Medium,19.0,Cloudy,1.2,78.96,94.75,Card,completed,5.0
RPD103343,CUST2112,DRV462,Hyderabad,Madhapur,Kukatpally,24-Jun-2026 03:01 AM,Bike,1.45,28.4,Medium,10.0,Fog,1.09,23.7,25.83,Wallet,Ongoing,
RPD100758,CUST1283,DRV435,mumbai,Borivali,Colaba,2026-06-10 06:49:00,,1.07,8.8,Low,18.0,Fog,1.0,27.84,27.84,Wallet,Cancelled by Driver,
RPD104072,CUST2208,DRV792,hyderabad ,Kukatpally,Madhapur,2026-07-04 03:56:00,bike,3.44,7.5,Medium,19.0,Fog,1.13,35.64,40.27,Card,Completed,4.2
RPD101872,CUST1526,DRV218,hyderabad ,Banjara Hills,Kukatpally,05/06/2026 06:13,BIKE,8.27,4.0,Low,17.0,Cloudy,1.05,64.62,67.85,upi,completed,4.5
RPD102135,CUST1730,DRV542,hyderabad ,Hitech City,Banjara Hills,2026-06-29 00:18:00,Cab Economy,4.75,5.3,Low,22.0,Clear,1.04,72.0,74.88,Cash,Ongoing,
RPD102987,CUST1367,DRV626,mumbai,Colaba,Bandra,2026-06-17 21:18:00,Bike,0.96,16.8,Low,33.0,,1.0,20.76,Rs. 20.76,Cash,Cancelled by Driver,
RPD104304,CUST1885,DRV284,Bengaluru,Koramangala,HSR Layout,2026-06-20 14:03:00,,2.99,3.1,Medium,22.0,Cloudy,1.13,50.88,57.49,Card,COMPLETED,4.8
RPD102763,CUST1387,DRV790,Mumbai,Colaba,Dadar,2026-07-02 09:29:00,,0.67,31.6,Very High,12.0,Rain,1.9,23.04,43.78,UPI,Ongoing,
RPD103209,CUST1861,DRV639,Mumbai,Andheri,Andheri,16-Jun-2026 03:26 PM,Cab Economy,7.23,16.0,Low,16.0,Fog,1.0,101.76,101.76,Wallet,Ongoing,
RPD103152,CUST3120,,bangalore,Jayanagar,Whitefield,2026-06-25 19:06:00,auto,0.72,7.0,Very High,6.0,Clear,1.93,21.48,41.46,Card,Cancelled by Customer,
RPD103167,CUST1621,DRV361,BANGALORE,Koramangala,Whitefield,05/06/2026 15:12,Bike,5.61,21.6,Low,18.0,Cloudy,1.0,48.66,48.66,,COMPLETED,5.0
RPD104726,CUST2876,DRV503,Mumbai,Borivali,Bandra,2026-06-08 08:11:00,,6.63,22.8,Very High,4.0,Rain,1.9,94.56,179.66,Cash,Cancelled by Driver,
RPD103351,CUST1536,DRV384,Mumbai,Bandra,Andheri,16-Jun-2026 03:53 AM,cab economy,3.26,34.0,Low,9.0,Clear,1.01,54.12,54.66,Wallet,Completed,4.4
RPD102917,CUST3113,DRV158,Pune,Baner,Viman Nagar,2026-06-11 17:46:00,cab economy,4.57,16.6,Medium,13.0,,1.14,69.84,79.62,upi,Ongoing,
RPD102762,CUST2937,DRV596,Hyderabad,Hitech City,Hitech City,09/06/2026 11:07,cab economy,6.45,17.7,Very High,29.0,Rain,1.97,92.4,182.03,Cash,Cancelled by Driver,
RPD102840,CUST3254,DRV508,hyderabad ,Gachibowli,Madhapur,2026-06-14 17:52:00,auto,5.42,15.7,Low,8.0,,1.02,63.78,65.06,cash ,Ongoing,
RPD104699,CUST2897,DRV786,bangalore,Electronic City,Jayanagar,07/06/2026 13:08,Auto,8.84,9.6,Low,17.0,Cloudy,1.01,94.56,95.51,cash ,Completed,5.0
RPD104533,CUST1557,DRV423,mumbai,Powai,Andheri,2026-07-08 15:50:00,Cab Economy,3.93,29.9,Very High,25.0,Heavy Rain,1.83,62.16,113.75,Card,Ongoing,
RPD101725,CUST3597,DRV167,Hyderabad,Gachibowli,Hitech City,2026-07-16 03:48:00,bike,3.4,14.2,Very High,13.0,Heavy Rain,1.92,35.4,67.97,Card,Completed,4.8
RPD103169,CUST2689,DRV230,mumbai,Andheri,Bandra,07/06/2026 13:38,Cab Economy,3.67,12.1,Very High,25.0,Heavy Rain,1.9,59.04,112.18,upi,completed,4.7
RPD103788,CUST1083,DRV718,hyderabad ,Madhapur,Gachibowli,04-Jul-2026 02:01 PM,auto,12.66,23.3,Low,20.0,,1.0,128.94,128.94,,Completed,4.4
RPD101033,CUST2735,DRV628,bangalore,Koramangala,Electronic City,04-Jun-2026 03:51 AM,Cab Premium,11.57,23.5,Medium,7.0,Fog,1.08,223.26,241.12,UPI,Completed,5.0
RPD100562,CUST2422,DRV474,hyderabad ,Madhapur,Banjara Hills,20-Jun-2026 11:30 PM,Bike,2.4,11.0,Very High,18.0,Rain,1.9,29.4,55.86,,Ongoing,
RPD101460,CUST1602,DRV403,hyderabad ,Gachibowli,Banjara Hills,2026-06-18 06:42:00,Cab Premium,3.62,14.1,Medium,25.0,Rain,1.13,80.16,90.58,,Ongoing,
RPD101593,CUST1433,DRV548,Pune,Kothrud,Camp,08-Jul-2026 05:48 PM,Auto,5.27,6.5,Low,18.0,Fog,1.03,62.43,64.3,Card,Cancelled by Driver,
RPD101236,CUST3700,DRV721,Mumbai,Dadar,Andheri,04/07/2026 18:14,Cab Premium,3.4,6.0,High,12.0,Fog,1.43,76.2,108.97,UPI,COMPLETED,5.0
RPD102471,CUST1679,DRV448,hyderabad ,Hitech City,Madhapur,12/06/2026 18:41,BIKE,3.26,20.4,Very High,0.0,,1.8,34.56,62.21,,Ongoing,
RPD102778,CUST1304,DRV145,mumbai,Andheri,Powai,09-Jul-2026 04:32 AM,Bike,6.23,46.4,Very High,21.0,Rain,1.93,52.38,101.09,wallet,completed,5.0
RPD102912,CUST4000,DRV101,Hyderabad,Gachibowli,Banjara Hills,2026-06-03 01:36:00,Cab Economy,4.94,17.2,Low,21.0,Cloudy,1.0,74.28,74.28,wallet,completed,3.4
RPD101524,CUST1018,DRV657,Pune,Baner,Camp,2026-07-06 20:14:00,Bike,4.57,8.0,Very High,2.0,Rain,1.96,42.42,83.14,,Completed,4.5
RPD101611,CUST2606,DRV591,bangalore,Jayanagar,Whitefield,2026-07-10 14:58:00,,3.62,10.9,Medium,12.0,Heavy Rain,1.23,58.44,71.88,Wallet,Cancelled by Driver,
RPD100188,CUST3690,DRV346,Pune,Viman Nagar,Kothrud,2026-06-02 10:38:00,Bike,4.73,18.3,Medium,19.0,Cloudy,1.11,43.38,48.15,Card,completed,3.7
RPD101168,CUST3290,DRV724,Mumbai,Andheri,Dadar,2026-06-17 06:02:00,Auto,1.22,5.1,Medium,19.0,Fog,1.15,25.98,29.88,Card,completed,4.7
RPD104446,CUST2351,DRV281,mumbai,Andheri,Powai,10/07/2026 23:32,,1.82,8.1,Low,24.0,Cloudy,1.0,36.84,36.84,,Completed,4.6
RPD101145,CUST2961,DRV350,BANGALORE,MG Road,Whitefield,2026-06-26 01:24:00,Cab Economy,6.14,39.3,Very High,12.0,Rain,1.89,88.68,167.61,upi,COMPLETED,5.0
RPD100222,CUST3740,DRV605,Pune,Viman Nagar,Kothrud,03-Jun-2026 05:31 PM,Auto,2.41,25.2,Low,8.0,Clear,1.08,36.69,39.63,Cash,Ongoing,
RPD104455,CUST2387,DRV588,bangalore,Jayanagar,MG Road,2026-06-01 09:11:00,auto,4.89,7.1,High,6.0,Cloudy,1.41,59.01,83.2,upi,completed,5.0
RPD104715,CUST1351,DRV290,BANGALORE,Whitefield,Electronic City,20/06/2026 22:09,bike,19.25,18.4,Medium,18.0,Clear,1.19,130.5,155.29,Card,Completed,5.0
RPD100306,CUST3143,DRV364,Bangalore,Indiranagar,Electronic City,2026-06-10 09:00:00,cab economy,0.81,22.7,High,8.0,Clear,1.32,24.72,32.63,,Ongoing,
RPD100371,CUST3065,,Hyderabad,Banjara Hills,Hitech City,2026-06-28 23:55:00,BIKE,3.58,28.2,Medium,14.0,Fog,1.16,36.48,42.32,UPI,Cancelled by Customer,
RPD103688,CUST2476,,Bangalore,Electronic City,Whitefield,2026-06-25 18:23:00,Cab Premium,5.56,14.3,Very High,12.0,,1.85,115.08,212.9,Wallet,Cancelled by Customer,
RPD102585,CUST3867,DRV102,mumbai,Colaba,Borivali,2026-06-30 01:49:00,Cab Economy,7.02,11.2,Very High,17.0,Rain,1.88,99.24,186.57,Wallet,completed,5.0
RPD102457,CUST1276,DRV643,Mumbai,Borivali,Andheri,10/07/2026 11:10,Cab Economy,13.85,25.1,Medium,22.0,Clear,1.07,181.2,193.88,Card,Ongoing,
RPD103732,CUST3200,DRV218,bangalore,MG Road,Indiranagar,11-Jun-2026 11:17 PM,,6.65,11.5,Low,11.0,Cloudy,1.0,94.8,94.8,Card,completed,
RPD102568,CUST1574,DRV541,mumbai,Andheri,Andheri,2026-06-27 08:11:00,auto,9.79,26.9,Very High,8.0,Rain,1.93,103.11,199.0,Wallet,Cancelled by Driver,
RPD100453,CUST1573,DRV486,bangalore,HSR Layout,Whitefield,2026-07-07 23:00:00,,5.87,7.2,Medium,8.0,Fog,1.13,85.44,96.55,cash ,COMPLETED,3.8
RPD102475,CUST2958,DRV349,Bangalore,Koramangala,Whitefield,2026-06-24 16:08:00,BIKE,7.32,24.3,Very High,22.0,Heavy Rain,1.92,58.92,113.13,Cash,Cancelled by Driver,
RPD101437,CUST3863,DRV159,Bangalore,Indiranagar,Indiranagar,2026-06-05 16:42:00,auto,16.51,23.1,Medium,28.0,Clear,1.17,163.59,191.4,Card,COMPLETED,5.0
RPD103080,CUST1746,,bangalore,Indiranagar,Koramangala,2026-07-10 14:57:00,BIKE,7.85,30.9,Medium,21.0,,1.16,62.1,72.04,Wallet,Cancelled by Customer,
RPD101635,CUST1520,DRV721,Mumbai,Colaba,Colaba,06/06/2026 17:57,Auto,9.74,15.0,Low,18.0,Fog,1.03,102.66,105.74,Cash,Cancelled by Driver,
RPD102035,CUST3169,DRV388,Pune,Baner,Camp,2026-06-13 05:15:00,Auto,4.82,13.4,Low,15.0,,1.0,58.38,Rs. 58.38,Wallet,Cancelled by Driver,
RPD101882,CUST3218,DRV244,hyderabad ,Madhapur,Madhapur,13/06/2026 19:56,Bike,8.4,22.9,Very High,0.0,Fog,1.85,65.4,120.99,Wallet,Cancelled by Driver,
RPD100869,CUST3727,DRV372,Hyderabad,Hitech City,Gachibowli,08/07/2026 13:07,BIKE,1.1,4.6,Low,24.0,,1.0,21.6,Rs. 21.6,UPI,Completed,4.7
RPD102617,CUST2363,DRV354,Pune,Camp,Camp,2026-07-15 21:26:00,cab economy,3.63,21.5,Low,8.0,Fog,1.0,58.56,58.56,Cash,COMPLETED,4.3
RPD100861,CUST1129,DRV611,Pune,Viman Nagar,Baner,2026-06-01 22:38:00,Cab Premium,6.96,13.9,Low,27.0,Fog,1.08,140.28,151.5,Wallet,Completed,5.0
RPD103348,CUST2601,DRV165,Hyderabad,Kukatpally,Banjara Hills,2026-07-02 02:11:00,auto,9.52,9.7,Medium,25.0,Cloudy,1.14,100.68,114.78,Card,Ongoing,
RPD101391,CUST2061,DRV140,Pune,Baner,Kothrud,14-Jun-2026 06:54 AM,cab economy,7.27,12.9,Low,32.0,Rain,1.05,102.24,107.35,Cash,Cancelled by Driver,
RPD100597,CUST1666,DRV655,hyderabad ,Hitech City,Kukatpally,2026-07-12 14:26:00,,2.61,14.5,Very High,28.0,Heavy Rain,1.94,46.32,89.86,wallet,Ongoing,
RPD104999,CUST2940,DRV399,bangalore,HSR Layout,Koramangala,26-Jun-2026 10:04 PM,Auto,4.27,10.1,Very High,25.0,Heavy Rain,1.98,53.43,105.79,wallet,Ongoing,
RPD102320,CUST2279,DRV141,hyderabad ,Hitech City,Banjara Hills,2026-06-20 00:00:00,cab economy,0.84,11.9,Very High,14.0,Heavy Rain,1.89,25.08,47.4,,Completed,4.5
RPD100184,CUST3400,DRV365,Hyderabad,Madhapur,Madhapur,2026-06-16 03:29:00,Bike,1.56,25.6,Very High,12.0,Rain,1.93,24.36,47.01,upi,COMPLETED,5.0
RPD104801,CUST1115,DRV398,Pune,Baner,Kothrud,2026-06-26 06:57:00,Cab Economy,3.17,12.4,Very High,16.0,Rain,1.92,53.04,101.84,Wallet,Ongoing,
RPD102396,CUST2438,DRV535,Hyderabad,Madhapur,Gachibowli,16-Jul-2026 05:44 AM,,3.24,30.6,Very High,28.0,Rain,1.95,53.88,Rs. 105.07,,COMPLETED,5.0
RPD101748,CUST3948,DRV137,hyderabad ,Kukatpally,Gachibowli,2026-06-01 03:09:00,auto,2.8,48.4,Very High,19.0,Heavy Rain,1.9,40.2,76.38,cash ,Completed,5.0
RPD100719,CUST1732,DRV400,Bangalore,HSR Layout,Whitefield,2026-06-03 03:55:00,Cab Economy,8.46,40.0,Very High,22.0,Heavy Rain,1.88,116.52,219.06,Wallet,Cancelled by Driver,
RPD103054,CUST1905,DRV115,Bangalore,Whitefield,HSR Layout,09-Jul-2026 04:07 AM,,2.71,17.6,Medium,20.0,Clear,1.15,47.52,54.65,UPI,Cancelled by Driver,
RPD102950,CUST3589,DRV158,bangalore,Whitefield,MG Road,15/06/2026 17:54,cab economy,3.65,28.0,Low,13.0,Rain,1.08,58.8,63.5,Card,Ongoing,
RPD102595,CUST1498,DRV506,Hyderabad,Madhapur,Hitech City,11/07/2026 13:09,Cab Premium,3.21,27.4,Medium,24.0,Clear,1.2,72.78,87.34,UPI,Completed,4.1
RPD104599,CUST3811,DRV354,mumbai,Colaba,Colaba,2026-07-03 07:04:00,Cab Economy,0.7,19.7,Very High,14.0,Rain,1.95,23.4,45.63,UPI,COMPLETED,4.3
RPD104878,CUST2072,DRV679,Mumbai,Borivali,Andheri,2026-07-10 09:23:00,bike,2.21,25.6,Very High,5.0,Cloudy,1.87,28.26,52.85,Wallet,Ongoing,
RPD102841,CUST2354,DRV330,hyderabad ,Gachibowli,Banjara Hills,25-Jun-2026 12:38 PM,auto,4.87,65.1,Low,15.0,Fog,1.0,58.83,58.83,Cash,COMPLETED,5.0
RPD103785,CUST1066,DRV317,Pune,Kothrud,Hinjewadi,23/06/2026 22:27,,1.88,43.3,Medium,18.0,,1.12,37.56,42.07,wallet,Completed,5.0
RPD101061,CUST2306,DRV326,Pune,Viman Nagar,Kothrud,2026-06-01 09:20:00,Cab Economy,3.47,21.2,Very High,16.0,Fog,1.86,56.64,105.35,cash ,Cancelled by Driver,
RPD100916,CUST2346,DRV762,Bengaluru,Electronic City,MG Road,2026-07-06 09:49:00,,4.05,16.8,Very High,5.0,,1.85,63.6,117.66,cash ,COMPLETED,4.8
RPD104385,CUST1354,DRV154,Bengaluru,HSR Layout,Indiranagar,2026-06-16 17:49:00,cab economy,2.38,18.0,Medium,28.0,Cloudy,1.19,43.56,51.84,UPI,completed,5.0
RPD100922,CUST1477,DRV707,Bangalore,Electronic City,Whitefield,2026-06-02 21:59:00,Bike,9.34,14.3,Low,19.0,Heavy Rain,1.08,71.04,76.72,Cash,Ongoing,
RPD101592,CUST3062,DRV330,Mumbai,Colaba,Andheri,03/06/2026 09:44,BIKE,7.99,13.7,High,10.0,Fog,1.41,62.94,88.75,Wallet,Cancelled by Driver,
RPD102324,CUST3793,,bangalore,HSR Layout,Whitefield,2026-06-15 22:01:00,Cab Premium,0.81,3.5,Low,25.0,Clear,1.0,29.58,29.58,wallet,Cancelled by Customer,
RPD102755,CUST3660,DRV326,mumbai,Powai,Colaba,2026-06-06 01:39:00,Auto,6.02,25.8,Very High,14.0,Heavy Rain,1.89,69.18,130.75,Card,completed,4.5
RPD101676,CUST1524,,Hyderabad,Kukatpally,Gachibowli,2026-06-23 06:50:00,Cab Economy,2.33,38.3,Medium,23.0,,1.22,42.96,52.41,Cash,Cancelled by Customer,
RPD103414,CUST1214,DRV340,Mumbai,Powai,Borivali,09/07/2026 19:50,cab economy,5.22,17.4,Very High,15.0,Clear,1.9,77.64,147.52,UPI,COMPLETED,4.9
RPD104595,CUST3463,DRV546,BANGALORE,Electronic City,HSR Layout,2026-06-06 19:33:00,Bike,4.18,28.2,High,7.0,Cloudy,1.44,40.08,57.72,,COMPLETED,4.0
RPD103123,CUST2488,DRV161,Hyderabad,Gachibowli,Gachibowli,2026-06-11 04:44:00,bike,3.05,26.9,Medium,21.0,Heavy Rain,1.24,33.3,41.29,,Completed,3.6
RPD104671,CUST2662,,mumbai,Borivali,Andheri,2026-06-14 07:22:00,Bike,2.28,25.0,Low,31.0,,1.0,28.68,28.68,Wallet,Cancelled by Customer,
RPD101290,CUST3305,DRV609,Hyderabad,Gachibowli,Madhapur,22-Jun-2026 10:47 AM,bike,1.38,10.5,Low,11.0,Cloudy,1.03,23.28,23.98,upi,completed,4.7
RPD101936,CUST3875,DRV203,Mumbai,Colaba,Bandra,2026-07-09 06:45:00,,3.77,31.4,Low,12.0,,1.0,60.24,60.24,wallet,Completed,5.0
RPD101732,CUST1644,,Bangalore,Indiranagar,Indiranagar,28-Jun-2026 09:06 AM,auto,2.64,11.3,Very High,3.0,Clear,1.88,38.76,72.87,UPI,Cancelled by Customer,
RPD100965,CUST3170,DRV588,mumbai,Colaba,Powai,2026-06-09 01:04:00,,6.83,26.8,Low,24.0,,1.0,96.96,96.96,Wallet,completed,5.0
RPD102277,CUST3635,DRV273,Hyderabad,Banjara Hills,Hitech City,23-Jun-2026 04:39 PM,Bike,4.99,27.1,Very High,27.0,Rain,1.88,44.94,84.49,Card,Ongoing,
RPD102348,CUST1712,DRV581,mumbai,Dadar,Colaba,13/06/2026 05:23,cab economy,6.1,32.7,Medium,16.0,Cloudy,1.18,88.2,104.08,Wallet,completed,3.8
RPD102164,CUST1449,DRV251,hyderabad ,Gachibowli,Banjara Hills,2026-06-29 15:12:00,BIKE,11.79,22.8,Medium,21.0,Fog,1.18,85.74,101.17,,Completed,4.8
RPD100230,CUST3932,DRV563,Mumbai,Colaba,Colaba,2026-06-14 20:42:00,Auto,1.81,4.2,Very High,8.0,Cloudy,1.93,31.29,60.39,upi,COMPLETED,3.6
RPD101229,CUST3927,DRV572,Pune,Hinjewadi,Camp,2026-06-04 22:33:00,,1.0,16.5,Medium,15.0,,1.04,27.0,28.08,cash ,completed,4.8
RPD101721,CUST2951,DRV212,Mumbai,Bandra,Borivali,20-Jun-2026 06:40 AM,cab economy,1.35,28.4,Low,21.0,Fog,1.04,31.2,32.45,Wallet,Cancelled by Driver,
RPD102417,CUST2152,,Bangalore,Electronic City,Indiranagar,2026-07-06 06:28:00,BIKE,5.19,33.0,Medium,17.0,Heavy Rain,1.16,46.14,,upi,Cancelled by Customer,
RPD102499,CUST1711,DRV451,BANGALORE,Whitefield,HSR Layout,07/06/2026 13:18,Auto,3.06,38.4,Medium,22.0,,1.13,42.54,48.07,Cash,COMPLETED,4.0
RPD104208,CUST1951,DRV376,Mumbai,Andheri,Powai,15-Jun-2026 09:31 AM,Auto,7.64,21.3,Very High,2.0,Clear,1.9,83.76,159.14,Wallet,COMPLETED,4.8
RPD101144,CUST3807,DRV746,BANGALORE,MG Road,Electronic City,02-Jun-2026 08:06 PM,Cab Economy,5.98,25.3,Very High,0.0,Fog,1.88,86.76,163.11,Cash,COMPLETED,5.0
RPD100652,CUST1313,DRV158,Bangalore,Indiranagar,Indiranagar,2026-06-06 18:00:00,,2.2,21.7,Very High,10.0,Fog,1.87,41.4,77.42,Cash,completed,5.0
RPD101429,CUST2505,DRV621,mumbai,Dadar,Borivali,03/06/2026 11:08,Auto,6.43,11.0,Medium,29.0,Fog,1.16,72.87,84.53,cash ,Cancelled by Driver,
RPD104862,CUST2516,DRV785,Hyderabad,Hitech City,Banjara Hills,2026-06-07 04:43:00,Cab Economy,4.0,14.6,Very High,20.0,Rain,1.92,63.0,120.96,cash ,COMPLETED,4.6
RPD100986,CUST2897,DRV611,Pune,Viman Nagar,Camp,2026-06-03 03:27:00,Auto,3.51,14.3,Low,22.0,,1.02,46.59,47.52,Cash,Completed,4.8
RPD100801,CUST3406,DRV684,bangalore,HSR Layout,Koramangala,02/07/2026 03:20,auto,2.61,46.3,Low,20.0,,1.08,38.49,41.57,Cash,Completed,4.3
RPD102262,CUST2166,DRV189,mumbai,Borivali,Dadar,2026-06-29 16:12:00,Cab Economy,3.21,44.9,Medium,25.0,Fog,1.18,53.52,63.15,Cash,Completed,4.7
RPD103783,CUST1117,DRV747,hyderabad ,Kukatpally,Gachibowli,07/07/2026 03:11,Cab Premium,4.87,35.5,Low,23.0,Cloudy,1.13,102.66,116.01,wallet,COMPLETED,4.9
RPD103694,CUST2359,,Pune,Viman Nagar,Hinjewadi,2026-06-20 09:47:00,Bike,7.3,11.6,Very High,4.0,Fog,1.86,58.8,109.37,,Cancelled by Customer,
RPD103491,CUST1038,,mumbai,Bandra,Powai,2026-06-02 05:11:00,Bike,4.82,14.7,Very High,24.0,Rain,1.88,43.92,82.57,Wallet,Cancelled by Customer,
RPD104449,CUST1336,DRV314,Pune,Kothrud,Viman Nagar,2026-06-12 09:11:00,,2.31,23.9,Very High,19.0,,1.9,42.72,81.17,wallet,Cancelled by Driver,
RPD102467,CUST3268,DRV290,Bengaluru,Electronic City,Jayanagar,2026-06-07 07:30:00,cab economy,2.85,13.2,Low,18.0,Fog,1.02,49.2,50.18,Cash,Completed,4.5
RPD103376,CUST2071,DRV429,mumbai,Dadar,Powai,06-Jun-2026 10:54 PM,Auto,2.34,17.3,Medium,16.0,,1.19,36.06,42.91,Wallet,completed,5.0
RPD102886,CUST3114,DRV190,Mumbai,Borivali,Andheri,2026-07-09 12:47:00,Cab Premium,1.39,9.8,Medium,21.0,Clear,1.15,40.02,46.02,UPI,COMPLETED,3.9
RPD101683,CUST2232,DRV202,Bengaluru,Electronic City,Koramangala,2026-07-14 10:09:00,,2.35,29.1,Low,17.0,Clear,1.0,43.2,43.2,Card,COMPLETED,4.3
RPD101245,CUST2696,,Pune,Kothrud,Hinjewadi,01/07/2026 00:09,Bike,5.85,5.7,Low,9.0,Rain,1.02,50.1,51.1,Cash,Cancelled by Customer,
RPD102807,CUST3699,,Hyderabad,Banjara Hills,Kukatpally,2026-07-06 14:03:00,auto,9.52,3.6,Very High,19.0,Heavy Rain,1.87,100.68,188.27,UPI,Cancelled by Customer,
RPD102828,CUST1541,DRV281,mumbai,Powai,Andheri,2026-07-15 21:50:00,Auto,2.27,22.2,Low,12.0,,1.0,35.43,35.43,Wallet,COMPLETED,5.0
RPD103697,CUST3414,DRV447,mumbai,Andheri,Colaba,16-Jun-2026 08:19 AM,auto,10.27,20.3,High,11.0,,1.42,107.43,152.55,UPI,completed,4.4
RPD104748,CUST2852,,mumbai,Andheri,Bandra,28/06/2026 19:49,Bike,6.23,20.0,Very High,0.0,Clear,1.87,52.38,97.95,UPI,Cancelled by Customer,
RPD102776,CUST2342,DRV696,Bengaluru,Koramangala,HSR Layout,04-Jul-2026 07:28 AM,Auto,17.09,26.5,Very High,23.0,Heavy Rain,1.84,168.81,310.61,Cash,COMPLETED,5.0
RPD102285,CUST2923,DRV673,Hyderabad,Banjara Hills,Kukatpally,2026-06-27 23:51:00,cab economy,5.85,5.5,Medium,24.0,Clear,1.2,85.2,102.24,,Cancelled by Driver,
RPD101258,CUST3571,DRV255,bangalore,Electronic City,Koramangala,01/06/2026 16:33,bike,4.51,25.7,Very High,20.0,Heavy Rain,1.94,42.06,Rs. 81.6,cash ,Completed,5.0
RPD103387,CUST3080,DRV478,BANGALORE,MG Road,Electronic City,19-Jun-2026 12:56 AM,cab economy,1.81,19.0,Low,16.0,Cloudy,1.0,36.72,36.72,upi,Cancelled by Driver,
RPD103567,CUST1708,DRV312,Pune,Kothrud,Baner,26-Jun-2026 04:50 AM,Bike,4.71,29.5,Low,18.0,Cloudy,1.0,43.26,43.26,cash ,Ongoing,
RPD101062,CUST3591,DRV442,hyderabad ,Madhapur,Hitech City,28-Jun-2026 04:15 AM,Cab Premium,4.09,7.7,Medium,19.0,Rain,1.15,88.62,101.91,Wallet,Completed,4.5
RPD103018,CUST3201,,Hyderabad,Kukatpally,Hitech City,2026-06-08 21:55:00,cab economy,4.21,39.9,Very High,23.0,Heavy Rain,1.83,65.52,Rs. 119.9,Wallet,Cancelled by Customer,
RPD104205,CUST1548,DRV175,BANGALORE,HSR Layout,MG Road,2026-06-05 07:27:00,Cab Economy,5.84,6.9,Medium,28.0,Cloudy,1.13,85.08,96.14,upi,completed,4.7
RPD104073,CUST2897,DRV137,BANGALORE,Indiranagar,Electronic City,18-Jun-2026 01:51 PM,bike,5.07,5.0,Medium,16.0,Cloudy,1.13,45.42,51.32,UPI,Cancelled by Driver,
RPD103407,CUST1821,DRV132,BANGALORE,HSR Layout,Koramangala,2026-07-16 01:55:00,cab economy,2.12,23.8,Medium,16.0,Heavy Rain,1.18,40.44,47.72,cash ,COMPLETED,4.3
RPD103071,CUST2846,DRV600,hyderabad ,Kukatpally,Hitech City,12/07/2026 21:18,auto,1.75,12.1,Very High,21.0,Rain,1.89,30.75,58.12,,COMPLETED,4.7
RPD103493,CUST3224,DRV303,Bangalore,Indiranagar,Indiranagar,14/07/2026 17:30,Auto,11.63,11.8,Low,27.0,Heavy Rain,1.0,119.67,119.67,wallet,COMPLETED,4.4
RPD102344,CUST2190,,Pune,Viman Nagar,Baner,2026-07-03 20:06:00,Cab Economy,9.81,24.3,High,16.0,Clear,1.42,132.72,188.46,upi,Cancelled by Customer,
RPD102334,CUST1357,DRV594,BANGALORE,Whitefield,Electronic City,26-Jun-2026 07:09 PM,Bike,5.08,16.8,Very High,8.0,Cloudy,1.84,45.48,83.68,,Cancelled by Driver,
RPD101972,CUST2889,,bangalore,Electronic City,Indiranagar,2026-07-02 18:48:00,Cab Premium,2.06,7.6,Very High,8.0,Rain,1.95,52.08,101.56,wallet,Cancelled by Customer,
RPD100568,CUST1383,,hyderabad ,Gachibowli,Kukatpally,2026-06-15 10:17:00,Cab Premium,4.81,28.0,Very High,23.0,Rain,1.88,101.58,190.97,,Cancelled by Customer,
RPD101257,CUST2857,,Bangalore,Whitefield,Whitefield,2026-06-01 06:48:00,,3.05,7.3,Low,12.0,Cloudy,1.06,51.6,54.7,cash ,Cancelled by Customer,
RPD101180,CUST2903,DRV121,Bengaluru,Whitefield,Whitefield,20-Jun-2026 02:56 PM,,-3.75,19.6,Low,32.0,Cloudy,1.0,16.2,16.2,Cash,Cancelled by Driver,
RPD100505,CUST1711,DRV115,BANGALORE,Koramangala,HSR Layout,2026-07-03 03:52:00,Auto,4.72,12.3,Low,10.0,Fog,1.01,57.48,58.05,wallet,Completed,4.7
RPD102907,CUST2381,DRV315,mumbai,Borivali,Dadar,09-Jul-2026 02:40 PM,Bike,3.48,24.0,Low,27.0,Cloudy,1.0,35.88,35.88,UPI,COMPLETED,4.9
RPD103193,CUST3665,DRV375,Mumbai,Andheri,Bandra,20/06/2026 08:29,Cab Economy,-4.02,7.2,Very High,17.0,Clear,1.98,16.2,32.08,upi,Completed,3.7
RPD104043,CUST3312,,Hyderabad,Kukatpally,Madhapur,2026-07-06 06:56:00,Bike,6.81,40.3,Very High,10.0,Rain,1.94,55.86,108.37,UPI,Cancelled by Customer,
RPD102818,CUST3561,,mumbai,Powai,Borivali,2026-06-13 09:45:00,auto,4.55,14.1,Very High,6.0,,1.91,55.95,106.86,wallet,Cancelled by Customer,
RPD103078,CUST1512,DRV229,bangalore,Jayanagar,Electronic City,2026-06-05 14:47:00,,999.0,8.6,Low,29.0,Clear,1.0,12003.0,12003.0,wallet,Cancelled by Driver,
RPD101534,CUST3766,DRV773,Pune,Viman Nagar,Kothrud,2026-07-04 04:19:00,BIKE,7.81,14.6,Low,20.0,,1.0,61.86,,Cash,Completed,4.6
RPD100172,CUST1625,DRV384,Bangalore,Whitefield,Indiranagar,2026-06-03 01:50:00,Cab Premium,5.24,24.6,Low,18.0,Cloudy,1.03,109.32,112.6,upi,Ongoing,
RPD102173,CUST2166,DRV247,bangalore,MG Road,Whitefield,22-Jun-2026 11:30 AM,Auto,7.07,16.9,Medium,29.0,Cloudy,1.11,78.63,87.28,wallet,Completed,5.0
RPD103779,CUST1758,DRV213,mumbai,Andheri,Colaba,2026-06-14 15:01:00,cab economy,1.22,25.4,Medium,19.0,Clear,1.18,29.64,34.98,Cash,Ongoing,
RPD100910,CUST2370,DRV251,Hyderabad,Gachibowli,Banjara Hills,2026-07-16 13:42:00,BIKE,0.5,14.3,Low,24.0,Clear,1.0,18.0,18.0,UPI,Completed,5.0
RPD102939,CUST1115,DRV338,bangalore,Jayanagar,Indiranagar,14-Jul-2026 09:08 AM,cab economy,1.36,6.6,High,11.0,Rain,1.43,31.32,44.79,Card,Ongoing,
RPD102346,CUST3064,DRV304,hyderabad ,Kukatpally,Kukatpally,2026-06-17 03:58:00,Cab Economy,5.31,10.4,Very High,28.0,Heavy Rain,1.91,78.72,150.36,cash ,Completed,5.0
RPD101458,CUST3862,DRV517,mumbai,Bandra,Bandra,2026-06-26 18:44:00,auto,2.38,11.3,Very High,8.0,Cloudy,1.91,36.42,69.56,Cash,completed,5.0
RPD102526,CUST1648,DRV563,BANGALORE,Jayanagar,Jayanagar,2026-06-12 17:48:00,Auto,10.46,21.5,Low,25.0,Clear,1.03,109.14,112.41,Cash,Cancelled by Driver,
RPD102572,CUST2611,DRV380,mumbai,Borivali,Dadar,04-Jul-2026 01:58 PM,Bike,5.47,14.3,Low,23.0,Heavy Rain,1.0,47.82,47.82,,COMPLETED,4.0
RPD102245,CUST3384,DRV408,Pune,Baner,Camp,2026-07-03 02:22:00,Cab Economy,10.33,29.2,Low,10.0,Cloudy,1.0,138.96,138.96,UPI,Ongoing,
RPD100181,CUST1956,DRV176,bangalore,Electronic City,Electronic City,04-Jun-2026 01:42 PM,Cab Economy,2.3,20.4,Low,23.0,Cloudy,1.08,42.6,46.01,cash ,Cancelled by Driver,
RPD100957,CUST1167,DRV499,Pune,Viman Nagar,Kothrud,2026-06-02 07:56:00,,3.96,23.3,Low,26.0,Cloudy,1.0,62.52,62.52,Card,Completed,5.0
RPD103367,CUST3687,DRV402,mumbai,Dadar,Dadar,2026-06-26 10:19:00,BIKE,5.05,8.7,Medium,11.0,Fog,1.17,45.3,53.0,Wallet,Completed,3.7
RPD102133,CUST2843,DRV650,Hyderabad,Banjara Hills,Madhapur,2026-06-05 02:03:00,BIKE,6.82,9.3,Medium,23.0,Cloudy,1.18,55.92,65.99,Wallet,completed,5.0
RPD101919,CUST3161,DRV442,Hyderabad,Kukatpally,Kukatpally,06/06/2026 09:53,BIKE,7.89,3.0,Very High,2.0,Fog,1.82,62.34,113.46,Cash,COMPLETED,
RPD101689,CUST3288,DRV687,Bangalore,Indiranagar,Whitefield,09/06/2026 10:52,cab economy,10.77,10.6,Low,25.0,,1.01,144.24,145.68,upi,Cancelled by Driver,
RPD103770,CUST2249,DRV571,hyderabad ,Gachibowli,Madhapur,2026-07-03 03:49:00,Cab Premium,7.02,8.7,Low,24.0,Clear,1.0,141.36,141.36,,Cancelled by Driver,
RPD100432,CUST1537,DRV467,Bengaluru,Indiranagar,HSR Layout,26-Jun-2026 09:41 AM,cab economy,2.9,7.4,Very High,5.0,Cloudy,1.91,49.8,95.12,upi,Ongoing,
RPD103115,CUST2899,DRV257,Pune,Camp,Viman Nagar,09/07/2026 12:01,BIKE,3.46,27.7,Medium,13.0,Fog,1.14,35.76,40.77,Cash,Completed,4.1
RPD103635,CUST2159,DRV386,Bangalore,Electronic City,HSR Layout,07-Jun-2026 08:36 PM,Cab Economy,5.25,5.5,Very High,0.0,Clear,1.91,78.0,148.98,UPI,completed,4.9
RPD102959,CUST1116,DRV104,Bangalore,Whitefield,Koramangala,2026-07-16 23:04:00,BIKE,1.89,4.1,Medium,15.0,Clear,1.22,26.34,32.13,Cash,COMPLETED,4.4
RPD102743,CUST3729,DRV355,Bangalore,MG Road,Koramangala,23/06/2026 14:16,cab economy,2.79,11.0,Medium,15.0,Cloudy,1.15,48.48,55.75,upi,Completed,4.2
RPD102452,CUST2325,DRV761,mumbai,Bandra,Andheri,2026-07-02 09:27:00,bike,3.81,18.9,High,8.0,Cloudy,1.39,37.86,52.63,Card,Completed,4.8
RPD104396,CUST3640,DRV474,Hyderabad,Kukatpally,Hitech City,07-Jun-2026 04:47 PM,,2.03,10.8,Low,19.0,Clear,1.0,39.36,39.36,Cash,COMPLETED,5.0
RPD101407,CUST3074,DRV516,Pune,Hinjewadi,Hinjewadi,05-Jul-2026 01:36 AM,BIKE,0.8,9.4,Medium,26.0,Clear,1.15,19.8,22.77,Card,COMPLETED,3.4
RPD104034,CUST2809,DRV668,hyderabad ,Gachibowli,Kukatpally,2026-06-14 19:07:00,,1.89,25.0,High,7.0,Fog,1.41,37.68,53.13,Cash,Cancelled by Driver,
RPD102121,CUST1326,DRV452,mumbai,Borivali,Powai,14/06/2026 07:52,BIKE,9.19,16.2,Medium,21.0,,1.1,70.14,77.15,upi,COMPLETED,4.8
RPD103290,CUST1432,DRV585,bangalore,Koramangala,Indiranagar,2026-06-19 01:11:00,Cab Premium,7.94,19.0,Medium,21.0,Clear,1.28,157.92,202.14,upi,Cancelled by Driver,
RPD100632,CUST1350,DRV404,bangalore,Whitefield,Whitefield,09/07/2026 09:11,BIKE,4.04,3.4,High,6.0,,1.32,39.24,51.8,,completed,4.7
RPD101154,CUST3033,,Mumbai,Colaba,Borivali,2026-06-30 09:30:00,,9.89,20.8,Very High,14.0,Cloudy,1.93,133.68,258.0,wallet,Cancelled by Customer,
RPD102982,CUST3095,DRV575,BANGALORE,Electronic City,Jayanagar,2026-07-14 23:18:00,BIKE,3.44,33.8,Medium,31.0,Cloudy,1.14,35.64,40.63,Card,Cancelled by Driver,
RPD104169,CUST3648,,bangalore,Indiranagar,Koramangala,2026-07-02 09:20:00,Bike,2.53,20.4,Very High,2.0,Rain,1.9,30.18,57.34,UPI,Cancelled by Customer,
RPD101219,CUST1665,,hyderabad ,Hitech City,Hitech City,2026-07-03 18:55:00,auto,2.18,5.5,High,12.0,Heavy Rain,1.4,34.62,48.47,wallet,Cancelled by Customer,
RPD100701,CUST1724,DRV234,Bangalore,Jayanagar,MG Road,2026-07-01 19:40:00,,7.9,14.1,Very High,1.0,Clear,1.94,109.8,Rs. 213.01,upi,completed,3.8
RPD100133,CUST3406,DRV787,Bengaluru,Whitefield,Indiranagar,22-Jun-2026 08:05 PM,Auto,5.56,9.1,Very High,5.0,Clear,1.91,65.04,124.23,cash ,Completed,4.5
RPD104481,CUST1289,DRV521,Hyderabad,Hitech City,Hitech City,2026-06-18 03:29:00,Cab Economy,3.36,40.6,Medium,21.0,,1.16,55.32,64.17,Card,completed,5.0
RPD103988,CUST2547,DRV122,Bengaluru,MG Road,Jayanagar,2026-06-27 13:46:00,,7.01,5.9,Medium,28.0,Clear,1.24,99.12,122.91,wallet,completed,4.4
RPD103134,CUST3637,DRV481,Bangalore,HSR Layout,HSR Layout,2026-07-11 11:55:00,Cab Economy,5.78,14.7,Low,12.0,Clear,1.0,84.36,84.36,,Cancelled by Driver,
RPD102754,CUST2996,DRV760,Mumbai,Bandra,Borivali,2026-07-06 13:13:00,BIKE,0.5,19.0,Medium,21.0,,1.14,18.0,20.52,Card,COMPLETED,4.1
RPD100877,CUST3327,DRV570,bangalore,MG Road,MG Road,2026-06-19 20:15:00,BIKE,2.6,7.4,Very High,0.0,,1.87,30.6,57.22,Wallet,COMPLETED,3.4
RPD102091,CUST1658,DRV142,Hyderabad,Banjara Hills,Hitech City,2026-06-14 16:30:00,,8.5,23.7,Low,19.0,Clear,1.0,117.0,117.0,Card,COMPLETED,4.6
RPD104894,CUST2466,DRV147,Bangalore,HSR Layout,MG Road,2026-06-13 00:51:00,,3.85,11.4,Low,16.0,Cloudy,1.07,61.2,65.48,UPI,completed,4.6
RPD101522,CUST3291,DRV144,BANGALORE,Electronic City,Whitefield,16-Jun-2026 11:15 AM,,2.41,30.2,Very High,30.0,Rain,1.91,43.92,83.89,upi,COMPLETED,4.1
RPD101986,CUST2616,DRV578,Bangalore,Whitefield,Koramangala,2026-06-03 23:56:00,,7.94,9.7,Low,31.0,Cloudy,1.03,110.28,113.59,Card,Cancelled by Driver,
RPD103046,CUST3613,DRV614,Mumbai,Colaba,Colaba,2026-06-05 20:02:00,Cab Premium,3.62,38.6,Very High,7.0,Heavy Rain,1.86,80.16,149.1,Card,Cancelled by Driver,
RPD104774,CUST2042,DRV363,bangalore,Electronic City,Koramangala,17-Jun-2026 06:44 AM,Cab Economy,1.31,5.8,Medium,22.0,Cloudy,1.17,30.72,35.94,wallet,COMPLETED,4.8
RPD100427,CUST1475,DRV606,BANGALORE,Whitefield,MG Road,02-Jul-2026 04:35 AM,Bike,1.89,8.3,Very High,25.0,Rain,1.97,26.34,51.89,UPI,COMPLETED,4.1
RPD104403,CUST3282,DRV615,Bengaluru,Jayanagar,Electronic City,2026-06-24 19:51:00,BIKE,7.49,20.4,Very High,10.0,Clear,1.92,59.94,115.08,cash ,Ongoing,
RPD104567,CUST3225,DRV321,Mumbai,Borivali,Dadar,2026-06-19 12:09:00,cab economy,6.85,29.0,Very High,15.0,Heavy Rain,1.88,97.2,182.74,Wallet,COMPLETED,4.4
RPD103886,CUST2943,DRV568,bangalore,Whitefield,HSR Layout,29/06/2026 06:21,Auto,0.5,16.0,Medium,19.0,,1.13,19.5,22.03,Card,Cancelled by Driver,
RPD100445,CUST2793,DRV568,bangalore,Electronic City,Indiranagar,02-Jul-2026 08:21 AM,,9.74,30.2,High,9.0,Heavy Rain,1.38,131.88,181.99,upi,Completed,4.4
RPD102753,CUST1549,DRV734,BANGALORE,Koramangala,Whitefield,18-Jun-2026 02:22 AM,,17.16,21.3,Low,23.0,Clear,1.01,220.92,223.13,Cash,completed,5.0
RPD104013,CUST1902,DRV702,BANGALORE,Whitefield,Koramangala,11-Jun-2026 07:27 PM,Cab Economy,9.09,16.2,Very High,20.0,Rain,1.85,124.08,229.55,,Ongoing,
RPD100709,CUST1762,DRV122,mumbai,Borivali,Andheri,11-Jul-2026 11:55 AM,Cab Economy,10.22,27.8,Low,17.0,,1.0,137.64,137.64,,completed,4.2
RPD103219,CUST3041,DRV572,hyderabad ,Banjara Hills,Madhapur,05/06/2026 16:06,Auto,3.79,6.6,Very High,23.0,Heavy Rain,1.86,49.11,91.34,Cash,Cancelled by Driver,
RPD103481,CUST1983,DRV136,Bangalore,MG Road,Indiranagar,2026-07-13 07:11:00,cab economy,6.39,6.8,Very High,25.0,Rain,1.87,91.68,171.44,cash ,Completed,3.7
RPD104621,CUST3231,DRV175,Bengaluru,Whitefield,Whitefield,2026-07-03 15:10:00,BIKE,7.03,12.0,Medium,10.0,Fog,1.12,57.18,64.04,upi,COMPLETED,3.7
RPD101681,CUST3577,DRV744,bangalore,Electronic City,HSR Layout,12-Jul-2026 05:36 PM,auto,3.55,27.8,Medium,21.0,Cloudy,1.14,46.95,53.52,Card,Cancelled by Driver,
RPD100416,CUST3263,DRV493,Mumbai,Bandra,Powai,01-Jul-2026 10:23 PM,Bike,5.94,20.3,Medium,22.0,,1.13,50.64,57.22,Card,COMPLETED,4.0
RPD100132,CUST3170,DRV237,Pune,Kothrud,Viman Nagar,25/06/2026 05:48,BIKE,8.31,21.5,Low,29.0,Cloudy,1.0,64.86,64.86,wallet,Ongoing,
RPD101210,CUST2258,DRV591,Hyderabad,Gachibowli,Banjara Hills,28-Jun-2026 05:11 AM,Cab Economy,7.36,12.2,Very High,19.0,Rain,1.89,103.32,195.27,wallet,Completed,4.5
RPD100930,CUST3995,DRV173,Hyderabad,Hitech City,Hitech City,26/06/2026 18:12,bike,5.66,14.2,High,8.0,,1.5,48.96,73.44,wallet,completed,3.7
RPD102329,CUST1633,DRV788,mumbai,Borivali,Borivali,23-Jun-2026 01:42 AM,auto,11.97,10.3,Low,34.0,Clear,1.0,122.73,122.73,UPI,Completed,4.9
RPD100246,CUST1640,,Bangalore,MG Road,Jayanagar,05/06/2026 11:59,bike,3.24,13.8,Medium,24.0,Heavy Rain,1.21,34.44,41.67,cash ,Cancelled by Customer,
RPD101443,CUST2458,DRV696,hyderabad ,Kukatpally,Gachibowli,2026-07-02 04:24:00,Cab Economy,5.05,26.1,Low,22.0,,1.0,75.6,75.6,Cash,Cancelled by Driver,
RPD103931,CUST2676,DRV518,Bangalore,Whitefield,Electronic City,24-Jun-2026 08:16 PM,cab economy,4.78,8.1,Very High,14.0,,1.91,72.36,138.21,upi,Ongoing,
RPD104768,CUST1406,DRV103,Hyderabad,Banjara Hills,Banjara Hills,2026-07-15 22:23:00,cab economy,0.64,13.3,Very High,2.0,Rain,1.9,22.68,Rs. 43.09,,completed,3.7
RPD100096,CUST1338,DRV534,Mumbai,Andheri,Powai,2026-06-28 12:47:00,BIKE,3.84,7.3,Medium,18.0,Cloudy,1.18,38.04,44.89,upi,Cancelled by Driver,
RPD102155,CUST1315,,BANGALORE,HSR Layout,Electronic City,24-Jun-2026 03:31 AM,Bike,2.55,24.2,Low,27.0,Clear,1.0,30.3,Rs. 30.3,UPI,Cancelled by Customer,
RPD103272,CUST1081,DRV344,Pune,Baner,Viman Nagar,04/06/2026 23:25,cab economy,2.64,26.5,Low,11.0,,1.0,46.68,46.68,Wallet,completed,5.0
RPD102653,CUST2012,DRV622,Bangalore,Electronic City,Whitefield,02-Jul-2026 09:58 AM,Bike,2.3,6.2,High,7.0,Cloudy,1.4,28.8,40.32,,Cancelled by Driver,
RPD104011,CUST3161,DRV319,BANGALORE,MG Road,HSR Layout,2026-06-03 21:43:00,Cab Economy,1.97,6.5,Medium,12.0,Cloudy,1.18,38.64,45.6,Card,Cancelled by Driver,
RPD103091,CUST1354,DRV569,Hyderabad,Madhapur,Madhapur,03-Jul-2026 09:22 AM,Cab Economy,9.36,29.0,Very High,7.0,Cloudy,1.85,127.32,235.54,Card,Ongoing,
RPD102758,CUST1713,DRV530,bangalore,Electronic City,Electronic City,2026-06-08 15:40:00,auto,13.57,25.7,Low,27.0,Fog,1.0,137.13,137.13,Cash,Completed,4.7
RPD104796,CUST3052,DRV483,Pune,Hinjewadi,Viman Nagar,10-Jun-2026 01:46 AM,Cab Economy,4.62,14.8,Very High,19.0,Rain,1.94,70.44,136.65,upi,completed,5.0
RPD101421,CUST2754,DRV423,BANGALORE,HSR Layout,MG Road,2026-06-10 07:41:00,Bike,6.08,27.0,Low,10.0,Rain,1.02,51.48,52.51,Card,Completed,4.5
RPD101259,CUST3225,DRV184,BANGALORE,MG Road,HSR Layout,13-Jun-2026 02:47 PM,cab economy,7.6,13.0,Medium,26.0,,1.21,106.2,,wallet,COMPLETED,5.0
RPD100935,CUST2270,DRV513,Bengaluru,MG Road,HSR Layout,25/06/2026 07:35,Cab Economy,4.56,19.8,Low,22.0,Fog,1.0,69.72,69.72,UPI,Ongoing,
RPD104067,CUST3395,DRV270,hyderabad ,Madhapur,Banjara Hills,2026-06-13 02:00:00,,3.95,41.2,Low,19.0,Cloudy,1.0,62.4,62.4,UPI,Completed,5.0
RPD101901,CUST3955,DRV785,Hyderabad,Banjara Hills,Banjara Hills,2026-06-12 23:49:00,,4.65,18.7,Low,11.0,Fog,1.0,70.8,70.8,,completed,5.0
RPD102932,CUST1735,DRV289,Hyderabad,Gachibowli,Banjara Hills,2026-06-20 10:53:00,BIKE,1.7,10.8,Low,21.0,Cloudy,1.01,25.2,25.45,Cash,COMPLETED,4.3
RPD101980,CUST1870,DRV299,bangalore,Koramangala,Jayanagar,04/07/2026 10:43,Cab Premium,4.85,27.9,Medium,21.0,Cloudy,1.23,102.3,125.83,wallet,Cancelled by Driver,
RPD104872,CUST1924,DRV205,Hyderabad,Hitech City,Banjara Hills,2026-06-14 01:12:00,auto,1.96,33.6,Low,22.0,Fog,1.0,32.64,32.64,Cash,Cancelled by Driver,
RPD100090,CUST2935,DRV242,Bangalore,HSR Layout,Electronic City,24-Jun-2026 07:24 AM,bike,7.65,11.2,Low,28.0,,1.0,60.9,60.9,,Cancelled by Driver,
RPD102893,CUST3560,DRV443,Bangalore,Indiranagar,Electronic City,2026-06-05 20:59:00,bike,7.13,20.2,Very High,0.0,,1.87,57.78,108.05,,Cancelled by Driver,
RPD100841,CUST2856,DRV391,bangalore,Whitefield,HSR Layout,2026-06-10 14:40:00,Cab Economy,1.29,33.9,Medium,25.0,Clear,1.12,30.48,34.14,Cash,Ongoing,
RPD102272,CUST2762,,mumbai,Colaba,Dadar,10-Jul-2026 07:47 PM,BIKE,0.72,28.1,Very High,13.0,Rain,1.86,19.32,35.94,UPI,Cancelled by Customer,
RPD100589,CUST3637,DRV158,Mumbai,Dadar,Dadar,2026-07-10 21:08:00,Cab Economy,6.89,6.7,Very High,36.0,Heavy Rain,1.89,97.68,184.62,cash ,COMPLETED,
RPD101194,CUST3585,DRV655,BANGALORE,Jayanagar,Electronic City,14-Jun-2026 04:39 PM,Auto,0.54,35.4,Low,26.0,Rain,1.0,19.86,19.86,wallet,COMPLETED,4.2
RPD102685,CUST1495,,mumbai,Colaba,Colaba,2026-06-03 09:06:00,Auto,-11.46,6.9,Very High,2.0,Heavy Rain,1.92,15.9,30.53,cash ,Cancelled by Customer,
RPD101441,CUST2130,DRV513,bangalore,Indiranagar,MG Road,2026-06-29 13:35:00,Bike,2.32,26.0,Low,19.0,Clear,1.09,28.92,31.52,upi,completed,3.3
RPD101991,CUST3015,DRV572,bangalore,MG Road,Jayanagar,15-Jul-2026 05:43 PM,Auto,8.37,20.5,Medium,24.0,,1.18,90.33,106.59,Card,Completed,5.0
RPD104678,CUST1282,DRV217,Bangalore,Koramangala,Jayanagar,10-Jun-2026 11:06 AM,bike,4.13,17.2,Low,18.0,Cloudy,1.0,39.78,39.78,UPI,completed,5.0
RPD104771,CUST2715,DRV230,BANGALORE,Electronic City,HSR Layout,14/07/2026 14:49,bike,6.0,19.7,Medium,14.0,Fog,1.17,51.0,59.67,UPI,Completed,5.0
RPD103975,CUST2637,DRV508,Mumbai,Borivali,Dadar,21/06/2026 10:03,auto,8.63,9.4,Low,22.0,Heavy Rain,1.06,92.67,98.23,Cash,COMPLETED,4.2
RPD101764,CUST2182,,Pune,Kothrud,Hinjewadi,2026-07-14 01:05:00,Cab Economy,1.67,7.1,Very High,26.0,Heavy Rain,1.84,35.04,64.47,UPI,Cancelled by Customer,
RPD100413,CUST2667,DRV472,Mumbai,Powai,Borivali,06-Jul-2026 05:41 AM,Bike,1.47,37.8,Low,23.0,Clear,1.0,23.82,23.82,upi,Completed,4.7
RPD103225,CUST3193,DRV148,mumbai,Bandra,Powai,2026-06-30 13:05:00,Auto,3.66,9.9,Very High,25.0,Rain,1.98,47.94,94.92,wallet,Cancelled by Driver,
RPD100626,CUST2983,DRV215,mumbai,Colaba,Powai,2026-07-13 15:16:00,Cab Economy,-2.41,38.2,Medium,16.0,Fog,1.19,16.2,19.28,Card,Ongoing,
RPD101768,CUST1446,DRV591,Pune,Baner,Viman Nagar,15/06/2026 07:14,Cab Premium,5.57,55.7,Low,16.0,,1.0,115.26,115.26,UPI,Ongoing,
RPD102205,CUST3264,DRV526,Mumbai,Colaba,Powai,2026-06-18 04:43:00,Cab Premium,6.02,16.1,Low,22.0,,1.05,123.36,129.53,,Ongoing,
RPD104312,CUST3646,DRV270,BANGALORE,MG Road,HSR Layout,2026-07-14 10:43:00,,3.04,16.4,Low,23.0,Clear,1.0,51.48,Rs. 51.48,upi,Completed,4.2
RPD102766,CUST2953,DRV637,mumbai,Borivali,Powai,23/06/2026 04:21,,2.43,17.4,Very High,9.0,Heavy Rain,1.85,44.16,81.7,Cash,Ongoing,
RPD102906,CUST2372,DRV383,Bengaluru,MG Road,Indiranagar,2026-07-12 20:40:00,,5.79,47.7,Very High,2.0,Clear,1.99,84.48,168.12,Wallet,Completed,3.5
RPD104391,CUST2931,DRV225,BANGALORE,Koramangala,HSR Layout,10-Jul-2026 12:23 PM,Cab Premium,1.7,29.3,Medium,19.0,Cloudy,1.15,45.6,52.44,cash ,Ongoing,
RPD101423,CUST2239,DRV478,hyderabad ,Madhapur,Madhapur,2026-07-14 01:53:00,Cab Economy,4.3,18.1,Low,18.0,Fog,1.04,66.6,69.26,wallet,Ongoing,
RPD103146,CUST3366,,bangalore,MG Road,Indiranagar,23-Jun-2026 01:07 PM,BIKE,4.95,39.5,Low,17.0,Cloudy,1.05,44.7,46.94,cash ,Cancelled by Customer,
RPD102055,CUST1867,DRV409,mumbai,Borivali,Borivali,04-Jun-2026 10:20 AM,cab economy,3.74,9.4,Medium,16.0,Fog,1.17,59.88,70.06,Wallet,completed,4.4
,,,,,,,,,,,,,,,,,,
RPD101730,CUST3821,DRV455,Mumbai,Colaba,Bandra,10-Jul-2026 06:19 AM,Bike,3.88,17.8,Very High,15.0,Heavy Rain,1.94,38.28,74.26,Cash,completed,5.0
RPD102180,CUST3102,,Mumbai,Borivali,Powai,2026-06-28 13:25:00,auto,5.1,8.9,Medium,9.0,Fog,1.2,60.9,73.08,wallet,Cancelled by Customer,
RPD101392,CUST2939,,hyderabad ,Gachibowli,Banjara Hills,2026-06-16 05:52:00,Cab Premium,0.53,19.3,Medium,24.0,Fog,1.21,24.54,29.69,cash ,Cancelled by Customer,
RPD104886,CUST1487,DRV525,Mumbai,Bandra,Dadar,09-Jul-2026 09:31 PM,Cab Economy,6.75,8.9,Very High,15.0,Rain,1.84,96.0,176.64,Card,Ongoing,
RPD100570,CUST1342,DRV374,Pune,Hinjewadi,Camp,09-Jun-2026 11:48 PM,Bike,2.37,22.5,Medium,19.0,Clear,1.23,29.22,35.94,Cash,Completed,4.0
RPD102117,CUST1936,DRV235,mumbai,Dadar,Borivali,2026-07-03 03:11:00,auto,2.45,9.2,Low,12.0,,1.03,37.05,38.16,Cash,COMPLETED,4.5
RPD104500,CUST1610,DRV313,Bangalore,Koramangala,HSR Layout,2026-06-23 09:09:00,,4.08,36.0,Very High,9.0,Rain,1.93,63.96,123.44,Card,Completed,4.6
RPD101138,CUST1812,DRV224,mumbai,Dadar,Borivali,2026-06-13 03:27:00,bike,2.05,11.0,Medium,25.0,Rain,1.2,27.3,32.76,cash ,completed,4.7
RPD100665,CUST2934,DRV775,Pune,Hinjewadi,Hinjewadi,15-Jun-2026 06:32 PM,,10.66,9.1,Very High,8.0,,1.87,142.92,267.26,,Ongoing,
RPD100357,CUST2470,DRV441,hyderabad ,Kukatpally,Kukatpally,28/06/2026 12:54,Auto,5.09,11.0,Low,11.0,Clear,1.01,60.81,61.42,Card,Completed,5.0
RPD103039,CUST3288,DRV253,Pune,Camp,Camp,01-Jul-2026 02:02 AM,bike,7.87,13.8,Medium,12.0,Clear,1.22,62.22,75.91,Cash,completed,4.4
RPD100681,CUST1223,DRV374,Bengaluru,Koramangala,Whitefield,18-Jun-2026 04:13 PM,Cab Economy,8.91,26.5,Low,11.0,Heavy Rain,1.0,121.92,121.92,,Cancelled by Driver,
RPD104901,CUST2905,DRV227,hyderabad ,Banjara Hills,Gachibowli,02/07/2026 22:08,Cab Premium,5.81,3.8,Low,12.0,Fog,1.0,119.58,119.58,upi,Completed,4.5
RPD104341,CUST1343,DRV277,mumbai,Bandra,Colaba,2026-07-09 08:09:00,Auto,5.67,47.3,Very High,8.0,,1.83,66.03,120.83,Card,completed,5.0
RPD101722,CUST2928,DRV695,Pune,Viman Nagar,Kothrud,2026-07-04 21:41:00,Bike,9.34,11.9,Very High,17.0,Rain,1.9,71.04,Rs. 134.98,wallet,Cancelled by Driver,
RPD103620,CUST1031,,mumbai,Andheri,Bandra,2026-06-02 10:16:00,cab economy,5.03,37.7,Low,22.0,Fog,1.04,75.36,78.37,upi,Cancelled by Customer,
RPD103287,CUST2187,DRV731,mumbai,Powai,Colaba,2026-06-16 01:00:00,,6.97,15.4,Low,12.0,Cloudy,1.0,98.64,98.64,upi,Cancelled by Driver,
RPD103514,CUST1457,DRV747,Bengaluru,Koramangala,Indiranagar,2026-07-12 12:59:00,BIKE,3.94,18.7,Low,22.0,Cloudy,1.01,38.64,39.03,Wallet,COMPLETED,5.0
RPD102109,CUST3093,DRV157,Bangalore,Electronic City,Koramangala,18-Jun-2026 07:37 PM,BIKE,3.77,6.9,Very High,6.0,Rain,1.91,37.62,71.85,cash ,Cancelled by Driver,
RPD104340,CUST3371,DRV112,Bangalore,Indiranagar,Koramangala,2026-06-04 21:46:00,Bike,4.67,22.9,Low,25.0,,1.0,43.02,43.02,UPI,Ongoing,
RPD101952,CUST3370,DRV377,mumbai,Dadar,Andheri,22/06/2026 19:53,BIKE,15.52,38.0,Very High,12.0,Rain,1.8,108.12,Rs. 194.62,Card,completed,3.6
RPD101096,CUST1281,DRV579,Hyderabad,Gachibowli,Banjara Hills,05-Jul-2026 02:13 AM,auto,6.42,14.2,Very High,27.0,Heavy Rain,1.93,72.78,140.47,Card,completed,4.6
RPD104348,CUST1057,DRV116,Hyderabad,Gachibowli,Gachibowli,09/06/2026 12:56,BIKE,2.1,18.2,Medium,16.0,,1.08,27.6,Rs. 29.81,,Cancelled by Driver,
RPD103220,CUST1448,DRV588,bangalore,Jayanagar,Indiranagar,2026-07-07 13:54:00,bike,0.5,12.7,Low,14.0,Cloudy,5.15,18.0,92.7,Cash,Cancelled by Driver,
RPD104007,CUST1097,,mumbai,Bandra,Powai,2026-06-04 22:00:00,Auto,2.23,12.4,Very High,23.0,Heavy Rain,1.89,35.07,66.28,upi,Cancelled by Customer,
RPD102737,CUST1593,DRV401,Mumbai,Colaba,Bandra,2026-06-27 07:20:00,,12.24,6.0,Low,18.0,Cloudy,1.0,161.88,161.88,Card,completed,4.6
RPD104112,CUST3790,,Mumbai,Bandra,Dadar,2026-06-24 09:47:00,Cab Premium,4.56,25.1,Very High,8.0,Clear,1.85,97.08,179.6,Wallet,Cancelled by Customer,
RPD104910,CUST1595,DRV223,Hyderabad,Madhapur,Madhapur,2026-07-09 19:03:00,Bike,5.06,20.6,Very High,3.0,Fog,1.85,45.36,83.92,UPI,completed,4.9
RPD104676,CUST2404,DRV509,Mumbai,Bandra,Dadar,18-Jun-2026 04:02 AM,,2.85,3.0,Very High,9.0,Heavy Rain,1.9,49.2,93.48,Card,Completed,5.0
RPD102316,CUST2840,,Pune,Viman Nagar,Camp,2026-06-30 05:14:00,Bike,1.6,5.5,Very High,15.0,Heavy Rain,1.94,24.6,47.72,upi,Cancelled by Customer,
RPD104127,CUST1072,DRV320,hyderabad ,Banjara Hills,Madhapur,2026-07-15 21:46:00,,5.82,21.9,Low,27.0,Clear,1.0,84.84,84.84,Cash,Completed,4.1
RPD104337,CUST3396,,hyderabad ,Banjara Hills,Gachibowli,2026-07-05 01:58:00,Auto,6.62,15.6,Low,25.0,Cloudy,1.0,74.58,74.58,upi,Cancelled by Customer,
RPD100682,CUST1081,DRV121,Bengaluru,Whitefield,MG Road,2026-06-03 09:28:00,Auto,5.1,15.2,Very High,6.0,,1.91,60.9,116.32,wallet,completed,4.8
RPD101108,CUST1032,DRV323,Bengaluru,MG Road,Indiranagar,07/07/2026 09:19,Auto,8.06,6.6,High,5.0,Clear,4.73,87.54,414.06,Cash,completed,4.6
RPD103186,CUST3650,DRV341,bangalore,HSR Layout,Whitefield,2026-07-12 06:15:00,Cab Economy,10.79,7.9,Very High,20.0,Rain,1.93,144.48,Rs. 278.85,,Cancelled by Driver,
RPD103336,CUST2384,DRV726,hyderabad ,Kukatpally,Hitech City,2026-06-25 03:04:00,bike,7.56,9.5,Low,14.0,Clear,1.0,60.36,60.36,Card,Ongoing,
RPD100007,CUST3792,DRV649,bangalore,Indiranagar,MG Road,11/06/2026 21:27,cab economy,1.84,17.7,Medium,10.0,Fog,1.08,37.08,40.05,Card,COMPLETED,4.0
RPD102767,CUST2821,DRV736,Pune,Viman Nagar,Camp,2026-07-01 03:14:00,auto,7.06,3.4,Low,20.0,Cloudy,1.12,78.54,87.96,Wallet,Cancelled by Driver,
RPD101298,CUST1650,DRV546,Bangalore,Whitefield,Indiranagar,2026-07-14 20:47:00,,3.85,22.3,High,10.0,Fog,1.39,61.2,85.07,upi,Cancelled by Driver,
RPD103764,CUST2127,DRV710,mumbai,Bandra,Colaba,18-Jun-2026 08:00 AM,auto,-1.16,12.2,Very High,3.0,Cloudy,1.88,15.9,,Card,COMPLETED,4.9
RPD104353,CUST2235,DRV336,mumbai,Dadar,Colaba,14-Jun-2026 02:32 AM,Auto,-2.32,3.7,Low,7.0,,1.09,15.9,17.33,,Cancelled by Driver,
RPD103139,CUST3268,DRV141,BANGALORE,Electronic City,HSR Layout,17-Jun-2026 08:09 PM,,3.01,41.6,High,5.0,Cloudy,1.4,51.12,71.57,UPI,Cancelled by Driver,
RPD102756,CUST1353,DRV378,Pune,Kothrud,Camp,2026-07-09 03:56:00,Cab Economy,2.51,21.6,Medium,20.0,Fog,1.14,45.12,51.44,UPI,completed,5.0
RPD102662,CUST2074,DRV486,Mumbai,Andheri,Colaba,14-Jul-2026 07:02 PM,Cab Premium,1.19,4.0,Very High,15.0,,1.88,36.42,68.47,UPI,Completed,5.0
RPD101833,CUST2483,DRV128,Hyderabad,Gachibowli,Banjara Hills,2026-06-27 02:42:00,Bike,5.1,20.3,Low,19.0,Clear,1.0,45.6,45.6,Cash,Ongoing,
RPD102040,CUST1386,DRV605,hyderabad ,Gachibowli,Gachibowli,2026-07-11 18:47:00,,1.9,23.5,Very High,6.0,Heavy Rain,1.88,37.8,71.06,cash ,Completed,3.9
RPD102853,CUST1673,DRV556,Pune,Viman Nagar,Camp,16/07/2026 22:12,Bike,7.64,19.0,Low,22.0,Clear,1.0,60.84,60.84,UPI,COMPLETED,4.5
RPD102836,CUST2807,DRV337,Bengaluru,Electronic City,Koramangala,2026-07-05 01:11:00,bike,6.6,8.7,Medium,18.0,,1.13,54.6,61.7,wallet,completed,5.0
RPD104199,CUST3949,DRV784,Bengaluru,MG Road,Indiranagar,21-Jun-2026 03:36 AM,BIKE,5.9,18.1,Medium,8.0,Rain,1.16,50.4,Rs. 58.46,cash ,COMPLETED,4.9
RPD102881,CUST1840,DRV163,Hyderabad,Hitech City,Gachibowli,29-Jun-2026 03:13 PM,,4.18,21.9,Medium,37.0,Fog,1.17,65.16,76.24,,Cancelled by Driver,
RPD101142,CUST3267,DRV327,Bangalore,Electronic City,Indiranagar,25-Jun-2026 07:31 PM,BIKE,1.42,13.2,Very High,13.0,Rain,1.9,23.52,44.69,Cash,Completed,3.4
RPD104996,CUST2613,DRV363,Mumbai,Bandra,Dadar,27/06/2026 16:38,bike,0.93,36.0,Low,21.0,Fog,1.09,20.58,22.43,Cash,completed,4.5
RPD104938,CUST3252,DRV248,Hyderabad,Banjara Hills,Hitech City,2026-06-09 22:47:00,cab economy,3.41,28.3,Low,9.0,Cloudy,1.0,55.92,55.92,Card,completed,3.8
RPD100518,CUST1858,DRV507,Pune,Viman Nagar,Viman Nagar,03-Jul-2026 05:42 PM,bike,3.95,12.7,Low,12.0,Clear,1.0,38.7,38.7,Card,completed,5.0
RPD103281,CUST2022,,Mumbai,Andheri,Colaba,2026-06-20 05:39:00,Cab Economy,10.04,23.3,Low,27.0,Cloudy,1.0,135.48,135.48,cash ,Cancelled by Customer,
RPD102532,CUST1819,DRV751,hyderabad ,Hitech City,Kukatpally,10/07/2026 08:01,Auto,2.86,14.4,High,9.0,,1.44,40.74,58.67,Card,Ongoing,
RPD103875,CUST3123,DRV217,bangalore,HSR Layout,Jayanagar,2026-06-25 16:42:00,Cab Premium,20.4,44.1,Low,18.0,,1.0,382.2,382.2,UPI,Cancelled by Driver,
RPD102736,CUST1882,DRV369,BANGALORE,Electronic City,MG Road,03/07/2026 02:20,Auto,2.35,19.9,Low,24.0,Clear,1.05,36.15,37.96,cash ,Completed,4.3
RPD102327,CUST3090,DRV416,Hyderabad,Kukatpally,Gachibowli,2026-06-11 14:02:00,bike,2.88,15.3,Low,28.0,Cloudy,1.04,32.28,33.57,wallet,Cancelled by Driver,
RPD104130,CUST2159,DRV687,Hyderabad,Gachibowli,Madhapur,2026-07-10 23:27:00,,1.22,16.2,Very High,17.0,Heavy Rain,1.91,29.64,56.61,upi,completed,5.0
RPD104426,CUST2343,DRV324,bangalore,Whitefield,Whitefield,2026-06-12 07:11:00,auto,1.72,34.3,Low,22.0,Rain,1.0,30.48,30.48,Card,completed,4.2
RPD103215,CUST3576,DRV194,Bengaluru,Koramangala,MG Road,06-Jul-2026 12:11 AM,bike,1.78,17.4,Low,15.0,,1.0,25.68,25.68,Card,Cancelled by Driver,
RPD100052,CUST2094,DRV102,Pune,Baner,Baner,2026-06-16 14:35:00,BIKE,5.39,15.5,Low,15.0,Clear,1.0,47.34,47.34,Card,Ongoing,
RPD102806,CUST1669,DRV511,bangalore,Whitefield,MG Road,27/06/2026 17:15,Cab Economy,7.01,10.1,Low,19.0,Rain,1.0,99.12,99.12,Card,Cancelled by Driver,
RPD102934,CUST2901,DRV431,Bangalore,Electronic City,HSR Layout,12/06/2026 09:53,Auto,3.62,7.8,Very High,4.0,Fog,1.91,47.58,,Cash,COMPLETED,5.0
RPD101587,CUST2375,,Hyderabad,Banjara Hills,Madhapur,10/07/2026 14:39,BIKE,1.28,37.8,Medium,16.0,Clear,1.17,22.68,26.54,wallet,Cancelled by Customer,
RPD100512,CUST2631,DRV486,Mumbai,Bandra,Borivali,2026-06-13 07:27:00,cab economy,3.24,17.6,Low,23.0,,1.0,53.88,53.88,Cash,Cancelled by Driver,
RPD101060,CUST1204,,BANGALORE,Whitefield,Electronic City,2026-07-08 08:11:00,auto,4.54,26.2,High,13.0,,1.52,55.86,84.91,Wallet,Cancelled by Customer,
RPD102070,CUST1252,DRV629,Hyderabad,Banjara Hills,Madhapur,07-Jun-2026 01:19 PM,Cab Economy,2.56,32.1,Low,12.0,Rain,1.0,45.72,45.72,Wallet,Completed,4.6
RPD100675,CUST3996,DRV784,Hyderabad,Madhapur,Gachibowli,2026-06-30 09:58:00,cab economy,3.62,3.3,Very High,16.0,Cloudy,1.83,58.44,106.95,upi,Cancelled by Driver,
RPD102374,CUST1365,,Hyderabad,Gachibowli,Madhapur,21/06/2026 18:47,Bike,9.96,14.1,Very High,10.0,Heavy Rain,1.86,74.76,139.05,Cash,Cancelled by Customer,
RPD104355,CUST1946,DRV610,BANGALORE,HSR Layout,MG Road,16-Jun-2026 07:28 PM,,2.64,34.1,Very High,13.0,Fog,1.96,46.68,91.49,Wallet,completed,3.5
RPD100651,CUST1793,DRV451,hyderabad ,Kukatpally,Hitech City,2026-06-25 12:44:00,bike,7.14,11.9,Low,20.0,Cloudy,1.0,57.84,57.84,wallet,Cancelled by Driver,
RPD101544,CUST3031,DRV489,Hyderabad,Banjara Hills,Madhapur,2026-07-08 07:51:00,Cab Economy,2.42,32.4,Low,17.0,Fog,1.03,44.04,45.36,Card,Ongoing,
RPD100213,CUST3680,DRV191,mumbai,Colaba,Powai,11/06/2026 21:56,auto,2.55,20.2,Low,22.0,,1.04,37.95,39.47,cash ,COMPLETED,5.0
RPD104681,CUST3803,DRV624,Mumbai,Andheri,Andheri,2026-06-25 04:08:00,,9.76,18.9,Low,27.0,Cloudy,1.04,132.12,137.4,Cash,Ongoing,
RPD100724,CUST2329,DRV326,Pune,Kothrud,Viman Nagar,2026-06-18 00:26:00,auto,5.27,45.5,Very High,23.0,Heavy Rain,1.98,62.43,123.61,upi,completed,
RPD100116,CUST1599,DRV397,Bengaluru,MG Road,MG Road,2026-07-02 10:30:00,auto,5.6,13.9,Very High,23.0,Heavy Rain,1.94,65.4,126.88,UPI,Cancelled by Driver,
RPD102728,CUST1681,DRV476,Bengaluru,Jayanagar,Koramangala,05-Jul-2026 01:50 AM,Bike,3.91,18.8,Low,28.0,Fog,1.12,38.46,43.08,UPI,COMPLETED,4.5
RPD104918,CUST2426,DRV155,Mumbai,Colaba,Dadar,2026-07-13 01:39:00,cab economy,2.97,12.0,Medium,26.0,Cloudy,1.16,50.64,58.74,Card,completed,5.0
RPD103891,CUST1446,DRV623,Bangalore,Indiranagar,Whitefield,06-Jul-2026 10:49 PM,Cab Economy,2.3,18.0,Medium,21.0,Heavy Rain,1.14,42.6,48.56,Card,COMPLETED,4.8
RPD101525,CUST2921,,Bengaluru,Koramangala,Electronic City,07-Jul-2026 03:08 PM,Auto,9.53,8.7,Low,20.0,Fog,1.04,100.77,104.8,,Cancelled by Customer,
RPD103235,CUST3706,DRV684,BANGALORE,Whitefield,HSR Layout,05/07/2026 13:43,BIKE,3.55,11.5,Very High,31.0,Rain,1.81,36.3,65.7,UPI,Ongoing,
RPD102194,CUST3004,,mumbai,Bandra,Andheri,09-Jul-2026 04:17 PM,cab economy,4.23,6.3,Low,24.0,Heavy Rain,4.15,65.76,272.9,,Cancelled by Customer,
RPD102979,CUST2074,,bangalore,Koramangala,Whitefield,2026-07-08 20:00:00,Cab Economy,11.36,7.8,Very High,12.0,Cloudy,1.94,151.32,Rs. 293.56,wallet,Cancelled by Customer,
RPD100492,CUST3698,DRV463,mumbai,Andheri,Powai,13-Jun-2026 01:49 PM,,5.0,10.2,Low,26.0,Clear,1.0,75.0,75.0,Wallet,COMPLETED,
RPD101860,CUST3466,DRV438,Mumbai,Powai,Colaba,13/07/2026 08:47,BIKE,1.93,29.3,High,0.0,,1.38,26.58,36.68,Wallet,completed,4.6
RPD100378,CUST1774,DRV164,Hyderabad,Gachibowli,Gachibowli,2026-07-04 20:01:00,BIKE,1.54,10.5,High,18.0,Cloudy,1.39,24.24,33.69,UPI,Cancelled by Driver,
RPD103498,CUST1415,DRV305,Hyderabad,Kukatpally,Banjara Hills,07-Jun-2026 05:59 AM,auto,4.89,9.6,Medium,23.0,Fog,1.1,59.01,64.91,cash ,Cancelled by Driver,
RPD100232,CUST3411,DRV226,bangalore,Whitefield,Electronic City,13-Jun-2026 06:07 AM,Auto,2.37,19.7,Low,15.0,,1.0,36.33,36.33,,COMPLETED,4.5
RPD104480,CUST2141,DRV721,Bengaluru,Electronic City,Jayanagar,2026-07-08 23:14:00,auto,1.97,20.3,Medium,19.0,Fog,1.03,32.73,33.71,cash ,COMPLETED,5.0
RPD102167,CUST1192,DRV742,Mumbai,Bandra,Bandra,15/07/2026 22:00,cab economy,4.32,4.7,Medium,21.0,Cloudy,1.19,66.84,79.54,,Ongoing,
RPD102144,CUST2059,DRV459,bangalore,Whitefield,Electronic City,02/06/2026 00:29,BIKE,0.7,4.9,Medium,15.0,,1.08,19.2,20.74,wallet,Ongoing,
RPD102774,CUST3854,DRV601,mumbai,Bandra,Borivali,05-Jun-2026 10:28 PM,Bike,6.64,35.7,Very High,19.0,Heavy Rain,1.84,54.84,100.91,Card,Cancelled by Driver,
RPD100423,CUST3838,DRV507,Pune,Kothrud,Baner,10-Jun-2026 12:18 AM,Auto,3.11,8.7,Very High,13.0,Heavy Rain,1.87,42.99,80.39,cash ,Cancelled by Driver,
RPD104420,CUST2247,DRV217,mumbai,Powai,Powai,2026-06-09 15:57:00,bike,3.62,13.3,Medium,23.0,Fog,1.19,36.72,43.7,UPI,Ongoing,
RPD101382,CUST2898,DRV457,Bengaluru,Jayanagar,HSR Layout,24/06/2026 18:29,BIKE,10.78,20.8,High,6.0,Cloudy,1.38,79.68,109.96,,Completed,5.0
RPD101697,CUST2082,DRV694,Mumbai,Powai,Borivali,16/07/2026 18:51,Auto,1.67,16.2,Very High,14.0,Clear,1.76,30.03,52.85,wallet,completed,4.3
RPD100662,CUST1970,DRV308,Bangalore,MG Road,Whitefield,17-Jun-2026 12:43 AM,Bike,4.12,15.0,Low,14.0,Fog,1.04,39.72,41.31,Wallet,Completed,5.0
RPD102729,CUST3174,DRV197,Mumbai,Powai,Borivali,15-Jun-2026 01:25 AM,cab economy,1.73,21.8,Very High,11.0,Rain,1.88,35.76,67.23,,Completed,
RPD103644,CUST1085,DRV472,mumbai,Colaba,Borivali,07-Jun-2026 07:27 AM,BIKE,3.86,29.8,Low,14.0,Clear,1.02,38.16,38.92,UPI,completed,4.0
RPD103461,CUST3586,DRV562,mumbai,Colaba,Powai,17/06/2026 11:43,BIKE,6.84,14.0,Medium,14.0,Clear,3.59,56.04,201.18,upi,COMPLETED,3.9
RPD102931,CUST3962,,Pune,Hinjewadi,Camp,02/06/2026 18:51,,3.83,13.3,High,9.0,,1.37,60.96,Rs. 83.52,Cash,Cancelled by Customer,
RPD104659,CUST3237,DRV564,Bengaluru,Koramangala,MG Road,2026-06-24 12:19:00,,2.97,33.0,Low,15.0,Fog,1.0,50.64,50.64,Wallet,completed,5.0
RPD100723,CUST3054,DRV787,Mumbai,Powai,Colaba,03-Jul-2026 05:54 PM,cab economy,0.51,8.0,Low,16.0,Rain,1.06,21.12,22.39,UPI,Cancelled by Driver,
RPD104225,CUST2931,DRV755,mumbai,Dadar,Powai,21-Jun-2026 07:50 AM,Cab Economy,1.91,14.6,Medium,20.0,,1.1,37.92,41.71,Card,Completed,3.8
RPD102957,CUST2854,DRV774,Bangalore,Whitefield,Koramangala,24/06/2026 05:47,Bike,5.38,21.8,Very High,29.0,Rain,1.89,47.28,89.36,,completed,
RPD101537,CUST2141,DRV166,Bangalore,Electronic City,Jayanagar,2026-07-09 18:15:00,Bike,4.21,10.7,Very High,5.0,Heavy Rain,1.79,40.26,72.07,Wallet,completed,4.0
RPD103942,CUST2126,DRV583,bangalore,Koramangala,Indiranagar,2026-06-30 20:18:00,Auto,8.73,10.1,High,13.0,Cloudy,1.36,93.57,127.26,UPI,Completed,4.2
RPD101128,CUST3045,DRV515,Bangalore,Whitefield,Electronic City,2026-06-16 07:15:00,Auto,6.81,9.3,Medium,24.0,Clear,1.1,76.29,83.92,UPI,Ongoing,
RPD104783,CUST2521,DRV229,hyderabad ,Hitech City,Hitech City,23/06/2026 23:08,,2.79,12.6,Medium,29.0,Cloudy,1.12,48.48,54.3,Wallet,Cancelled by Driver,
RPD100696,CUST1600,DRV246,mumbai,Colaba,Colaba,09/07/2026 08:51,Auto,2.07,14.4,Very High,4.0,Rain,1.9,33.63,63.9,Cash,Ongoing,
RPD101147,CUST1259,DRV421,BANGALORE,Koramangala,MG Road,2026-06-05 07:49:00,auto,0.63,23.0,Medium,16.0,,1.08,20.67,22.32,Card,COMPLETED,4.2
RPD101087,CUST2090,,BANGALORE,HSR Layout,Whitefield,25-Jun-2026 07:11 PM,,2.12,46.9,Very High,3.0,Rain,1.83,40.44,74.01,Cash,Cancelled by Customer,
RPD102954,CUST3692,DRV231,mumbai,Bandra,Borivali,2026-06-22 19:48:00,Cab Economy,4.3,16.3,Very High,6.0,Clear,1.89,66.6,125.87,Card,Ongoing,
RPD100187,CUST2985,DRV452,Bangalore,Koramangala,Whitefield,2026-06-25 04:26:00,,4.53,11.3,Low,24.0,Clear,1.0,69.36,69.36,Wallet,Ongoing,
RPD101078,CUST1775,DRV481,Hyderabad,Kukatpally,Kukatpally,2026-06-08 01:58:00,,3.96,20.3,Low,18.0,,1.0,62.52,62.52,wallet,Completed,4.9
RPD101658,CUST2964,DRV490,Bangalore,Koramangala,Jayanagar,21/06/2026 18:30,BIKE,2.47,9.1,Very High,3.0,Rain,1.89,29.82,56.36,wallet,COMPLETED,4.2
RPD103899,CUST3222,DRV702,hyderabad ,Kukatpally,Hitech City,26/06/2026 18:25,Cab Economy,1.79,21.5,Very High,12.0,Cloudy,1.91,36.48,69.68,,completed,
RPD103482,CUST2146,DRV504,Mumbai,Colaba,Colaba,2026-07-07 20:03:00,Auto,4.99,10.2,Very High,7.0,Clear,1.9,59.91,113.83,cash ,Completed,4.4
RPD100636,CUST1275,DRV100,hyderabad ,Gachibowli,Madhapur,02-Jul-2026 04:14 AM,auto,5.29,28.7,Medium,15.0,,1.12,62.61,Rs. 70.12,Cash,COMPLETED,4.6
RPD103453,CUST2208,DRV265,Mumbai,Borivali,Colaba,2026-07-16 18:57:00,cab economy,9.36,15.8,High,15.0,,1.38,127.32,,Wallet,COMPLETED,3.8
RPD104707,CUST2896,DRV650,Bangalore,Electronic City,Whitefield,2026-06-21 03:05:00,Bike,1.82,10.0,Very High,13.0,Rain,1.89,25.92,48.99,,Completed,3.7
RPD101129,CUST2098,DRV750,mumbai,Borivali,Powai,24/06/2026 14:49,auto,7.37,16.9,Low,15.0,Cloudy,1.0,81.33,81.33,Wallet,COMPLETED,5.0
RPD100688,CUST3006,DRV707,Hyderabad,Gachibowli,Madhapur,2026-06-02 12:49:00,auto,5.96,7.8,Very High,20.0,Heavy Rain,1.93,68.64,132.48,cash ,completed,4.6
RPD104538,CUST2226,DRV751,Bengaluru,Koramangala,Jayanagar,2026-06-21 16:47:00,Auto,8.47,14.8,Low,19.0,Fog,1.0,91.23,91.23,UPI,COMPLETED,4.5
RPD100808,CUST1774,DRV315,Bengaluru,Koramangala,Jayanagar,25-Jun-2026 05:05 AM,Cab Economy,4.27,11.0,Low,12.0,Cloudy,1.05,66.24,69.55,Wallet,COMPLETED,5.0
RPD102210,CUST2180,,Mumbai,Dadar,Bandra,2026-07-03 03:57:00,Cab Premium,6.43,34.4,Medium,29.0,Heavy Rain,1.2,130.74,156.89,Cash,Cancelled by Customer,
RPD104379,CUST2998,DRV416,Bangalore,Whitefield,Jayanagar,2026-06-21 12:36:00,BIKE,5.21,14.6,Low,11.0,Fog,1.06,46.26,49.04,Cash,COMPLETED,4.3
RPD100256,CUST2352,DRV216,Hyderabad,Kukatpally,Madhapur,2026-06-01 16:56:00,auto,9.08,16.7,Very High,21.0,Rain,1.93,96.72,186.67,,COMPLETED,4.9
RPD100316,CUST2171,DRV572,Hyderabad,Kukatpally,Hitech City,2026-06-16 16:34:00,,4.9,4.9,Low,25.0,,1.0,73.8,73.8,Cash,Cancelled by Driver,
RPD104031,CUST1521,DRV569,Pune,Viman Nagar,Kothrud,2026-06-11 15:05:00,BIKE,1.54,22.4,Medium,17.0,,1.16,24.24,Rs. 28.12,Wallet,completed,4.4
RPD102044,CUST1081,DRV220,Hyderabad,Hitech City,Madhapur,2026-07-13 05:26:00,Cab Premium,5.94,41.3,Medium,16.0,,1.11,121.92,135.33,UPI,Ongoing,
RPD101963,CUST1890,DRV567,bangalore,MG Road,Electronic City,04-Jul-2026 04:05 PM,BIKE,9.82,20.3,Medium,23.0,Clear,1.23,73.92,90.92,wallet,Cancelled by Driver,
RPD103934,CUST1607,DRV791,BANGALORE,Koramangala,Whitefield,2026-07-01 21:32:00,,8.59,7.1,Very High,12.0,Rain,1.92,118.08,226.71,,Cancelled by Driver,
RPD104746,CUST3305,,Hyderabad,Banjara Hills,Hitech City,12-Jul-2026 01:36 AM,Auto,6.42,7.8,Medium,20.0,Fog,1.09,72.78,79.33,,Cancelled by Customer,
RPD103439,CUST2224,DRV113,Pune,Baner,Baner,2026-07-04 06:36:00,Cab Premium,2.79,7.1,Very High,25.0,Rain,1.79,65.22,116.74,UPI,Ongoing,
RPD104147,CUST1850,DRV248,Mumbai,Powai,Borivali,10-Jul-2026 06:22 PM,bike,1.02,41.1,High,9.0,Clear,1.4,21.12,29.57,upi,Completed,4.7
RPD103895,CUST3921,DRV775,bangalore,Whitefield,HSR Layout,2026-07-15 13:26:00,cab economy,10.4,35.0,Low,19.0,,1.02,139.8,142.6,Cash,completed,3.9
RPD104375,CUST3925,DRV255,Pune,Viman Nagar,Kothrud,2026-06-15 12:39:00,Auto,2.16,32.1,Very High,31.0,Rain,1.98,34.44,68.19,upi,COMPLETED,5.0
RPD103277,CUST3451,DRV188,mumbai,Powai,Andheri,2026-07-01 15:25:00,Cab Premium,3.9,17.9,Medium,14.0,Clear,1.09,85.2,92.87,upi,Cancelled by Driver,
RPD103791,CUST1840,DRV369,Bengaluru,Koramangala,Electronic City,2026-07-12 07:38:00,Cab Economy,0.83,10.8,Medium,14.0,,1.13,24.96,28.2,Wallet,completed,4.0
RPD104503,CUST2098,,bangalore,Indiranagar,MG Road,29/06/2026 01:07,Bike,5.16,12.8,Low,19.0,Rain,1.1,45.96,50.56,cash ,Cancelled by Customer,
RPD100361,CUST1435,DRV216,Hyderabad,Hitech City,Kukatpally,10/07/2026 01:15,Bike,2.47,15.6,Medium,20.0,Heavy Rain,1.16,29.82,34.59,,Completed,4.3
RPD101448,CUST1699,,Bangalore,Koramangala,MG Road,15-Jul-2026 05:30 PM,bike,2.14,11.1,Very High,28.0,Heavy Rain,1.91,27.84,53.17,upi,Cancelled by Customer,
RPD101167,CUST3714,DRV598,hyderabad ,Hitech City,Hitech City,06/07/2026 20:20,auto,3.12,11.0,Very High,17.0,Cloudy,1.88,43.08,80.99,,COMPLETED,5.0
RPD100585,CUST1883,DRV797,hyderabad ,Gachibowli,Hitech City,08/07/2026 12:30,BIKE,1.0,11.4,Low,8.0,,1.04,21.0,21.84,Cash,COMPLETED,4.1
RPD104786,CUST1468,DRV349,Hyderabad,Kukatpally,Madhapur,28/06/2026 19:50,,-2.28,9.7,Very High,11.0,Rain,1.9,16.2,30.78,,Cancelled by Driver,
RPD102359,CUST1940,DRV747,Pune,Hinjewadi,Kothrud,07/07/2026 10:39,BIKE,3.37,8.7,Low,16.0,,1.0,35.22,35.22,Wallet,COMPLETED,3.5
RPD103365,CUST2881,DRV642,Mumbai,Colaba,Powai,25-Jun-2026 01:34 PM,Auto,8.44,22.0,Low,28.0,Fog,1.0,90.96,90.96,cash ,COMPLETED,4.0
RPD100180,CUST3070,DRV236,Pune,Baner,Hinjewadi,2026-06-10 22:17:00,,1.05,14.6,Low,21.0,Cloudy,1.02,27.6,28.15,wallet,Completed,4.5
RPD104078,CUST2542,DRV331,Hyderabad,Kukatpally,Hitech City,2026-06-04 18:05:00,Cab Economy,4.34,14.8,Very High,4.0,,1.85,67.08,124.1,Card,Ongoing,
RPD100379,CUST2245,,Bengaluru,Jayanagar,Electronic City,12/07/2026 10:26,cab economy,8.11,32.3,Low,18.0,Fog,1.0,112.32,112.32,Cash,Cancelled by Customer,
RPD100668,CUST1063,,Mumbai,Powai,Powai,2026-06-21 03:05:00,cab economy,12.64,25.0,Low,17.0,,1.07,166.68,178.35,Cash,Cancelled by Customer,
RPD103341,CUST2927,DRV703,Bangalore,Electronic City,Koramangala,09-Jul-2026 02:02 AM,,4.05,27.3,Low,18.0,Clear,1.11,63.6,70.6,Cash,completed,4.6
RPD100768,CUST2577,DRV747,mumbai,Borivali,Dadar,13/07/2026 18:33,BIKE,5.92,10.4,Very High,0.0,Heavy Rain,1.94,50.52,98.01,UPI,Completed,5.0
RPD102456,CUST3545,DRV507,Bengaluru,Koramangala,MG Road,15-Jul-2026 03:51 PM,Auto,6.38,16.5,Low,24.0,Cloudy,1.02,72.42,73.87,,Cancelled by Driver,
RPD104411,CUST1073,,Hyderabad,Banjara Hills,Madhapur,12-Jul-2026 06:02 PM,Auto,4.03,3.8,High,8.0,Cloudy,1.39,51.27,71.27,,Cancelled by Customer,
RPD103690,CUST3242,DRV769,BANGALORE,Koramangala,Koramangala,2026-06-10 23:06:00,auto,3.96,22.2,Very High,10.0,Rain,1.92,50.64,97.23,Wallet,Completed,4.0
RPD100799,CUST1404,DRV632,mumbai,Bandra,Powai,2026-06-10 07:52:00,Bike,9.19,29.4,Low,26.0,Cloudy,1.03,70.14,72.24,upi,Ongoing,
RPD101321,CUST3718,DRV750,Bengaluru,Jayanagar,Jayanagar,2026-07-11 10:47:00,,3.3,8.1,Very High,20.0,Rain,1.86,54.6,Rs. 101.56,wallet,completed,4.2
RPD104897,CUST3472,DRV776,mumbai,Colaba,Dadar,2026-06-06 23:51:00,Cab Economy,9.7,21.6,Very High,14.0,Heavy Rain,1.93,131.4,253.6,UPI,Cancelled by Driver,
RPD103956,CUST3285,DRV729,Bangalore,MG Road,Whitefield,03/06/2026 01:49,Cab Economy,4.39,36.2,Very High,28.0,Rain,1.85,67.68,125.21,Card,COMPLETED,3.3
RPD102235,CUST1058,,Bengaluru,Whitefield,MG Road,05/06/2026 09:41,cab economy,7.05,38.3,Very High,11.0,Clear,1.94,99.6,193.22,wallet,Cancelled by Customer,
RPD103941,CUST2239,DRV533,Pune,Viman Nagar,Baner,04/07/2026 10:51,cab economy,2.2,18.5,Low,20.0,Clear,1.0,41.4,41.4,cash ,Completed,4.6
RPD104030,CUST1571,DRV237,Hyderabad,Kukatpally,Kukatpally,13-Jul-2026 07:06 AM,Cab Economy,0.98,33.5,Very High,25.0,Rain,1.93,26.76,51.65,cash ,Cancelled by Driver,
RPD100424,CUST1021,DRV359,Pune,Baner,Camp,17/06/2026 02:06,cab economy,7.13,19.8,Medium,13.0,Heavy Rain,1.12,100.56,112.63,wallet,COMPLETED,4.4
RPD100140,CUST1701,DRV184,mumbai,Dadar,Dadar,2026-07-07 07:44:00,Bike,2.42,18.5,Low,15.0,Clear,1.05,29.52,31.0,,COMPLETED,
RPD103026,CUST1249,DRV637,bangalore,Koramangala,Jayanagar,2026-07-11 23:43:00,bike,10.34,13.1,Very High,25.0,Heavy Rain,1.88,77.04,144.84,wallet,Ongoing,
RPD100415,CUST2735,DRV586,Bengaluru,HSR Layout,Indiranagar,2026-06-10 03:11:00,Bike,5.02,7.4,Low,20.0,Cloudy,1.0,45.12,45.12,cash ,Ongoing,
RPD102719,CUST2582,DRV181,BANGALORE,HSR Layout,Whitefield,27-Jun-2026 11:08 AM,bike,3.81,9.1,Low,18.0,,1.07,37.86,40.51,cash ,COMPLETED,
RPD101920,CUST1933,,Mumbai,Bandra,Dadar,2026-06-25 05:09:00,Auto,18.96,14.9,Low,18.0,,1.0,185.64,185.64,Card,Cancelled by Customer,
RPD102781,CUST3594,DRV245,mumbai,Andheri,Dadar,09/06/2026 20:12,auto,10.59,28.3,Very High,8.0,,1.93,110.31,212.9,cash ,completed,4.6
RPD104454,CUST2273,DRV583,Hyderabad,Banjara Hills,Madhapur,05-Jun-2026 12:47 PM,Cab Economy,1.92,27.4,Very High,19.0,Heavy Rain,1.96,38.04,74.56,Wallet,Completed,5.0
RPD103505,CUST3784,DRV436,hyderabad ,Banjara Hills,Hitech City,2026-06-08 15:18:00,cab economy,7.66,3.0,Very High,20.0,Heavy Rain,1.86,106.92,198.87,cash ,Ongoing,
RPD101209,CUST2409,DRV725,Hyderabad,Banjara Hills,Banjara Hills,28-Jun-2026 05:57 PM,auto,1.33,3.3,Medium,14.0,Clear,1.15,26.97,31.02,wallet,Cancelled by Driver,
RPD103009,CUST3281,DRV779,Hyderabad,Banjara Hills,Hitech City,2026-07-09 15:22:00,Bike,0.96,3.0,Medium,35.0,Cloudy,1.22,20.76,25.33,,Ongoing,
RPD103851,CUST2004,,Hyderabad,Hitech City,Gachibowli,2026-06-16 06:27:00,bike,2.82,9.7,Very High,22.0,Heavy Rain,1.84,31.92,58.73,,Cancelled by Customer,
RPD102865,CUST2966,DRV101,BANGALORE,Whitefield,Whitefield,2026-07-15 12:28:00,Cab Economy,2.8,16.4,Low,24.0,Fog,1.0,48.6,48.6,Wallet,completed,3.9
RPD102741,CUST2642,DRV725,Bangalore,Whitefield,Jayanagar,07-Jun-2026 07:28 PM,cab economy,4.06,16.4,Very High,9.0,Cloudy,1.88,63.72,119.79,wallet,Cancelled by Driver,
RPD103084,CUST2335,DRV622,Mumbai,Borivali,Powai,05/07/2026 04:07,Auto,6.8,7.4,Low,32.0,Fog,1.0,76.2,76.2,,completed,4.5
RPD104339,CUST2843,DRV182,mumbai,Andheri,Dadar,2026-07-05 01:01:00,Auto,2.78,17.5,Very High,30.0,Heavy Rain,1.91,40.02,Rs. 76.44,,Ongoing,
RPD104349,CUST3283,,mumbai,Andheri,Andheri,2026-06-01 05:36:00,Bike,3.22,18.8,Medium,21.0,Fog,1.07,34.32,36.72,Wallet,Cancelled by Customer,
RPD101197,CUST3845,DRV213,Bangalore,MG Road,Electronic City,04/07/2026 03:54,BIKE,10.02,14.4,Low,24.0,Cloudy,1.17,75.12,87.89,Wallet,Ongoing,
RPD100049,CUST2324,DRV218,bangalore,HSR Layout,Whitefield,27/06/2026 10:20,cab economy,3.39,10.2,Low,24.0,Heavy Rain,1.03,55.68,57.35,wallet,Completed,5.0
RPD101662,CUST3796,DRV257,mumbai,Borivali,Bandra,26-Jun-2026 10:54 PM,BIKE,3.23,7.2,Low,28.0,,1.0,34.38,34.38,Wallet,COMPLETED,4.5
RPD100157,CUST2571,DRV533,Mumbai,Colaba,Colaba,2026-06-06 21:08:00,Cab Economy,7.36,7.3,Medium,12.0,,1.07,103.32,110.55,Cash,Ongoing,
RPD101164,CUST3891,DRV469,Bengaluru,Whitefield,Electronic City,22-Jun-2026 08:43 PM,Cab Premium,2.24,28.4,Very High,2.0,Clear,1.83,55.32,101.24,Card,Cancelled by Driver,
RPD103577,CUST2871,DRV126,Mumbai,Colaba,Colaba,24-Jun-2026 02:28 PM,Cab Economy,7.82,9.4,Low,23.0,Fog,1.0,108.84,108.84,Wallet,COMPLETED,3.9
RPD101584,CUST1465,DRV777,Hyderabad,Madhapur,Gachibowli,26/06/2026 23:14,BIKE,3.5,18.2,Medium,10.0,,1.18,36.0,42.48,Cash,Ongoing,
RPD103191,CUST2868,,Mumbai,Colaba,Borivali,21-Jun-2026 11:11 PM,Auto,2.77,8.2,Low,17.0,,1.0,39.93,39.93,Wallet,Cancelled by Customer,
RPD103619,CUST1795,DRV744,BANGALORE,Whitefield,Jayanagar,04-Jul-2026 12:32 PM,BIKE,1.82,29.7,Very High,13.0,Heavy Rain,1.86,25.92,48.21,wallet,Ongoing,
RPD100493,CUST3327,DRV744,Bengaluru,HSR Layout,HSR Layout,14-Jul-2026 12:48 PM,Bike,4.75,26.0,Medium,18.0,Fog,1.09,43.5,47.42,wallet,Cancelled by Driver,
RPD101702,CUST3314,DRV516,Bengaluru,Electronic City,Indiranagar,2026-06-27 17:30:00,cab economy,1.85,14.0,Low,25.0,Cloudy,1.04,37.2,38.69,Cash,COMPLETED,4.3
RPD103016,CUST3213,DRV315,Mumbai,Andheri,Colaba,2026-07-03 21:11:00,Cab Economy,2.77,16.9,Low,17.0,Rain,1.05,48.24,50.65,upi,Completed,4.3
RPD100722,CUST1476,,Pune,Camp,Hinjewadi,2026-06-22 20:47:00,auto,3.13,18.3,Very High,17.0,,1.9,43.17,82.02,cash ,Cancelled by Customer,
RPD104625,CUST1686,,BANGALORE,Electronic City,Electronic City,20/06/2026 23:41,BIKE,5.02,13.2,Medium,21.0,Fog,1.13,45.12,50.99,,Cancelled by Customer,
RPD100101,CUST1107,,mumbai,Borivali,Powai,16/07/2026 02:35,BIKE,12.49,7.4,Very High,19.0,Heavy Rain,1.9,89.94,170.89,Wallet,Cancelled by Customer,
RPD104629,CUST2850,DRV338,mumbai,Andheri,Bandra,19/06/2026 01:52,Auto,-0.5,32.7,Low,24.0,,1.0,15.9,15.9,Wallet,completed,4.7
RPD104828,CUST3074,DRV413,Mumbai,Bandra,Andheri,2026-06-07 12:03:00,cab economy,7.02,30.8,Low,19.0,Heavy Rain,1.0,99.24,99.24,wallet,completed,4.0
RPD101043,CUST3519,DRV685,Pune,Hinjewadi,Kothrud,2026-07-13 21:42:00,bike,10.1,11.4,Low,16.0,Fog,1.0,75.6,75.6,,COMPLETED,4.2
RPD102789,CUST1558,DRV249,BANGALORE,Electronic City,HSR Layout,2026-06-07 04:52:00,bike,4.36,26.4,Very High,28.0,Heavy Rain,1.86,41.16,76.56,Card,Cancelled by Driver,
RPD102036,CUST2085,DRV522,bangalore,Jayanagar,Jayanagar,27-Jun-2026 10:30 AM,Auto,2.15,19.0,Medium,5.0,Rain,1.11,34.35,38.13,Wallet,completed,4.8
RPD101581,CUST1838,DRV323,BANGALORE,MG Road,Indiranagar,14-Jun-2026 09:41 PM,Cab Premium,2.07,6.1,Medium,21.0,Clear,1.13,52.26,59.05,UPI,completed,3.9
RPD103363,CUST1514,DRV148,mumbai,Bandra,Colaba,11-Jun-2026 02:48 PM,Auto,11.8,16.8,Low,30.0,,1.05,121.2,127.26,upi,Cancelled by Driver,
RPD100514,CUST3991,DRV483,hyderabad ,Gachibowli,Banjara Hills,2026-06-25 14:19:00,bike,2.85,3.0,Very High,19.0,Heavy Rain,1.84,32.1,59.06,,Completed,5.0
RPD102905,CUST3868,DRV228,bangalore,Electronic City,Indiranagar,02/07/2026 22:28,auto,2.64,40.8,Low,15.0,Fog,1.0,38.76,38.76,,Cancelled by Driver,
RPD102700,CUST3118,DRV527,Bengaluru,Indiranagar,Koramangala,2026-06-21 04:51:00,bike,6.09,43.5,Medium,21.0,Heavy Rain,1.17,51.54,60.3,upi,completed,4.4
RPD103904,CUST1452,DRV241,Pune,Hinjewadi,Viman Nagar,15/07/2026 11:50,auto,4.13,15.2,Low,17.0,Heavy Rain,1.07,52.17,55.82,upi,Cancelled by Driver,
RPD100645,CUST3336,DRV585,Bengaluru,Koramangala,Jayanagar,09-Jun-2026 12:23 AM,Cab Economy,5.35,13.5,Low,10.0,Rain,1.0,79.2,79.2,Wallet,completed,5.0
RPD104096,CUST1881,,hyderabad ,Hitech City,Kukatpally,2026-06-12 12:24:00,,0.62,8.3,Very High,19.0,Rain,1.89,22.44,42.41,Cash,Cancelled by Customer,
RPD101985,CUST1894,DRV280,Pune,Viman Nagar,Camp,2026-06-03 22:58:00,cab economy,3.28,18.6,Very High,15.0,Rain,1.83,54.36,99.48,Card,COMPLETED,3.9
RPD100088,CUST1566,DRV356,Mumbai,Dadar,Bandra,24-Jun-2026 09:36 PM,Cab Premium,2.2,7.5,Low,22.0,Fog,1.02,54.6,55.69,UPI,Ongoing,
RPD101837,CUST2311,DRV451,Bengaluru,Jayanagar,HSR Layout,28/06/2026 12:47,Cab Premium,2.08,11.9,Medium,18.0,Fog,1.13,52.44,59.26,,Completed,5.0
RPD102533,CUST2133,DRV540,bangalore,Jayanagar,Koramangala,2026-06-04 20:00:00,auto,2.22,57.1,Very High,5.0,Rain,1.94,34.98,67.86,UPI,Completed,5.0
RPD102023,CUST3713,DRV508,Hyderabad,Banjara Hills,Madhapur,2026-06-21 15:32:00,Cab Economy,6.81,41.2,Medium,29.0,Fog,1.15,96.72,111.23,Wallet,COMPLETED,4.1
RPD104884,CUST2927,DRV148,Pune,Baner,Kothrud,04/07/2026 06:14,auto,1.26,16.3,Low,28.0,Fog,1.0,26.34,26.34,cash ,completed,4.7
RPD102095,CUST3689,DRV385,Mumbai,Andheri,Dadar,15-Jun-2026 04:20 PM,Bike,999.0,10.7,Low,24.0,,1.0,6009.0,6009.0,Cash,completed,4.7
RPD104237,CUST2257,DRV360,hyderabad ,Kukatpally,Banjara Hills,2026-06-12 04:16:00,Auto,3.33,6.7,Very High,12.0,Heavy Rain,1.89,44.97,84.99,Card,completed,4.0
RPD103278,CUST3630,DRV791,hyderabad ,Kukatpally,Gachibowli,2026-07-12 23:17:00,Auto,4.53,10.9,Very High,18.0,Heavy Rain,1.88,55.77,104.85,wallet,Ongoing,
RPD103642,CUST2980,DRV211,Hyderabad,Hitech City,Banjara Hills,28-Jun-2026 01:33 PM,,11.69,26.4,Medium,33.0,Clear,1.12,155.28,173.91,Cash,Completed,5.0
RPD100076,CUST2046,DRV396,mumbai,Dadar,Andheri,19/06/2026 21:43,Auto,3.01,22.2,Low,16.0,Cloudy,1.0,42.09,42.09,Wallet,completed,4.2
RPD101125,CUST1886,DRV520,mumbai,Andheri,Powai,2026-07-12 19:24:00,Cab Premium,11.19,8.9,Very High,9.0,Rain,1.88,216.42,406.87,Cash,Cancelled by Driver,
RPD103354,CUST2328,DRV800,mumbai,Borivali,Powai,09-Jun-2026 02:58 PM,,-7.28,4.3,Very High,26.0,Rain,1.94,16.2,31.43,cash ,Completed,4.8
RPD104974,CUST3391,DRV731,mumbai,Bandra,Andheri,2026-07-11 10:30:00,Cab Economy,2.74,6.1,Medium,29.0,Cloudy,1.21,47.88,57.93,wallet,completed,3.9
RPD102756,CUST1353,DRV378,Pune,Kothrud,Camp,2026-07-09 03:56:00,Cab Economy,2.51,21.6,Medium,20.0,Fog,1.14,45.12,51.44,UPI,completed,5.0
RPD102407,CUST3850,DRV765,BANGALORE,MG Road,HSR Layout,02-Jun-2026 12:55 PM,Cab Premium,5.63,4.5,Medium,14.0,Heavy Rain,1.19,116.34,138.44,UPI,Cancelled by Driver,
RPD100982,CUST1273,DRV369,Pune,Kothrud,Camp,09/06/2026 11:01,cab economy,3.63,9.3,Low,9.0,Cloudy,1.0,58.56,58.56,UPI,Ongoing,
RPD101675,CUST3368,DRV342,Hyderabad,Madhapur,Banjara Hills,07/07/2026 01:31,,2.59,19.5,Very High,23.0,Heavy Rain,1.87,46.08,86.17,wallet,COMPLETED,4.0
RPD104061,CUST1432,DRV237,Mumbai,Borivali,Dadar,15/06/2026 10:43,BIKE,1.92,5.5,Low,16.0,Cloudy,1.04,26.52,27.58,upi,Completed,4.2
RPD104740,CUST3531,DRV633,Hyderabad,Gachibowli,Kukatpally,14/07/2026 19:36,auto,10.35,8.0,Very High,0.0,,1.98,108.15,214.14,Cash,Ongoing,
RPD104810,CUST1654,DRV780,BANGALORE,HSR Layout,Indiranagar,06/06/2026 07:57,bike,5.19,13.0,Medium,27.0,Clear,1.16,46.14,53.52,cash ,COMPLETED,5.0
RPD100713,CUST1546,DRV509,BANGALORE,Whitefield,Koramangala,2026-07-01 17:43:00,Cab Premium,2.19,18.8,Medium,27.0,Cloudy,1.06,54.42,57.69,Wallet,completed,4.6
RPD102162,CUST3899,,Hyderabad,Hitech City,Gachibowli,2026-06-25 13:27:00,Auto,13.25,40.3,Low,19.0,Fog,1.03,134.25,138.28,UPI,Cancelled by Customer,
RPD101545,CUST2587,DRV437,Bangalore,Electronic City,Jayanagar,13-Jun-2026 05:23 PM,bike,3.7,7.0,Low,17.0,,1.0,37.2,37.2,,Completed,4.7
RPD102319,CUST3548,DRV361,Bengaluru,Koramangala,MG Road,18-Jun-2026 06:29 AM,Cab Economy,9.03,7.0,Medium,16.0,Fog,1.15,123.36,141.86,Card,Completed,4.2
RPD101528,CUST3496,DRV797,bangalore,MG Road,Electronic City,2026-07-08 20:30:00,Cab Economy,14.98,5.1,Very High,1.0,Cloudy,1.84,194.76,358.36,wallet,Ongoing,
RPD100244,CUST2358,DRV138,Bengaluru,MG Road,MG Road,14-Jun-2026 09:27 PM,Cab Premium,3.43,19.6,Medium,18.0,,1.05,76.74,80.58,upi,Completed,4.4
RPD102219,CUST3006,DRV723,mumbai,Colaba,Powai,11-Jun-2026 04:45 PM,auto,4.61,5.9,Low,7.0,Cloudy,1.0,56.49,56.49,Cash,completed,3.6
RPD103937,CUST3164,DRV232,Hyderabad,Hitech City,Kukatpally,2026-06-04 02:52:00,Cab Economy,5.41,9.3,Low,24.0,,1.01,79.92,80.72,Wallet,completed,4.8
RPD104409,CUST3465,DRV622,Bengaluru,Indiranagar,Jayanagar,11-Jun-2026 12:50 AM,BIKE,4.67,26.2,Medium,20.0,,1.13,43.02,Rs. 48.61,,Completed,3.7
RPD102308,CUST2495,DRV219,Bengaluru,HSR Layout,Electronic City,09/07/2026 06:32,,10.05,21.5,Low,17.0,,1.06,135.6,,wallet,completed,4.3
RPD104233,CUST2444,DRV378,Bangalore,Jayanagar,Indiranagar,2026-06-28 22:20:00,cab economy,10.12,34.7,Very High,24.0,Rain,1.89,136.44,257.87,UPI,Completed,4.3
RPD104776,CUST2260,DRV362,bangalore,Koramangala,Whitefield,2026-06-02 21:53:00,Cab Premium,1.93,36.6,Very High,16.0,Rain,1.86,49.74,92.52,,Completed,4.9
RPD101261,CUST1833,DRV431,mumbai,Andheri,Borivali,2026-07-09 17:41:00,auto,4.62,7.3,Low,20.0,Rain,1.02,56.58,57.71,cash ,Completed,4.7
RPD101366,CUST1812,DRV628,bangalore,HSR Layout,Whitefield,2026-06-04 07:26:00,Bike,3.77,9.1,Low,23.0,Rain,1.0,37.62,37.62,,COMPLETED,3.8
RPD101770,CUST2429,DRV638,Hyderabad,Kukatpally,Gachibowli,07-Jun-2026 02:13 PM,BIKE,1.19,17.9,Very High,14.0,Heavy Rain,1.91,22.14,42.29,wallet,COMPLETED,5.0
RPD100163,CUST2139,DRV477,mumbai,Bandra,Borivali,26/06/2026 15:09,cab economy,8.8,27.9,Low,13.0,Clear,1.0,120.6,120.6,,Ongoing,
RPD103048,CUST2186,DRV538,Bengaluru,Indiranagar,Jayanagar,2026-06-12 14:49:00,,8.59,33.0,Medium,19.0,,1.2,118.08,141.7,Card,Ongoing,
RPD102606,CUST2166,DRV106,mumbai,Borivali,Colaba,2026-06-23 17:09:00,cab economy,2.56,14.2,Medium,18.0,Cloudy,1.21,45.72,55.32,UPI,COMPLETED,4.7
RPD102118,CUST2133,DRV141,Mumbai,Andheri,Bandra,2026-06-14 19:13:00,Cab Premium,3.44,23.0,Very High,6.0,Clear,1.91,76.92,146.92,Card,Completed,4.4
RPD102793,CUST2924,,Bangalore,MG Road,HSR Layout,2026-06-03 19:03:00,Bike,4.1,5.3,Very High,14.0,Rain,1.87,39.6,74.05,Cash,Cancelled by Customer,
RPD104157,CUST1149,,Mumbai,Borivali,Dadar,2026-06-24 01:05:00,BIKE,0.5,5.5,Very High,10.0,Rain,1.89,18.0,34.02,cash ,Cancelled by Customer,
RPD104086,CUST3931,DRV536,bangalore,HSR Layout,Jayanagar,01/07/2026 23:16,,6.26,25.3,Very High,18.0,Rain,1.81,90.12,163.12,,Ongoing,
RPD103450,CUST2019,DRV766,Pune,Baner,Viman Nagar,2026-07-07 06:55:00,,14.08,44.9,Very High,15.0,Rain,1.85,183.96,340.33,Cash,Completed,4.0
RPD102513,CUST3317,DRV275,bangalore,MG Road,MG Road,2026-06-29 06:29:00,Bike,13.03,17.9,Low,24.0,Clear,1.07,93.18,99.7,wallet,Cancelled by Driver,
RPD104529,CUST3862,DRV770,mumbai,Andheri,Bandra,2026-07-01 01:47:00,Bike,8.59,15.2,Low,32.0,Cloudy,1.02,66.54,67.87,Wallet,COMPLETED,3.8
RPD103550,CUST2233,DRV367,Bangalore,HSR Layout,Whitefield,24/06/2026 18:29,Cab Premium,4.24,13.3,Very High,5.0,Rain,1.9,91.32,173.51,,Completed,4.4
RPD104692,CUST1571,DRV708,hyderabad ,Hitech City,Banjara Hills,2026-06-08 09:06:00,Cab Economy,8.63,12.8,High,18.0,Heavy Rain,1.37,118.56,162.43,Wallet,completed,4.4
RPD103861,CUST3783,DRV656,Bengaluru,Electronic City,MG Road,2026-06-22 07:40:00,BIKE,8.96,10.3,Low,12.0,Clear,1.05,68.76,72.2,UPI,Ongoing,
RPD101709,CUST3362,DRV777,BANGALORE,Koramangala,Indiranagar,05-Jun-2026 03:02 PM,Cab Economy,4.32,14.8,Medium,13.0,Fog,1.18,66.84,78.87,Cash,Ongoing,
RPD101728,CUST3002,DRV355,BANGALORE,Electronic City,Electronic City,02/06/2026 18:02,cab economy,2.5,7.0,Very High,6.0,Cloudy,2.03,45.0,91.35,Wallet,completed,4.8
RPD100951,CUST3053,DRV736,Mumbai,Powai,Bandra,2026-06-06 17:52:00,auto,12.16,16.7,Low,17.0,Cloudy,1.04,124.44,129.42,UPI,Cancelled by Driver,
RPD102739,CUST2427,DRV371,Pune,Camp,Kothrud,2026-06-20 16:30:00,Cab Economy,4.47,22.4,Low,11.0,Clear,1.0,68.64,68.64,Cash,Completed,4.0
RPD104469,CUST2437,DRV378,Mumbai,Colaba,Andheri,2026-06-23 06:11:00,Auto,2.57,22.9,Low,14.0,Fog,1.09,38.13,,Cash,Cancelled by Driver,
RPD100757,CUST3180,DRV568,Hyderabad,Madhapur,Kukatpally,2026-06-02 12:36:00,Bike,12.35,8.6,Very High,18.0,Rain,1.97,89.1,175.53,cash ,Cancelled by Driver,
RPD102672,CUST2880,DRV517,Mumbai,Colaba,Dadar,2026-06-20 16:21:00,,12.54,15.7,Low,14.0,Cloudy,1.01,165.48,167.13,UPI,completed,4.2
RPD103819,CUST3069,,bangalore,Indiranagar,HSR Layout,05-Jun-2026 11:38 PM,cab economy,2.47,26.5,Low,17.0,Clear,1.0,44.64,44.64,cash ,Cancelled by Customer,
RPD104672,CUST2697,DRV338,Bangalore,Electronic City,Jayanagar,2026-06-26 01:15:00,,4.43,18.5,Very High,24.0,Heavy Rain,1.84,68.16,125.41,Cash,COMPLETED,4.0
RPD102082,CUST2909,DRV140,mumbai,Borivali,Colaba,2026-06-01 10:46:00,BIKE,7.26,24.6,Very High,24.0,Rain,1.81,58.56,105.99,cash ,Ongoing,
RPD103470,CUST3747,DRV410,Bangalore,MG Road,Electronic City,2026-06-27 22:01:00,Cab Premium,9.16,39.0,Low,9.0,Fog,1.0,179.88,179.88,Cash,Ongoing,
RPD101311,CUST1370,DRV265,Pune,Kothrud,Hinjewadi,05/07/2026 00:22,Auto,9.98,7.0,Low,19.0,Clear,1.0,104.82,104.82,UPI,Cancelled by Driver,
RPD101464,CUST3735,DRV212,Pune,Viman Nagar,Viman Nagar,26-Jun-2026 06:58 AM,auto,0.94,18.9,Medium,7.0,Clear,1.12,23.46,26.28,Cash,COMPLETED,4.0
RPD101649,CUST3941,DRV683,bangalore,Jayanagar,Electronic City,10/07/2026 00:13,auto,4.45,25.1,Low,19.0,Fog,1.0,55.05,55.05,Card,completed,4.2
RPD104507,CUST2899,,Bangalore,Koramangala,MG Road,27-Jun-2026 10:48 PM,BIKE,999.0,14.4,Low,15.0,Rain,1.01,6009.0,6069.09,UPI,Cancelled by Customer,
RPD104392,CUST3307,DRV653,Bangalore,Electronic City,MG Road,17/06/2026 16:13,Cab Premium,1.39,9.0,Low,18.0,,1.0,40.02,40.02,wallet,Ongoing,
RPD100003,CUST3708,DRV333,mumbai,Colaba,Powai,03/06/2026 23:29,,2.44,19.3,Medium,7.0,Heavy Rain,1.28,44.28,56.68,Card,COMPLETED,4.7
RPD100314,CUST2799,DRV731,mumbai,Bandra,Dadar,2026-07-02 15:08:00,Bike,1.37,18.5,Medium,29.0,Heavy Rain,1.18,23.22,27.4,,completed,4.4
RPD103835,CUST1115,DRV697,BANGALORE,Whitefield,Whitefield,2026-06-27 08:17:00,,6.09,21.1,Very High,5.0,,1.92,88.08,169.11,Cash,Cancelled by Driver,
RPD104462,CUST2306,DRV649,Mumbai,Dadar,Bandra,07/07/2026 12:45,Cab Economy,10.17,28.3,Very High,14.0,Rain,1.87,137.04,256.26,Card,Completed,4.9
RPD102153,CUST3795,DRV496,Pune,Kothrud,Kothrud,05/07/2026 22:51,Cab Premium,8.25,17.7,Low,20.0,,1.0,163.5,163.5,UPI,completed,3.2
RPD100941,CUST2137,DRV100,Bangalore,HSR Layout,MG Road,18/06/2026 17:10,cab economy,999.0,12.1,Low,18.0,Rain,1.05,12003.0,12603.15,wallet,completed,3.8
RPD100654,CUST3889,,mumbai,Bandra,Dadar,16-Jul-2026 09:23 AM,,1.8,11.5,Very High,1.0,Heavy Rain,1.92,36.6,70.27,,Cancelled by Customer,
RPD100952,CUST3171,DRV253,mumbai,Dadar,Dadar,2026-06-03 16:27:00,auto,5.25,29.7,Very High,23.0,Rain,1.9,62.25,118.27,wallet,Cancelled by Driver,
RPD100279,CUST2844,DRV523,bangalore,Koramangala,Indiranagar,2026-06-22 07:20:00,Cab Premium,6.07,23.1,Low,12.0,Heavy Rain,1.0,124.26,124.26,Cash,Ongoing,
RPD103867,CUST3378,DRV447,BANGALORE,HSR Layout,Indiranagar,2026-06-21 01:11:00,bike,6.04,22.6,Low,25.0,Cloudy,1.06,51.24,54.31,cash ,Ongoing,
RPD103510,CUST2602,DRV376,bangalore,Indiranagar,Koramangala,10/06/2026 07:18,Auto,3.12,16.0,Medium,30.0,Cloudy,1.19,43.08,51.27,cash ,completed,4.5
RPD102937,CUST1960,DRV561,Pune,Baner,Camp,29/06/2026 12:03,auto,12.49,6.7,Low,14.0,Fog,1.0,127.41,127.41,UPI,Completed,4.7
RPD102353,CUST2157,DRV245,Bengaluru,MG Road,HSR Layout,2026-07-06 05:25:00,cab economy,4.28,28.3,Low,25.0,,1.02,66.36,67.69,Cash,completed,3.9
RPD101896,CUST1306,,bangalore,MG Road,MG Road,2026-06-03 01:05:00,bike,4.5,17.4,Medium,30.0,Rain,1.27,42.0,53.34,cash ,Cancelled by Customer,
RPD101934,CUST2209,DRV722,bangalore,Koramangala,Koramangala,2026-06-12 09:51:00,bike,4.85,20.9,Very High,0.0,Heavy Rain,1.87,44.1,82.47,upi,Ongoing,
RPD104568,CUST1787,DRV392,Bengaluru,Koramangala,Koramangala,2026-06-26 16:50:00,BIKE,9.15,15.6,Very High,25.0,Heavy Rain,1.94,69.9,135.61,Cash,COMPLETED,
RPD102897,CUST1778,,Pune,Camp,Baner,2026-07-12 09:04:00,Cab Premium,3.03,15.2,Very High,5.0,Heavy Rain,1.83,69.54,127.26,cash ,Cancelled by Customer,
RPD100038,CUST2846,DRV349,Pune,Kothrud,Camp,12-Jul-2026 08:39 AM,Cab Premium,9.63,27.2,Very High,20.0,,1.95,188.34,367.26,,Completed,3.6
RPD104132,CUST2634,DRV309,Hyderabad,Banjara Hills,Kukatpally,2026-06-24 01:27:00,Auto,1.88,8.1,Low,18.0,Fog,1.07,31.92,34.15,wallet,Ongoing,
RPD104165,CUST1836,DRV651,bangalore,Jayanagar,Indiranagar,06-Jun-2026 06:07 PM,cab economy,1.91,21.1,Very High,9.0,Rain,1.93,37.92,73.19,wallet,COMPLETED,2.9
RPD100745,CUST3563,DRV550,Pune,Camp,Viman Nagar,2026-07-02 20:11:00,auto,7.41,5.0,Very High,6.0,Heavy Rain,1.85,81.69,151.13,upi,Cancelled by Driver,
RPD104357,CUST2502,DRV521,Hyderabad,Hitech City,Madhapur,08-Jul-2026 08:56 AM,Bike,5.65,24.6,High,0.0,Fog,1.39,48.9,67.97,cash ,Ongoing,
RPD102609,CUST2476,DRV479,Mumbai,Colaba,Bandra,10-Jun-2026 02:58 PM,,7.99,32.8,Very High,26.0,Heavy Rain,1.83,110.88,202.91,Card,completed,5.0
RPD100542,CUST3094,DRV719,Pune,Baner,Hinjewadi,17-Jun-2026 09:27 PM,auto,7.59,41.4,Low,15.0,,1.04,83.31,86.64,Cash,COMPLETED,4.4
RPD101292,CUST3626,DRV335,Pune,Baner,Baner,2026-06-10 01:22:00,Bike,1.72,8.5,Medium,21.0,Fog,1.19,25.32,30.13,,COMPLETED,4.1
RPD100534,CUST1735,,mumbai,Borivali,Colaba,07-Jun-2026 09:50 PM,Cab Premium,3.24,22.1,Medium,27.0,,1.15,73.32,84.32,UPI,Cancelled by Customer,
RPD101874,CUST1287,DRV786,hyderabad ,Madhapur,Madhapur,2026-07-16 02:37:00,BIKE,3.81,9.2,Very High,23.0,Rain,1.9,37.86,71.93,cash ,Completed,4.6
RPD101885,CUST1432,DRV568,mumbai,Colaba,Powai,27-Jun-2026 01:57 PM,auto,4.07,6.4,Medium,9.0,Clear,1.18,51.63,60.92,Wallet,Completed,5.0
RPD103985,CUST2494,DRV604,BANGALORE,MG Road,Jayanagar,2026-06-07 10:51:00,cab economy,5.58,9.6,Low,33.0,,1.0,81.96,81.96,Wallet,Ongoing,
RPD104014,CUST2407,DRV376,Mumbai,Colaba,Colaba,03-Jun-2026 12:52 AM,cab economy,2.39,10.3,Low,21.0,Cloudy,1.04,43.68,45.43,Card,Cancelled by Driver,
RPD103485,CUST3826,DRV213,Mumbai,Borivali,Andheri,29-Jun-2026 01:16 PM,Cab Premium,4.47,27.4,Medium,15.0,,1.12,95.46,106.92,cash ,Ongoing,
RPD102102,CUST1496,DRV207,Bengaluru,Electronic City,Koramangala,30/06/2026 14:39,BIKE,2.62,33.1,Very High,15.0,Heavy Rain,1.93,30.72,59.29,cash ,Ongoing,
RPD102139,CUST1178,,BANGALORE,Electronic City,Electronic City,21-Jun-2026 01:46 PM,cab economy,9.77,11.4,Low,19.0,,1.02,132.24,134.88,wallet,Cancelled by Customer,
RPD104680,CUST1667,DRV222,BANGALORE,HSR Layout,Indiranagar,2026-06-16 04:36:00,Bike,1.38,46.9,Medium,25.0,Clear,1.09,23.28,25.38,Cash,Cancelled by Driver,
RPD104902,CUST3230,DRV138,hyderabad ,Madhapur,Gachibowli,2026-06-10 02:59:00,Auto,3.64,23.6,Low,20.0,Cloudy,1.0,47.76,47.76,UPI,COMPLETED,4.6
RPD102450,CUST1517,DRV175,Hyderabad,Banjara Hills,Banjara Hills,2026-07-13 12:27:00,BIKE,3.6,5.9,Low,20.0,Rain,1.03,36.6,37.7,upi,Cancelled by Driver,
RPD100887,CUST2785,DRV385,Bangalore,HSR Layout,Whitefield,04/06/2026 07:05,,4.9,21.8,Low,22.0,Clear,1.0,73.8,73.8,Cash,completed,4.0
RPD104227,CUST3147,DRV394,hyderabad ,Madhapur,Madhapur,09-Jul-2026 11:30 PM,Cab Premium,9.51,3.2,Low,28.0,Clear,1.0,186.18,186.18,upi,Completed,
RPD103691,CUST1281,DRV613,Hyderabad,Kukatpally,Madhapur,2026-07-01 06:18:00,BIKE,4.99,16.4,Very High,20.0,Rain,1.92,44.94,86.28,,COMPLETED,5.0
RPD100148,CUST2307,,Pune,Viman Nagar,Baner,22-Jun-2026 01:52 PM,auto,7.9,34.0,Medium,30.0,Heavy Rain,1.17,86.1,100.74,Card,Cancelled by Customer,
RPD103384,CUST2589,DRV617,Bangalore,HSR Layout,Indiranagar,2026-06-10 17:32:00,BIKE,10.27,16.9,Low,26.0,,1.06,76.62,81.22,UPI,COMPLETED,4.7
RPD102423,CUST2651,DRV518,Mumbai,Colaba,Borivali,2026-06-10 18:18:00,Auto,6.7,12.9,High,7.0,Cloudy,1.38,75.3,103.91,Card,COMPLETED,4.3
RPD103007,CUST2029,DRV255,Hyderabad,Banjara Hills,Banjara Hills,2026-07-04 07:39:00,BIKE,5.14,6.6,Low,29.0,,1.0,45.84,45.84,Cash,Cancelled by Driver,
RPD103518,CUST3024,DRV744,Mumbai,Borivali,Colaba,29/06/2026 18:45,bike,6.85,50.8,Very High,1.0,Rain,1.91,56.1,107.15,,COMPLETED,3.9
RPD100363,CUST1330,DRV106,bangalore,Koramangala,Whitefield,10/06/2026 13:10,Bike,1.84,27.5,Very High,13.0,Rain,1.79,26.04,46.61,UPI,Completed,4.8
RPD101003,CUST2832,,mumbai,Bandra,Andheri,2026-06-14 23:11:00,cab economy,2.52,6.2,Medium,29.0,,1.11,45.24,50.22,Wallet,Cancelled by Customer,
RPD102537,CUST1916,DRV288,hyderabad ,Madhapur,Hitech City,2026-07-05 09:11:00,BIKE,7.84,36.3,Very High,2.0,Fog,1.89,62.04,Rs. 117.26,UPI,Cancelled by Driver,
RPD102342,CUST3547,DRV621,Mumbai,Bandra,Colaba,08/06/2026 04:45,Auto,5.55,15.7,Low,16.0,Cloudy,1.0,64.95,64.95,Card,Cancelled by Driver,
RPD104882,CUST1056,DRV507,bangalore,Indiranagar,Koramangala,2026-06-22 05:00:00,bike,3.56,7.5,Low,16.0,Fog,1.06,36.36,38.54,wallet,COMPLETED,3.6
RPD102795,CUST2332,DRV280,Bengaluru,Electronic City,Indiranagar,2026-06-05 08:27:00,BIKE,3.03,45.9,Very High,1.0,Fog,1.92,33.18,63.71,Cash,Completed,4.1
RPD102656,CUST3364,DRV619,mumbai,Dadar,Dadar,21-Jun-2026 09:51 PM,Auto,2.26,35.7,Very High,12.0,Heavy Rain,1.91,35.34,67.5,,completed,5.0
RPD103963,CUST2340,DRV241,BANGALORE,Electronic City,MG Road,2026-07-12 05:22:00,Cab Premium,5.04,39.4,Low,13.0,Fog,1.0,105.72,105.72,wallet,completed,4.8
RPD104914,CUST2792,,BANGALORE,Electronic City,Electronic City,14/06/2026 05:11,,1.59,13.8,Low,15.0,Clear,1.07,34.08,36.47,upi,Cancelled by Customer,
RPD103171,CUST2584,DRV676,mumbai,Colaba,Andheri,14/06/2026 05:27,Cab Premium,5.89,9.5,Very High,26.0,Rain,1.95,121.02,235.99,cash ,completed,4.3
RPD102465,CUST3914,DRV206,Bengaluru,MG Road,Indiranagar,2026-06-04 03:01:00,Bike,1.27,7.6,Low,21.0,Rain,1.06,22.62,23.98,Cash,Cancelled by Driver,
RPD101314,CUST1421,,bangalore,HSR Layout,Whitefield,2026-06-15 23:25:00,cab economy,3.74,13.4,Very High,19.0,Heavy Rain,1.89,59.88,113.17,Cash,Cancelled by Customer,
RPD101339,CUST2637,,hyderabad ,Banjara Hills,Madhapur,03-Jun-2026 12:30 PM,BIKE,4.36,11.9,Medium,14.0,,1.21,41.16,49.8,UPI,Cancelled by Customer,
RPD102186,CUST3356,,Hyderabad,Gachibowli,Hitech City,2026-06-08 05:39:00,Auto,-1.98,19.4,Low,16.0,Clear,1.0,15.9,15.9,UPI,Cancelled by Customer,
RPD101263,CUST3443,DRV395,bangalore,Koramangala,Electronic City,09/06/2026 08:56,,-6.79,14.5,High,7.0,Clear,1.45,16.2,23.49,UPI,completed,5.0
RPD104706,CUST2655,DRV220,Mumbai,Dadar,Borivali,2026-06-07 03:27:00,auto,0.71,15.5,Low,13.0,,1.05,21.39,22.46,Wallet,Ongoing,
RPD102289,CUST2670,DRV649,mumbai,Dadar,Andheri,28/06/2026 16:37,BIKE,10.23,34.5,Low,17.0,,1.0,76.38,76.38,Wallet,Ongoing,
RPD100071,CUST1532,DRV669,Pune,Baner,Hinjewadi,21/06/2026 13:20,cab economy,0.5,10.6,Medium,23.0,Clear,1.17,21.0,24.57,UPI,COMPLETED,5.0
RPD103030,CUST1443,DRV210,mumbai,Bandra,Andheri,03/07/2026 03:21,cab economy,7.06,12.3,Medium,23.0,Fog,1.11,99.72,110.69,cash ,Cancelled by Driver,
RPD100061,CUST2208,,BANGALORE,Koramangala,Whitefield,2026-06-21 23:26:00,Cab Economy,1.05,21.8,Low,27.0,Fog,1.08,27.6,29.81,Wallet,Cancelled by Customer,
RPD100969,CUST2080,DRV397,mumbai,Powai,Andheri,2026-06-28 16:35:00,cab economy,3.94,16.3,Low,14.0,Cloudy,1.09,62.28,67.89,UPI,completed,4.8
RPD100337,CUST1852,DRV705,Pune,Hinjewadi,Viman Nagar,06-Jul-2026 08:04 PM,Cab Premium,2.63,25.7,High,14.0,Rain,1.45,62.34,90.39,wallet,Cancelled by Driver,
RPD100579,CUST1613,,mumbai,Andheri,Borivali,2026-06-07 21:37:00,Bike,1.77,22.2,Very High,7.0,Rain,1.92,25.62,49.19,Cash,Cancelled by Customer,
RPD101146,CUST1499,DRV768,bangalore,Electronic City,Koramangala,18-Jun-2026 12:43 PM,Bike,1.2,15.4,Medium,27.0,Cloudy,1.06,22.2,23.53,Wallet,Cancelled by Driver,
RPD104195,CUST3536,DRV769,Mumbai,Andheri,Dadar,18-Jun-2026 06:40 AM,cab economy,4.1,5.9,Low,27.0,Clear,1.03,64.2,66.13,Cash,completed,5.0
RPD100663,CUST3547,DRV131,mumbai,Borivali,Dadar,05-Jun-2026 08:27 PM,Cab Economy,2.82,5.7,Very High,11.0,Heavy Rain,1.86,48.84,90.84,Cash,Cancelled by Driver,
RPD102943,CUST2419,DRV571,hyderabad ,Madhapur,Gachibowli,2026-07-15 21:09:00,auto,2.26,24.0,Low,23.0,Heavy Rain,1.01,35.34,35.69,upi,Cancelled by Driver,
RPD102784,CUST3375,,Pune,Kothrud,Camp,2026-06-24 18:35:00,Auto,2.01,15.3,Very High,10.0,Fog,1.87,33.09,61.88,UPI,Cancelled by Customer,
RPD103469,CUST3406,DRV347,Bengaluru,Electronic City,HSR Layout,07-Jun-2026 01:52 AM,auto,6.58,32.9,Very High,15.0,Rain,1.89,74.22,140.28,Card,Ongoing,
RPD103813,CUST2418,DRV526,bangalore,Electronic City,Koramangala,2026-07-13 23:14:00,BIKE,5.75,25.5,Low,30.0,Clear,1.0,49.5,49.5,Card,COMPLETED,3.9
RPD102058,CUST1790,DRV457,Bengaluru,Jayanagar,Electronic City,12-Jul-2026 08:17 AM,Bike,5.9,13.4,Very High,3.0,Heavy Rain,1.76,50.4,88.7,Card,Ongoing,
RPD103131,CUST2446,,hyderabad ,Madhapur,Kukatpally,21-Jun-2026 08:39 AM,auto,1.09,8.2,Very High,0.0,Clear,1.9,24.81,47.14,Card,Cancelled by Customer,
RPD103072,CUST1908,DRV348,Mumbai,Andheri,Borivali,19-Jun-2026 01:52 PM,bike,2.45,31.5,Low,27.0,Fog,1.05,29.7,31.19,wallet,completed,5.0
RPD102236,CUST2170,,Hyderabad,Banjara Hills,Hitech City,21/06/2026 20:07,cab economy,3.44,25.5,Very High,0.0,Cloudy,1.95,56.28,109.75,cash ,Cancelled by Customer,
RPD104404,CUST2232,DRV381,Hyderabad,Gachibowli,Kukatpally,2026-06-15 01:06:00,cab economy,4.08,15.0,Very High,30.0,Rain,1.93,63.96,123.44,,Ongoing,
RPD104947,CUST2461,DRV551,mumbai,Andheri,Bandra,03/07/2026 17:56,cab economy,5.14,18.2,Very High,28.0,Heavy Rain,1.91,76.68,146.46,,completed,5.0
RPD103784,CUST3658,DRV222,Bengaluru,Indiranagar,Indiranagar,2026-06-04 00:40:00,Cab Economy,2.27,9.1,Low,14.0,Heavy Rain,1.08,42.24,45.62,wallet,Cancelled by Driver,
RPD103562,CUST3425,DRV567,Mumbai,Borivali,Powai,2026-07-09 06:25:00,bike,6.22,9.2,Low,22.0,Cloudy,1.0,52.32,52.32,Card,Ongoing,
RPD102448,CUST2190,DRV232,Bangalore,Indiranagar,Whitefield,2026-07-01 18:24:00,Bike,10.83,20.5,High,16.0,Clear,1.36,79.98,108.77,wallet,COMPLETED,4.3
RPD104827,CUST2292,DRV238,BANGALORE,Indiranagar,Electronic City,2026-06-05 11:21:00,auto,3.57,25.7,Medium,17.0,Fog,1.27,47.13,59.86,UPI,Ongoing,
RPD104380,CUST1579,DRV600,hyderabad ,Hitech City,Madhapur,01-Jul-2026 02:51 AM,Cab Premium,0.81,41.8,Very High,10.0,Rain,1.86,29.58,55.02,UPI,Completed,4.8
RPD100029,CUST3734,,Bangalore,Jayanagar,Jayanagar,2026-06-07 13:14:00,Bike,4.07,21.1,Medium,26.0,Fog,1.13,39.42,44.54,Wallet,Cancelled by Customer,
RPD102777,CUST2905,DRV376,Bengaluru,Indiranagar,Jayanagar,2026-06-24 22:33:00,Cab Economy,4.87,18.8,Medium,22.0,Cloudy,1.18,73.44,86.66,cash ,completed,4.3
RPD103162,CUST3647,DRV711,Bangalore,Koramangala,HSR Layout,09/06/2026 17:48,,3.56,31.6,Very High,21.0,Heavy Rain,1.96,57.72,113.13,Wallet,Ongoing,
RPD104450,CUST2059,DRV258,BANGALORE,HSR Layout,Jayanagar,12-Jun-2026 10:34 AM,bike,12.54,21.8,Medium,20.0,Clear,1.16,90.24,Rs. 104.68,wallet,COMPLETED,5.0
RPD102464,CUST1424,DRV204,Hyderabad,Gachibowli,Kukatpally,2026-07-08 11:29:00,Cab Premium,11.49,15.6,Medium,15.0,,1.17,221.82,259.53,upi,Completed,4.7
RPD104487,CUST2454,DRV777,Bengaluru,Koramangala,Electronic City,01/07/2026 22:08,auto,11.2,5.1,Low,12.0,Fog,1.0,115.8,115.8,Card,completed,3.9
RPD103996,CUST2942,DRV785,Mumbai,Powai,Dadar,02-Jul-2026 02:10 AM,,4.94,10.5,Low,13.0,,1.0,74.28,74.28,Cash,Completed,4.7
RPD103731,CUST3240,DRV399,hyderabad ,Gachibowli,Madhapur,12/07/2026 21:24,Auto,11.0,11.7,Medium,22.0,,1.07,114.0,121.98,Wallet,Completed,3.8
RPD101047,CUST2094,DRV144,Mumbai,Bandra,Colaba,13-Jul-2026 01:35 PM,Cab Premium,9.21,13.7,Medium,8.0,Fog,1.12,180.78,202.47,Wallet,COMPLETED,4.7
RPD101217,CUST3280,DRV169,bangalore,Jayanagar,Jayanagar,2026-06-05 22:12:00,BIKE,1.57,18.4,Low,10.0,Cloudy,1.0,24.42,24.42,Wallet,completed,3.9
RPD104386,CUST3072,,Pune,Kothrud,Hinjewadi,01/06/2026 10:38,cab economy,3.21,17.3,Low,18.0,Cloudy,1.0,53.52,Rs. 53.52,,Cancelled by Customer,
RPD104164,CUST3758,,Bangalore,HSR Layout,Jayanagar,2026-06-03 22:37:00,bike,3.84,7.2,Medium,23.0,Fog,1.15,38.04,43.75,Wallet,Cancelled by Customer,
RPD103523,CUST3008,DRV616,hyderabad ,Hitech City,Hitech City,01-Jun-2026 12:44 PM,BIKE,0.76,33.4,Low,24.0,Fog,1.0,19.56,19.56,Wallet,Ongoing,
RPD101876,CUST1843,DRV262,bangalore,Koramangala,Jayanagar,12/07/2026 06:44,,2.17,32.5,Low,13.0,Cloudy,1.0,41.04,41.04,UPI,Completed,3.0
RPD103468,CUST3847,DRV269,Bengaluru,Jayanagar,Koramangala,05-Jun-2026 08:57 AM,Bike,3.33,20.4,Very High,8.0,Rain,1.93,34.98,67.51,UPI,Completed,4.1
RPD103706,CUST2488,DRV462,Bangalore,Koramangala,MG Road,09/07/2026 04:24,Bike,5.15,24.6,Low,26.0,Clear,1.08,45.9,49.57,UPI,Cancelled by Driver,
RPD100010,CUST2794,DRV629,BANGALORE,MG Road,HSR Layout,06/07/2026 05:16,,3.13,14.3,Low,19.0,,1.05,52.56,55.19,,COMPLETED,4.7
RPD104160,CUST2438,DRV429,Bangalore,HSR Layout,Electronic City,25/06/2026 09:18,Cab Economy,0.62,20.7,High,15.0,Heavy Rain,1.43,22.44,32.09,Cash,Completed,3.9
RPD104981,CUST1621,DRV195,bangalore,MG Road,Whitefield,2026-06-24 10:17:00,cab economy,2.09,12.9,Very High,7.0,Heavy Rain,1.96,40.08,78.56,Wallet,COMPLETED,5.0
RPD103005,CUST3095,DRV623,Mumbai,Dadar,Powai,2026-06-07 09:19:00,cab economy,0.5,17.4,Very High,9.0,Heavy Rain,1.91,21.0,40.11,wallet,completed,4.1
RPD102788,CUST3943,DRV250,bangalore,Jayanagar,Koramangala,28-Jun-2026 06:30 PM,Cab Premium,7.82,10.3,Very High,6.0,Rain,1.89,155.76,294.39,UPI,Cancelled by Driver,
RPD104077,CUST1778,DRV434,Bangalore,Electronic City,Electronic City,09/07/2026 03:11,auto,1.97,29.1,Low,19.0,Fog,1.03,32.73,33.71,UPI,Completed,4.6
RPD100874,CUST3117,DRV731,Mumbai,Dadar,Colaba,02-Jul-2026 12:48 PM,BIKE,12.55,9.2,Medium,22.0,Cloudy,1.13,90.3,102.04,upi,Ongoing,
RPD101685,CUST1444,DRV656,Pune,Hinjewadi,Kothrud,01-Jun-2026 04:30 PM,cab economy,8.99,21.3,Low,10.0,Clear,1.02,122.88,Rs. 125.34,cash ,COMPLETED,4.4
RPD100786,CUST1167,,Mumbai,Bandra,Borivali,2026-06-22 17:22:00,auto,10.09,8.8,Medium,10.0,Fog,1.08,105.81,114.27,cash ,Cancelled by Customer,
RPD100610,CUST1297,DRV320,Hyderabad,Gachibowli,Hitech City,2026-07-03 08:37:00,,8.75,13.6,Very High,0.0,Heavy Rain,1.75,120.0,210.0,Wallet,completed,4.8
RPD101273,CUST1670,DRV465,Mumbai,Andheri,Powai,2026-06-27 23:48:00,bike,4.83,31.9,Medium,18.0,Heavy Rain,1.21,43.98,53.22,Card,Cancelled by Driver,
RPD100933,CUST1725,DRV536,Bangalore,Whitefield,Koramangala,2026-06-28 14:10:00,cab economy,0.98,36.8,Medium,16.0,Fog,1.16,26.76,31.04,UPI,completed,3.7
RPD100343,CUST2743,DRV738,Bangalore,Koramangala,MG Road,02-Jun-2026 04:46 AM,BIKE,4.76,12.6,Low,27.0,Clear,1.0,43.56,43.56,Cash,COMPLETED,5.0
RPD103870,CUST3721,DRV456,Pune,Baner,Hinjewadi,2026-06-06 21:18:00,auto,6.23,15.4,Medium,19.0,,1.13,71.07,80.31,wallet,Completed,4.0
RPD104709,CUST3343,DRV750,Pune,Hinjewadi,Baner,14/06/2026 04:35,bike,12.15,10.3,Very High,21.0,Heavy Rain,1.91,87.9,167.89,Wallet,COMPLETED,4.3
RPD104016,CUST1312,DRV209,Bengaluru,HSR Layout,MG Road,2026-06-23 11:44:00,Auto,8.47,18.4,Medium,15.0,Cloudy,1.13,91.23,103.09,wallet,completed,4.3
RPD101385,CUST2726,DRV515,Bangalore,Whitefield,MG Road,2026-06-27 12:00:00,Cab Premium,2.98,25.5,Very High,19.0,Rain,1.9,68.64,130.42,UPI,COMPLETED,3.9
RPD104388,CUST2576,DRV363,hyderabad ,Madhapur,Gachibowli,08/06/2026 21:24,,5.08,9.5,Low,26.0,Fog,1.0,75.96,75.96,wallet,COMPLETED,5.0
RPD104120,CUST3532,DRV125,Hyderabad,Hitech City,Banjara Hills,05-Jun-2026 01:19 AM,cab economy,3.89,23.6,Low,17.0,Cloudy,1.04,61.68,64.15,Card,Completed,4.9
RPD102548,CUST2622,DRV241,hyderabad ,Madhapur,Gachibowli,13-Jun-2026 06:56 AM,,2.28,27.2,Very High,21.0,Rain,1.92,42.36,81.33,upi,Completed,4.4
RPD102054,CUST3666,DRV383,Hyderabad,Gachibowli,Madhapur,11/06/2026 04:08,,2.24,42.8,Low,10.0,Cloudy,1.04,41.88,43.56,,Ongoing,
RPD100856,CUST2037,DRV240,BANGALORE,Electronic City,HSR Layout,24-Jun-2026 02:22 PM,cab economy,3.52,9.4,Low,17.0,,1.0,57.24,57.24,Wallet,Ongoing,
RPD100446,CUST3041,DRV201,bangalore,Jayanagar,Electronic City,10/07/2026 03:52,bike,4.79,11.4,Low,26.0,Rain,1.02,43.74,44.61,Cash,Ongoing,
RPD101375,CUST2550,,Bangalore,MG Road,MG Road,08/06/2026 19:44,auto,0.89,15.1,Very High,20.0,Rain,1.96,23.01,45.1,upi,Cancelled by Customer,
RPD104843,CUST2553,DRV764,hyderabad ,Madhapur,Gachibowli,2026-06-02 23:47:00,BIKE,6.19,15.4,Low,15.0,Cloudy,1.01,52.14,52.66,,COMPLETED,4.8
RPD100406,CUST3326,,Bengaluru,Indiranagar,Indiranagar,2026-07-12 09:37:00,bike,2.3,9.6,Very High,0.0,Heavy Rain,1.93,28.8,55.58,wallet,Cancelled by Customer,
RPD104394,CUST2476,DRV645,Bangalore,Indiranagar,Electronic City,2026-06-05 23:56:00,,3.82,11.4,Low,17.0,Fog,4.38,60.84,266.48,cash ,Completed,
RPD100285,CUST1769,DRV428,hyderabad ,Madhapur,Banjara Hills,19/06/2026 20:47,bike,0.5,9.9,Very High,26.0,Rain,1.9,18.0,34.2,UPI,COMPLETED,4.7
RPD100346,CUST2184,DRV271,hyderabad ,Madhapur,Banjara Hills,2026-07-10 01:57:00,,1.92,11.6,Medium,14.0,Cloudy,1.15,38.04,43.75,UPI,Cancelled by Driver,
RPD101013,CUST3533,DRV192,Hyderabad,Gachibowli,Gachibowli,2026-06-23 15:29:00,auto,3.45,25.9,Medium,26.0,Cloudy,1.14,46.05,52.5,,Completed,4.3
RPD103629,CUST3946,DRV129,Pune,Baner,Hinjewadi,05/06/2026 15:59,bike,11.75,22.2,Medium,13.0,Heavy Rain,1.1,85.5,Rs. 94.05,Cash,Ongoing,
RPD103144,CUST3090,DRV417,BANGALORE,MG Road,Indiranagar,18-Jun-2026 09:59 AM,,3.33,10.2,Very High,7.0,Clear,1.87,54.96,102.78,upi,Cancelled by Driver,
RPD101436,CUST1012,,Pune,Kothrud,Hinjewadi,23/06/2026 23:40,cab economy,10.26,29.3,Medium,25.0,Heavy Rain,1.09,138.12,150.55,Wallet,Cancelled by Customer,
RPD101766,CUST1151,DRV554,Bangalore,Koramangala,HSR Layout,2026-06-30 00:48:00,Auto,14.2,8.4,Medium,27.0,,1.19,142.8,169.93,upi,completed,3.6
RPD103041,CUST2078,DRV751,mumbai,Powai,Powai,2026-07-09 12:20:00,BIKE,4.13,9.1,Medium,18.0,,1.25,39.78,49.73,UPI,completed,4.1
RPD104777,CUST3466,DRV263,Bangalore,MG Road,MG Road,2026-07-13 10:40:00,Bike,5.01,15.4,Medium,23.0,Heavy Rain,1.13,45.06,50.92,,Ongoing,
RPD103047,CUST3603,DRV278,Mumbai,Dadar,Powai,30-Jun-2026 02:45 PM,cab economy,6.36,3.1,Medium,27.0,Clear,1.18,91.32,107.76,,COMPLETED,4.1
RPD103827,CUST2073,,bangalore,Koramangala,Electronic City,2026-07-08 09:23:00,Cab Economy,9.84,17.0,Very High,0.0,Fog,1.99,133.08,264.83,Card,Cancelled by Customer,
RPD101171,CUST3382,DRV669,Hyderabad,Kukatpally,Gachibowli,2026-07-01 19:39:00,Bike,3.3,9.5,Very High,0.0,Rain,1.95,34.8,67.86,Card,completed,4.0
RPD103831,CUST1884,DRV778,bangalore,Indiranagar,MG Road,2026-06-24 23:40:00,bike,14.04,8.3,Low,28.0,Clear,1.01,99.24,100.23,UPI,Ongoing,
RPD104343,CUST2822,DRV755,Mumbai,Borivali,Borivali,2026-07-15 15:41:00,Auto,1.88,6.6,Medium,18.0,Clear,1.18,31.92,37.67,UPI,Completed,4.8
RPD104284,CUST2247,DRV419,Pune,Kothrud,Baner,28/06/2026 12:39,BIKE,2.34,14.5,Low,22.0,Rain,1.0,29.04,29.04,wallet,Cancelled by Driver,
RPD103951,CUST2705,DRV711,BANGALORE,Whitefield,Whitefield,18/06/2026 18:30,Cab Premium,5.35,22.6,High,0.0,Fog,1.47,111.3,163.61,Cash,COMPLETED,4.6
RPD104081,CUST2680,DRV538,Pune,Hinjewadi,Viman Nagar,2026-07-15 22:19:00,Cab Economy,8.3,27.8,Medium,25.0,Cloudy,1.19,114.6,136.37,,Completed,3.9
RPD104890,CUST1187,,hyderabad ,Gachibowli,Kukatpally,16/07/2026 00:12,bike,2.39,11.3,Low,32.0,Rain,1.0,29.34,29.34,,Cancelled by Customer,
RPD101324,CUST1822,DRV651,Pune,Kothrud,Kothrud,2026-06-05 15:53:00,bike,7.48,16.1,Low,23.0,Clear,1.05,59.88,62.87,Cash,Cancelled by Driver,
RPD103056,CUST1321,,Pune,Baner,Baner,2026-06-15 22:41:00,Bike,10.83,33.0,Medium,17.0,Cloudy,1.14,79.98,91.18,Card,Cancelled by Customer,
RPD101176,CUST1171,DRV341,Hyderabad,Gachibowli,Gachibowli,29-Jun-2026 06:49 PM,bike,6.72,25.8,Very High,7.0,Clear,1.95,55.32,107.87,Wallet,Ongoing,
RPD100499,CUST2684,DRV666,bangalore,HSR Layout,MG Road,03-Jun-2026 07:56 AM,auto,8.58,4.1,Medium,27.0,,1.18,92.22,108.82,upi,completed,3.6
RPD103077,CUST2361,,BANGALORE,HSR Layout,Koramangala,07/07/2026 03:32,bike,6.8,14.3,Low,18.0,Fog,1.05,55.8,58.59,UPI,Cancelled by Customer,
RPD102418,CUST2762,DRV256,Mumbai,Dadar,Powai,2026-06-18 00:50:00,Auto,3.39,16.6,Very High,21.0,Heavy Rain,1.87,45.51,85.1,upi,completed,4.0
RPD102420,CUST1770,,mumbai,Dadar,Colaba,03/07/2026 20:03,BIKE,3.18,18.6,Very High,12.0,,1.84,34.08,62.71,cash ,Cancelled by Customer,
RPD103814,CUST2583,DRV394,mumbai,Borivali,Andheri,2026-06-19 09:26:00,auto,10.28,16.6,Very High,9.0,Clear,1.93,107.52,207.51,upi,COMPLETED,4.2
RPD103747,CUST3558,DRV178,hyderabad ,Madhapur,Madhapur,02-Jul-2026 01:27 AM,Bike,4.52,13.2,Very High,23.0,Rain,1.94,42.12,81.71,wallet,Ongoing,
RPD102542,CUST2594,DRV692,bangalore,Indiranagar,Whitefield,2026-06-08 06:30:00,BIKE,6.0,15.9,Low,16.0,,1.0,51.0,51.0,Card,completed,5.0
RPD101917,CUST3088,DRV483,Bengaluru,Electronic City,HSR Layout,10-Jul-2026 07:29 PM,Auto,10.57,28.7,Very High,3.0,,1.9,110.13,209.25,wallet,completed,5.0
RPD101424,CUST1324,,BANGALORE,HSR Layout,Jayanagar,2026-07-06 06:32:00,,2.22,12.6,Low,17.0,Clear,1.0,41.64,41.64,Cash,Cancelled by Customer,
RPD101284,CUST3396,,mumbai,Dadar,Colaba,03/06/2026 00:10,BIKE,11.0,15.8,Medium,10.0,Rain,1.15,81.0,93.15,UPI,Cancelled by Customer,
RPD104808,CUST1801,DRV423,Bengaluru,MG Road,HSR Layout,11/06/2026 04:38,Cab Economy,5.86,15.1,Medium,21.0,Clear,1.2,85.32,102.38,Card,completed,5.0
RPD100191,CUST2321,DRV239,Bangalore,Koramangala,Indiranagar,2026-07-08 22:58:00,Cab Economy,6.34,13.3,Medium,23.0,Clear,1.09,91.08,99.28,Cash,Completed,4.3
RPD100741,CUST3321,,mumbai,Borivali,Andheri,26-Jun-2026 08:06 PM,,12.18,5.9,High,9.0,,1.41,161.16,227.24,cash ,Cancelled by Customer,
RPD101097,CUST2783,DRV139,Bengaluru,Jayanagar,Jayanagar,24/06/2026 14:16,BIKE,1.39,12.1,Medium,12.0,Cloudy,1.15,23.34,26.84,wallet,Ongoing,
RPD104365,CUST2073,DRV175,hyderabad ,Hitech City,Hitech City,05-Jul-2026 05:59 PM,,4.38,12.5,Medium,23.0,,1.2,67.56,81.07,upi,Cancelled by Driver,
RPD102600,CUST3494,DRV757,bangalore,Jayanagar,Whitefield,25/06/2026 14:48,,2.96,46.6,Low,24.0,Rain,1.08,50.52,54.56,upi,Cancelled by Driver,
RPD104261,CUST3902,DRV162,Pune,Kothrud,Viman Nagar,01-Jun-2026 07:05 PM,BIKE,9.88,16.3,High,0.0,Cloudy,1.46,74.28,108.45,Wallet,Ongoing,
RPD100487,CUST2042,DRV663,Pune,Camp,Hinjewadi,2026-06-14 07:57:00,auto,11.71,8.3,Low,21.0,Cloudy,1.0,120.39,120.39,upi,Cancelled by Driver,
RPD103581,CUST1433,DRV181,mumbai,Borivali,Borivali,26/06/2026 05:40,Bike,5.14,6.1,Very High,26.0,Rain,1.9,45.84,87.1,cash ,Cancelled by Driver,
RPD104296,CUST1553,DRV712,bangalore,Whitefield,Koramangala,10-Jul-2026 02:29 PM,bike,1.91,5.5,Low,24.0,Rain,1.03,26.46,Rs. 27.25,cash ,completed,4.6
RPD102389,CUST3435,DRV141,mumbai,Dadar,Andheri,10/07/2026 02:59,Cab Economy,9.36,21.8,Very High,19.0,Heavy Rain,1.92,127.32,244.45,UPI,completed,5.0
RPD104927,CUST2005,,bangalore,MG Road,Whitefield,06-Jun-2026 06:55 AM,Bike,4.35,11.9,Low,16.0,Clear,1.0,41.1,41.1,,Cancelled by Customer,
RPD102322,CUST3876,DRV783,mumbai,Andheri,Borivali,2026-07-09 15:44:00,Cab Economy,9.43,13.3,Very High,22.0,Heavy Rain,1.87,128.16,239.66,cash ,Ongoing,
RPD104663,CUST3948,DRV314,Pune,Viman Nagar,Kothrud,2026-07-12 13:41:00,Cab Premium,3.52,9.7,Low,20.0,Cloudy,1.0,78.36,78.36,wallet,COMPLETED,5.0
RPD100209,CUST2251,DRV758,Mumbai,Borivali,Dadar,03-Jul-2026 12:55 AM,BIKE,999.0,16.6,Medium,14.0,,1.17,6009.0,7030.53,Card,Ongoing,
RPD103021,CUST2335,DRV388,BANGALORE,HSR Layout,Indiranagar,2026-06-15 14:01:00,auto,1.12,36.9,Low,20.0,Fog,1.0,25.08,25.08,wallet,completed,4.3
RPD102734,CUST3939,DRV705,mumbai,Borivali,Andheri,10/07/2026 19:24,Auto,1.41,23.2,High,19.0,Clear,1.34,27.69,37.1,wallet,Cancelled by Driver,
RPD104619,CUST3377,DRV631,Hyderabad,Hitech City,Madhapur,15-Jul-2026 06:20 PM,Auto,2.53,23.1,Very High,6.0,Fog,1.84,37.77,69.5,,completed,3.6
RPD101671,CUST3572,DRV755,mumbai,Dadar,Borivali,2026-07-09 09:53:00,Cab Premium,3.28,32.4,Very High,6.0,Cloudy,1.92,74.04,142.16,upi,Cancelled by Driver,
RPD100151,CUST3306,DRV760,hyderabad ,Madhapur,Kukatpally,05-Jul-2026 01:50 AM,bike,4.22,11.4,Medium,32.0,Clear,1.15,40.32,46.37,wallet,COMPLETED,4.6
RPD103911,CUST1117,DRV312,bangalore,Indiranagar,Indiranagar,2026-06-02 07:56:00,cab economy,1.59,22.4,Low,23.0,Rain,1.07,34.08,36.47,Card,Completed,4.2
RPD102143,CUST1896,DRV690,Bengaluru,MG Road,Koramangala,17/06/2026 03:46,Cab Premium,2.61,16.7,Medium,15.0,Rain,1.12,61.98,69.42,Cash,completed,4.9
RPD104378,CUST3603,,hyderabad ,Kukatpally,Gachibowli,23/06/2026 20:25,Cab Premium,1.68,23.9,High,12.0,Fog,1.44,45.24,65.15,Wallet,Cancelled by Customer,
RPD101962,CUST3871,DRV464,BANGALORE,Electronic City,HSR Layout,2026-07-10 14:01:00,auto,2.07,20.1,Very High,24.0,Rain,1.75,33.63,58.85,wallet,Ongoing,
RPD103723,CUST2155,,Hyderabad,Gachibowli,Gachibowli,14-Jul-2026 04:38 AM,Cab Economy,4.65,20.9,Low,14.0,Rain,1.06,70.8,75.05,Card,Cancelled by Customer,
RPD101773,CUST2212,DRV778,Bangalore,HSR Layout,MG Road,2026-07-08 17:39:00,Cab Premium,3.63,22.5,Very High,16.0,Heavy Rain,1.91,80.34,153.45,Wallet,Completed,3.7
RPD101914,CUST3672,DRV742,Mumbai,Dadar,Bandra,29/06/2026 03:37,bike,7.09,28.5,Medium,12.0,Cloudy,1.3,57.54,74.8,wallet,Completed,4.5
RPD104002,CUST3598,DRV714,Hyderabad,Hitech City,Gachibowli,2026-06-04 01:28:00,Bike,1.21,22.8,Low,30.0,Fog,1.0,22.26,22.26,,completed,4.1
RPD103815,CUST2535,DRV790,Hyderabad,Hitech City,Hitech City,2026-06-04 07:14:00,cab economy,-2.93,12.0,Low,17.0,Heavy Rain,1.0,16.2,16.2,UPI,COMPLETED,5.0
RPD101703,CUST1504,DRV233,Pune,Kothrud,Baner,30-Jun-2026 06:11 PM,bike,2.91,16.6,Very High,11.0,,1.95,32.46,63.3,wallet,completed,4.4
RPD101186,CUST3204,DRV257,BANGALORE,Koramangala,Jayanagar,12-Jul-2026 02:11 AM,bike,6.99,39.9,Low,15.0,Heavy Rain,1.0,56.94,56.94,wallet,Cancelled by Driver,
RPD102566,CUST2686,DRV506,BANGALORE,Jayanagar,MG Road,09/06/2026 10:42,cab economy,8.5,9.4,Medium,19.0,,1.19,117.0,139.23,Wallet,completed,4.1
RPD101253,CUST1876,DRV574,Pune,Camp,Baner,15/07/2026 09:46,cab economy,9.23,13.4,Very High,0.0,Fog,1.87,125.76,235.17,wallet,COMPLETED,4.3
RPD101562,CUST2742,DRV363,Hyderabad,Gachibowli,Gachibowli,2026-06-29 08:24:00,Cab Economy,3.17,9.2,High,6.0,Cloudy,1.4,53.04,74.26,upi,COMPLETED,4.5
RPD101237,CUST3202,DRV564,BANGALORE,Indiranagar,Electronic City,05/07/2026 08:39,Cab Economy,3.07,16.0,High,9.0,Clear,1.35,51.84,69.98,Cash,Cancelled by Driver,
RPD103508,CUST2586,DRV377,Pune,Baner,Hinjewadi,2026-06-18 21:49:00,cab economy,6.48,12.8,Low,20.0,Fog,1.0,92.76,92.76,Cash,Completed,4.1
RPD103545,CUST1655,DRV544,Bangalore,MG Road,Electronic City,08-Jul-2026 03:23 PM,auto,2.65,13.9,Low,24.0,Rain,1.01,38.85,39.24,Card,Completed,4.5
RPD103004,CUST2053,DRV700,Mumbai,Dadar,Bandra,2026-07-13 01:18:00,BIKE,2.71,17.2,Low,11.0,,1.0,31.26,31.26,UPI,Ongoing,
RPD102100,CUST1119,DRV574,bangalore,Jayanagar,Koramangala,2026-06-08 16:29:00,Cab Economy,-2.89,8.4,Low,22.0,Cloudy,1.05,16.2,17.01,cash ,completed,5.0
RPD103754,CUST2634,DRV197,Mumbai,Bandra,Bandra,2026-06-08 13:44:00,auto,3.02,10.6,Medium,23.0,,1.15,42.18,48.51,UPI,Cancelled by Driver,
RPD102785,CUST3367,DRV789,Bangalore,Jayanagar,Whitefield,16/07/2026 11:31,Auto,3.71,7.2,Low,13.0,Fog,5.06,48.39,244.85,Card,COMPLETED,5.0
RPD104836,CUST1477,DRV111,Pune,Hinjewadi,Kothrud,24-Jun-2026 06:08 PM,Bike,0.89,7.8,Very High,22.0,Heavy Rain,1.9,20.34,38.65,UPI,completed,3.9
RPD101527,CUST2923,DRV196,bangalore,Koramangala,Jayanagar,2026-06-10 22:54:00,cab economy,4.0,50.3,Low,11.0,Rain,1.0,63.0,63.0,wallet,COMPLETED,5.0
RPD104319,CUST3162,DRV172,mumbai,Borivali,Bandra,2026-06-02 21:22:00,cab economy,7.01,10.3,Low,24.0,Clear,1.11,99.12,110.02,Card,Ongoing,
RPD102634,CUST1613,DRV400,bangalore,HSR Layout,Indiranagar,2026-06-03 11:42:00,Auto,2.74,39.9,Low,25.0,Rain,1.0,39.66,39.66,UPI,Ongoing,
RPD104899,CUST1398,,Bengaluru,Koramangala,Electronic City,07/07/2026 09:15,auto,2.01,17.9,Very High,2.0,Cloudy,1.87,33.09,61.88,wallet,Cancelled by Customer,
RPD101628,CUST1948,DRV103,Bangalore,MG Road,Whitefield,2026-07-16 04:23:00,Bike,7.25,14.8,Low,25.0,Fog,1.01,58.5,59.09,Cash,COMPLETED,4.7
RPD103334,CUST1608,DRV217,Hyderabad,Kukatpally,Hitech City,03/06/2026 14:05,Bike,6.97,34.8,Very High,14.0,Rain,1.87,56.82,106.25,,Ongoing,
RPD100421,CUST1480,DRV114,hyderabad ,Madhapur,Gachibowli,2026-06-06 14:12:00,Cab Premium,7.19,7.4,Low,21.0,Fog,1.0,144.42,144.42,wallet,Ongoing,
RPD100762,CUST1064,,Pune,Baner,Baner,07-Jun-2026 11:23 AM,auto,4.85,32.7,Low,30.0,Rain,1.03,58.65,60.41,Card,Cancelled by Customer,
RPD102271,CUST2157,DRV164,BANGALORE,Whitefield,MG Road,05-Jun-2026 03:05 AM,Cab Economy,3.03,33.9,Medium,25.0,Fog,1.14,51.36,58.55,Cash,completed,4.9
RPD101431,CUST3570,DRV373,Pune,Camp,Camp,05/06/2026 23:02,cab economy,3.15,17.2,Medium,24.0,Fog,1.22,52.8,64.42,Wallet,Cancelled by Driver,
RPD102266,CUST3251,,mumbai,Powai,Dadar,2026-06-29 06:38:00,Bike,2.95,22.7,Low,21.0,Fog,1.0,32.7,32.7,,Cancelled by Customer,
RPD102689,CUST3558,DRV384,Pune,Baner,Kothrud,2026-06-30 02:37:00,bike,5.54,3.9,Very High,23.0,Rain,1.9,48.24,91.66,Card,completed,5.0
RPD100341,CUST1127,DRV340,bangalore,Electronic City,Koramangala,10-Jul-2026 04:25 PM,,5.11,20.5,Low,28.0,Clear,4.9,76.32,373.97,wallet,Cancelled by Driver,
RPD103442,CUST1189,DRV458,BANGALORE,Indiranagar,Jayanagar,08-Jul-2026 07:22 AM,auto,2.88,7.2,Low,20.0,Fog,1.07,40.92,43.78,Card,Ongoing,
RPD101207,CUST3174,DRV583,hyderabad ,Banjara Hills,Madhapur,13/06/2026 14:34,cab economy,4.72,43.0,Medium,14.0,Fog,1.22,71.64,87.4,Cash,Completed,4.9
RPD102956,CUST2477,DRV606,bangalore,Whitefield,Electronic City,2026-07-16 03:16:00,Bike,6.68,24.0,Low,11.0,Fog,1.0,55.08,55.08,Card,completed,3.3
RPD100885,CUST1089,DRV498,mumbai,Powai,Dadar,2026-06-18 07:45:00,cab economy,4.53,10.1,Low,26.0,Clear,1.0,69.36,69.36,Wallet,Completed,4.9
RPD104634,CUST2843,DRV377,bangalore,Koramangala,Electronic City,28-Jun-2026 11:43 PM,Auto,-8.45,10.2,Low,16.0,Clear,1.0,15.9,15.9,Card,completed,4.1
RPD104123,CUST3216,DRV190,mumbai,Bandra,Dadar,23-Jun-2026 03:02 PM,auto,3.32,10.4,Low,3.0,Heavy Rain,1.0,44.88,44.88,upi,COMPLETED,
RPD103353,CUST2780,DRV200,Bengaluru,Jayanagar,Electronic City,2026-07-12 07:22:00,cab economy,8.57,18.9,Low,20.0,Rain,1.0,117.84,117.84,cash ,completed,4.7
RPD100393,CUST2740,DRV214,Hyderabad,Madhapur,Madhapur,2026-06-22 05:45:00,BIKE,14.28,29.0,Low,20.0,,1.0,100.68,100.68,upi,completed,4.3
RPD101558,CUST3969,DRV202,bangalore,Indiranagar,HSR Layout,09/07/2026 08:49,Auto,0.59,14.2,High,6.0,Cloudy,1.38,20.31,28.03,upi,Completed,4.0
RPD100349,CUST1222,DRV757,mumbai,Andheri,Bandra,2026-07-09 04:53:00,Auto,4.87,9.9,Low,21.0,,1.0,58.83,58.83,Card,COMPLETED,5.0
RPD103769,CUST1660,DRV555,Mumbai,Dadar,Andheri,2026-06-08 21:05:00,Cab Economy,9.23,17.9,Medium,24.0,Fog,1.14,125.76,143.37,Cash,completed,4.2
RPD101749,CUST1900,DRV787,Hyderabad,Kukatpally,Kukatpally,2026-06-16 16:32:00,Auto,3.19,10.0,Medium,19.0,Clear,1.19,43.71,52.01,UPI,Ongoing,
RPD100099,CUST2022,DRV216,mumbai,Dadar,Colaba,03/06/2026 19:09,bike,18.49,11.2,Very High,1.0,Fog,1.97,125.94,248.1,UPI,Cancelled by Driver,
RPD100891,CUST2449,DRV720,Pune,Kothrud,Hinjewadi,19-Jun-2026 02:33 PM,,1.63,7.5,Medium,22.0,,1.27,34.56,43.89,wallet,Ongoing,
RPD102435,CUST2472,DRV753,hyderabad ,Hitech City,Hitech City,01-Jul-2026 08:53 PM,Cab Premium,4.97,20.8,Very High,15.0,Rain,1.87,104.46,195.34,Wallet,Cancelled by Driver,
RPD101040,CUST2986,DRV393,Bengaluru,MG Road,Koramangala,2026-06-13 14:37:00,,2.16,31.6,Medium,24.0,,1.13,40.92,46.24,UPI,Completed,4.5
RPD101442,CUST1215,,Mumbai,Powai,Andheri,2026-07-10 05:13:00,auto,5.84,4.4,Low,18.0,Cloudy,1.07,67.56,72.29,upi,Cancelled by Customer,
RPD104711,CUST3761,DRV459,Bengaluru,MG Road,MG Road,26-Jun-2026 08:17 AM,Auto,5.36,14.8,High,6.0,Clear,1.32,63.24,,Cash,Cancelled by Driver,
RPD103811,CUST1692,DRV636,bangalore,Indiranagar,Koramangala,26-Jun-2026 11:52 PM,Cab Premium,4.3,18.4,Low,9.0,Fog,1.01,92.4,93.32,UPI,Cancelled by Driver,
RPD103208,CUST1057,DRV427,Bengaluru,MG Road,HSR Layout,2026-06-12 08:53:00,bike,12.57,14.9,Very High,4.0,,1.88,90.42,169.99,,Completed,5.0
RPD101063,CUST2272,DRV510,Bengaluru,Koramangala,Koramangala,2026-07-15 21:27:00,auto,9.54,8.4,Medium,13.0,Rain,1.19,100.86,120.02,Cash,COMPLETED,4.5
RPD101548,CUST2127,DRV275,Bengaluru,MG Road,Koramangala,2026-06-10 18:12:00,Cab Economy,12.53,18.4,Very High,5.0,,1.89,165.36,312.53,UPI,COMPLETED,
RPD104525,CUST3196,DRV445,Bangalore,Electronic City,HSR Layout,26-Jun-2026 06:01 PM,Cab Economy,6.68,11.0,Very High,7.0,Clear,1.91,95.16,181.76,cash ,Ongoing,
RPD102652,CUST1415,DRV692,bangalore,MG Road,HSR Layout,11-Jul-2026 03:29 PM,bike,8.81,22.8,Low,24.0,Fog,1.01,67.86,68.54,,Completed,4.5
RPD102388,CUST3110,DRV566,Pune,Hinjewadi,Baner,2026-06-16 18:20:00,cab economy,6.35,24.1,Very High,3.0,Heavy Rain,1.85,91.2,168.72,,Cancelled by Driver,
RPD100671,CUST2553,DRV428,Hyderabad,Kukatpally,Banjara Hills,01/07/2026 22:08,,2.51,9.8,Low,28.0,Clear,1.0,45.12,Rs. 45.12,,COMPLETED,4.5
RPD100714,CUST1006,DRV725,Mumbai,Borivali,Borivali,28/06/2026 19:25,Bike,8.57,25.9,Very High,5.0,Rain,1.98,66.42,131.51,wallet,Ongoing,
RPD104508,CUST2453,DRV412,Hyderabad,Hitech City,Hitech City,2026-06-25 22:51:00,Auto,6.08,3.0,Low,13.0,,1.04,69.72,72.51,cash ,COMPLETED,3.3
RPD103536,CUST3344,DRV254,Bangalore,Whitefield,Koramangala,2026-06-25 03:19:00,auto,3.9,13.3,Medium,17.0,Fog,1.16,50.1,58.12,Card,Ongoing,
RPD103842,CUST3451,,hyderabad ,Kukatpally,Hitech City,2026-07-05 03:31:00,Cab Premium,4.49,22.9,Low,26.0,Fog,1.0,95.82,95.82,UPI,Cancelled by Customer,
RPD100417,CUST3586,DRV424,mumbai,Borivali,Andheri,2026-07-05 07:54:00,auto,-5.29,8.8,Very High,22.0,Heavy Rain,1.89,15.9,30.05,wallet,completed,3.8
RPD101506,CUST2414,DRV325,Pune,Baner,Viman Nagar,12-Jun-2026 01:28 PM,Cab Economy,1.73,22.7,Medium,15.0,Clear,1.14,35.76,40.77,cash ,Cancelled by Driver,
RPD104419,CUST1714,,Pune,Kothrud,Camp,20-Jun-2026 05:50 AM,cab economy,2.17,16.8,Low,9.0,Cloudy,1.0,41.04,Rs. 41.04,upi,Cancelled by Customer,
RPD101356,CUST2682,DRV677,bangalore,Indiranagar,Whitefield,08-Jul-2026 09:36 AM,BIKE,6.8,22.8,High,16.0,Rain,1.42,55.8,79.24,Cash,completed,4.5
RPD101746,CUST2755,DRV439,Bengaluru,Jayanagar,Koramangala,03/07/2026 01:58,BIKE,2.57,11.4,Low,25.0,Clear,1.03,30.42,31.33,cash ,Cancelled by Driver,
RPD104238,CUST3008,,hyderabad ,Gachibowli,Hitech City,2026-06-17 03:58:00,,9.96,12.5,Low,17.0,Fog,1.04,134.52,139.9,Cash,Cancelled by Customer,
RPD104467,CUST3256,,Hyderabad,Banjara Hills,Gachibowli,2026-06-26 19:51:00,bike,1.07,13.0,High,3.0,Cloudy,1.4,21.42,29.99,cash ,Cancelled by Customer,
RPD104402,CUST3771,DRV343,Hyderabad,Banjara Hills,Gachibowli,11/07/2026 12:00,Cab Premium,2.05,15.7,Low,24.0,Rain,1.1,51.9,57.09,Wallet,Cancelled by Driver,
RPD101626,CUST2255,DRV581,hyderabad ,Madhapur,Madhapur,2026-06-26 10:05:00,,0.83,25.5,Low,24.0,Rain,1.0,24.96,24.96,,Completed,5.0
RPD104648,CUST1188,DRV273,mumbai,Colaba,Powai,28/06/2026 03:25,Auto,1.33,11.0,Low,19.0,Cloudy,1.03,26.97,Rs. 27.78,,Completed,4.2
RPD104679,CUST3445,DRV739,BANGALORE,Indiranagar,Koramangala,2026-06-05 07:36:00,BIKE,1.19,6.3,Low,19.0,Rain,1.0,22.14,22.14,,Completed,5.0
RPD101956,CUST2273,DRV402,Hyderabad,Banjara Hills,Banjara Hills,09-Jun-2026 01:13 PM,,1.59,10.0,Very High,11.0,Rain,1.96,34.08,66.8,Cash,Cancelled by Driver,
RPD104470,CUST3362,DRV319,Bangalore,Jayanagar,HSR Layout,01/06/2026 19:40,Cab Premium,3.38,18.2,Very High,5.0,Clear,1.84,75.84,139.55,Wallet,Cancelled by Driver,
RPD104573,CUST1204,DRV651,Mumbai,Colaba,Andheri,02-Jul-2026 08:54 PM,bike,5.01,21.7,High,8.0,Clear,1.3,45.06,58.58,Card,Cancelled by Driver,
RPD101684,CUST1692,DRV654,Hyderabad,Hitech City,Banjara Hills,2026-06-25 21:08:00,,4.77,25.4,Very High,16.0,Rain,1.89,72.24,136.53,cash ,Completed,3.4
RPD100573,CUST1484,DRV469,mumbai,Borivali,Powai,15/06/2026 21:24,cab economy,2.74,20.1,Low,21.0,Rain,1.05,47.88,50.27,upi,Completed,4.2
RPD102174,CUST1608,DRV418,Mumbai,Bandra,Andheri,2026-06-12 19:54:00,cab economy,1.86,17.2,Very High,15.0,Rain,1.84,37.32,68.67,cash ,completed,4.5
RPD100735,CUST3374,DRV214,Hyderabad,Kukatpally,Hitech City,19-Jun-2026 12:53 PM,,3.35,13.5,Low,24.0,,1.05,55.2,57.96,Cash,completed,4.3
RPD103312,CUST3297,DRV200,bangalore,Koramangala,Koramangala,20/06/2026 19:41,auto,6.19,6.6,Very High,6.0,Rain,1.94,70.71,137.18,Cash,Ongoing,
RPD101772,CUST1558,,Hyderabad,Hitech City,Kukatpally,01/06/2026 11:23,Cab Economy,1.35,12.8,Low,22.0,Cloudy,1.04,31.2,32.45,Wallet,Cancelled by Customer,
RPD102660,CUST3974,DRV119,mumbai,Powai,Dadar,20-Jun-2026 02:57 PM,Cab Premium,8.8,19.0,Medium,27.0,Fog,1.08,173.4,187.27,UPI,completed,5.0
RPD104610,CUST2333,DRV677,Pune,Hinjewadi,Camp,2026-06-13 22:52:00,cab economy,4.35,16.1,Very High,20.0,Heavy Rain,1.87,67.2,125.66,Card,Completed,4.9
RPD103962,CUST1348,DRV552,Pune,Viman Nagar,Camp,12-Jul-2026 11:09 PM,bike,3.97,42.7,Very High,24.0,Heavy Rain,1.9,38.82,73.76,,COMPLETED,3.4
RPD103968,CUST1381,DRV132,Pune,Baner,Hinjewadi,13/06/2026 18:03,bike,999.0,24.1,High,6.0,Heavy Rain,1.54,6009.0,9253.86,Card,Ongoing,
RPD100401,CUST2567,DRV719,BANGALORE,Jayanagar,HSR Layout,2026-06-07 03:16:00,Bike,2.32,18.0,Low,22.0,Clear,1.0,28.92,28.92,Wallet,Completed,4.4
RPD104032,CUST1037,DRV175,Bangalore,Electronic City,MG Road,18-Jun-2026 09:52 AM,cab economy,3.71,12.8,High,0.0,,1.34,59.52,79.76,wallet,completed,4.8
RPD103231,CUST2056,DRV435,BANGALORE,MG Road,HSR Layout,10-Jul-2026 03:22 AM,cab economy,3.08,21.5,Low,17.0,Fog,1.02,51.96,53.0,Cash,Completed,4.6
RPD101115,CUST2563,DRV669,Pune,Hinjewadi,Hinjewadi,03/07/2026 13:13,Cab Economy,1.55,3.1,Low,24.0,Fog,1.0,33.6,33.6,UPI,COMPLETED,5.0
RPD100399,CUST1815,DRV446,BANGALORE,Koramangala,MG Road,2026-07-02 21:06:00,bike,1.89,21.0,Very High,38.0,Rain,1.82,26.34,47.94,cash ,completed,4.8
RPD101941,CUST3714,DRV449,Bengaluru,Koramangala,Indiranagar,21-Jun-2026 11:37 AM,BIKE,8.94,7.9,Low,23.0,Clear,1.0,68.64,68.64,wallet,Cancelled by Driver,
RPD101633,CUST3539,DRV159,mumbai,Colaba,Andheri,23-Jun-2026 06:39 AM,BIKE,2.93,21.0,Low,17.0,,1.01,32.58,32.91,Card,Ongoing,
RPD104078,CUST2542,DRV331,Hyderabad,Kukatpally,Hitech City,2026-06-04 18:05:00,Cab Economy,4.34,14.8,Very High,4.0,,1.85,67.08,124.1,Card,Ongoing,
RPD103960,CUST1704,DRV730,bangalore,HSR Layout,Whitefield,06/07/2026 08:06,Auto,999.0,23.7,Very High,19.0,Rain,1.88,9006.0,16931.28,cash ,COMPLETED,4.9
RPD100994,CUST3521,DRV562,Bangalore,MG Road,MG Road,29-Jun-2026 02:22 AM,cab economy,5.84,10.9,Low,11.0,Cloudy,1.0,85.08,85.08,Card,completed,
RPD101329,CUST2807,DRV120,Pune,Hinjewadi,Baner,2026-07-15 06:50:00,Bike,1.44,44.6,Medium,14.0,Heavy Rain,1.1,23.64,26.0,upi,Completed,4.5
RPD103100,CUST1424,DRV606,bangalore,Jayanagar,HSR Layout,01-Jul-2026 07:54 PM,auto,5.91,14.3,Very High,13.0,,2.02,68.19,137.74,Cash,Completed,
RPD100815,CUST3554,DRV522,Bengaluru,Jayanagar,MG Road,13-Jul-2026 07:23 PM,Cab Premium,15.5,9.9,Very High,6.0,Heavy Rain,1.82,294.0,535.08,UPI,COMPLETED,5.0
RPD100020,CUST2512,DRV696,Bangalore,Whitefield,Jayanagar,2026-06-09 20:16:00,,7.9,11.6,Very High,0.0,Clear,1.9,109.8,208.62,Cash,completed,3.9
RPD102760,CUST1100,DRV660,Hyderabad,Banjara Hills,Gachibowli,2026-07-13 21:20:00,BIKE,2.98,12.1,Very High,21.0,Heavy Rain,1.89,32.88,62.14,Card,COMPLETED,4.1
RPD103919,CUST3059,DRV141,Bengaluru,MG Road,Jayanagar,14-Jun-2026 04:41 PM,Cab Premium,2.17,40.7,Very High,24.0,Rain,1.82,54.06,98.39,Card,COMPLETED,4.6
RPD100892,CUST1813,DRV116,Mumbai,Colaba,Dadar,2026-06-11 16:54:00,Cab Economy,2.1,9.0,Very High,26.0,Heavy Rain,1.86,40.2,74.77,cash ,Completed,4.7
RPD100649,CUST2961,DRV232,Bengaluru,HSR Layout,Koramangala,07-Jul-2026 07:44 PM,bike,2.1,30.3,Very High,5.0,Cloudy,1.84,27.6,50.78,Card,Ongoing,
RPD104325,CUST2217,DRV597,Bengaluru,HSR Layout,Indiranagar,2026-06-10 04:33:00,cab economy,2.64,15.6,Low,28.0,Fog,1.0,46.68,Rs. 46.68,Cash,Completed,4.0
RPD104903,CUST2838,DRV306,Bangalore,Jayanagar,Koramangala,09-Jul-2026 10:38 AM,cab economy,999.0,30.5,Medium,23.0,Heavy Rain,1.14,12003.0,13683.42,wallet,Completed,4.3
RPD101678,CUST3734,DRV111,Bengaluru,HSR Layout,HSR Layout,2026-07-14 07:20:00,cab economy,6.95,3.0,Medium,27.0,Clear,1.21,98.4,119.06,UPI,completed,4.8
RPD101036,CUST1641,DRV550,mumbai,Colaba,Colaba,2026-07-14 11:28:00,Bike,14.12,26.1,Very High,14.0,Rain,4.0,99.72,398.88,Card,completed,5.0
RPD102422,CUST3622,,Hyderabad,Kukatpally,Kukatpally,19/06/2026 13:56,bike,6.66,14.7,Low,25.0,Fog,1.06,54.96,58.26,,Cancelled by Customer,
RPD100220,CUST2723,DRV777,Bangalore,MG Road,Koramangala,12/07/2026 00:03,,14.58,10.2,Very High,27.0,Heavy Rain,1.94,189.96,368.52,upi,Cancelled by Driver,
RPD103983,CUST2549,DRV466,Bangalore,Whitefield,Electronic City,2026-06-24 23:49:00,cab economy,5.12,20.2,Low,15.0,,1.05,76.44,80.26,UPI,Cancelled by Driver,
RPD100281,CUST3717,DRV465,hyderabad ,Hitech City,Hitech City,2026-06-17 19:09:00,Auto,8.77,13.4,High,19.0,Rain,1.38,93.93,129.62,Wallet,completed,
RPD101531,CUST3939,DRV313,bangalore,Koramangala,Whitefield,2026-06-03 23:44:00,BIKE,4.51,3.0,Medium,3.0,Cloudy,4.76,42.06,200.21,Card,Ongoing,
RPD100134,CUST2159,DRV489,Hyderabad,Gachibowli,Banjara Hills,20-Jun-2026 12:13 AM,cab economy,7.09,6.0,Medium,21.0,Rain,1.13,100.08,113.09,,Cancelled by Driver,
RPD104213,CUST3911,DRV736,Hyderabad,Madhapur,Kukatpally,2026-06-06 09:16:00,cab economy,5.42,6.7,Very High,11.0,Fog,1.82,80.04,145.67,upi,completed,4.4
RPD103106,CUST2245,DRV715,hyderabad ,Hitech City,Kukatpally,19-Jun-2026 01:57 PM,bike,4.63,9.6,Low,15.0,,1.0,42.78,42.78,,COMPLETED,5.0
RPD104547,CUST2205,DRV648,BANGALORE,HSR Layout,MG Road,29/06/2026 08:21,,4.96,7.2,Very High,12.0,Fog,1.97,74.52,146.8,,Completed,5.0
RPD100739,CUST2974,DRV279,hyderabad ,Madhapur,Kukatpally,2026-07-01 19:57:00,,0.83,35.3,Very High,9.0,Heavy Rain,1.9,24.96,47.42,,Ongoing,
RPD102961,CUST2006,DRV749,hyderabad ,Gachibowli,Madhapur,02-Jun-2026 08:39 AM,auto,3.42,16.3,Very High,16.0,Heavy Rain,1.86,45.78,85.15,Card,completed,5.0
RPD101713,CUST2035,,bangalore,Koramangala,Jayanagar,2026-06-18 12:26:00,Bike,5.38,20.8,Low,8.0,Clear,1.0,47.28,47.28,Card,Cancelled by Customer,
RPD104316,CUST2232,DRV378,bangalore,HSR Layout,MG Road,01-Jul-2026 05:40 AM,BIKE,1.61,10.6,Low,11.0,Rain,1.0,24.66,24.66,wallet,Ongoing,
RPD103711,CUST1544,,Bangalore,Koramangala,Jayanagar,2026-06-02 00:10:00,BIKE,2.65,11.1,Low,27.0,Cloudy,1.0,30.9,30.9,Wallet,Cancelled by Customer,
RPD101539,CUST3940,DRV325,hyderabad ,Hitech City,Madhapur,06/06/2026 04:08,auto,5.44,15.3,Low,23.0,Cloudy,1.02,63.96,65.24,upi,Completed,5.0
RPD102927,CUST2493,DRV113,Pune,Baner,Camp,26/06/2026 12:41,Cab Economy,13.13,9.5,Medium,14.0,Cloudy,1.2,172.56,207.07,cash ,completed,4.3
RPD100001,CUST1108,DRV674,bangalore,Koramangala,MG Road,2026-06-18 07:14:00,,3.87,21.4,Low,21.0,Clear,1.05,61.44,64.51,cash ,completed,4.2
RPD101230,CUST3327,,Pune,Hinjewadi,Viman Nagar,2026-07-15 16:31:00,cab economy,5.81,7.4,Low,23.0,Clear,1.03,84.72,87.26,cash ,Cancelled by Customer,
RPD103374,CUST2697,DRV236,hyderabad ,Gachibowli,Banjara Hills,01/06/2026 14:15,Cab Economy,4.74,5.9,Very High,29.0,Heavy Rain,1.85,71.88,132.98,,COMPLETED,5.0
RPD104759,CUST2559,,Bengaluru,Whitefield,Electronic City,2026-06-23 17:42:00,BIKE,4.86,13.1,Very High,21.0,Rain,1.92,44.16,84.79,Cash,Cancelled by Customer,
RPD100601,CUST2303,DRV629,mumbai,Bandra,Colaba,28-Jun-2026 07:35 AM,Bike,2.49,39.1,Low,26.0,Fog,1.06,29.94,31.74,Cash,COMPLETED,4.4
RPD100702,CUST3905,DRV273,Pune,Hinjewadi,Hinjewadi,2026-06-29 20:45:00,Auto,6.55,22.5,High,2.0,,1.33,73.95,Rs. 98.35,Wallet,Cancelled by Driver,
RPD102124,CUST3118,DRV448,Hyderabad,Madhapur,Gachibowli,15-Jun-2026 02:28 PM,BIKE,2.17,21.4,Medium,13.0,Fog,1.09,28.02,30.54,UPI,Completed,4.1
RPD104118,CUST1014,DRV255,Mumbai,Andheri,Bandra,28/06/2026 13:25,,2.49,21.7,Very High,15.0,Heavy Rain,1.91,44.88,85.72,Wallet,Ongoing,
RPD101796,CUST3993,DRV299,Pune,Kothrud,Camp,2026-06-01 18:08:00,Bike,999.0,17.7,High,12.0,,1.41,6009.0,8472.69,upi,COMPLETED,4.4
RPD104265,CUST2135,,Bengaluru,Jayanagar,Indiranagar,2026-06-25 13:08:00,Cab Premium,5.54,5.0,Medium,37.0,Cloudy,1.16,114.72,133.08,Cash,Cancelled by Customer,
RPD103553,CUST1655,DRV488,Bangalore,Indiranagar,Jayanagar,2026-06-11 06:33:00,Bike,1.31,15.5,Medium,22.0,Heavy Rain,1.08,22.86,24.69,Wallet,COMPLETED,4.5
RPD104457,CUST2050,,Hyderabad,Gachibowli,Madhapur,2026-06-02 19:55:00,bike,7.63,31.8,Very High,2.0,Heavy Rain,1.88,60.78,114.27,UPI,Cancelled by Customer,
RPD101672,CUST2821,DRV748,Bengaluru,HSR Layout,Indiranagar,16/06/2026 06:47,cab economy,13.21,21.5,Medium,20.0,Clear,1.21,173.52,209.96,upi,Ongoing,
RPD102845,CUST3609,,mumbai,Borivali,Andheri,2026-07-12 22:51:00,Cab Economy,15.19,9.5,Very High,15.0,Heavy Rain,1.86,197.28,366.94,wallet,Cancelled by Customer,
RPD103593,CUST3734,DRV429,Bangalore,Electronic City,MG Road,08/07/2026 04:08,BIKE,6.7,38.9,Low,26.0,Clear,1.02,55.2,56.3,UPI,Cancelled by Driver,
RPD100855,CUST3618,DRV455,Bengaluru,MG Road,Jayanagar,2026-06-04 09:23:00,,2.98,18.5,Very High,2.0,Rain,1.78,50.76,90.35,wallet,Cancelled by Driver,
RPD100488,CUST2298,,BANGALORE,Jayanagar,Koramangala,2026-06-19 14:33:00,Cab Economy,5.45,15.2,Low,22.0,Cloudy,1.0,80.4,80.4,Card,Cancelled by Customer,
RPD102748,CUST1655,DRV270,Hyderabad,Banjara Hills,Banjara Hills,02-Jul-2026 06:58 PM,Auto,-1.01,5.7,Very High,13.0,Clear,1.84,15.9,29.26,UPI,Ongoing,
RPD102037,CUST1779,DRV391,mumbai,Borivali,Andheri,07/07/2026 00:09,bike,15.22,18.6,Medium,13.0,Heavy Rain,1.11,106.32,118.02,wallet,Completed,4.1
RPD101719,CUST2416,DRV715,Bangalore,Jayanagar,HSR Layout,22/06/2026 14:19,auto,4.35,5.6,Very High,26.0,Rain,1.9,54.15,102.88,upi,completed,4.5
RPD104192,CUST2058,DRV385,bangalore,Indiranagar,MG Road,02-Jul-2026 11:03 PM,BIKE,7.81,24.0,Low,13.0,Clear,1.0,61.86,61.86,,completed,4.7
RPD103154,CUST2746,,mumbai,Andheri,Powai,2026-07-08 22:41:00,cab economy,3.61,12.6,Very High,20.0,Rain,1.93,58.32,112.56,upi,Cancelled by Customer,
RPD102306,CUST1852,DRV590,Mumbai,Borivali,Andheri,2026-06-02 06:45:00,,1.98,27.7,Low,31.0,,1.01,38.76,39.15,Card,COMPLETED,4.5
RPD103422,CUST1957,DRV655,BANGALORE,HSR Layout,MG Road,24/06/2026 05:07,BIKE,2.19,14.6,Very High,28.0,Rain,1.91,28.14,53.75,Cash,COMPLETED,4.1
RPD102115,CUST3447,DRV620,Hyderabad,Banjara Hills,Gachibowli,08-Jun-2026 09:25 PM,Auto,2.26,20.1,Low,27.0,,1.03,35.34,36.4,Card,completed,5.0
RPD103623,CUST2668,,BANGALORE,Whitefield,Jayanagar,2026-06-04 10:54:00,bike,2.3,21.3,Low,21.0,,1.0,28.8,Rs. 28.8,UPI,Cancelled by Customer,
RPD102005,CUST1861,DRV477,Mumbai,Powai,Dadar,2026-07-16 09:02:00,Cab Premium,5.72,12.5,Very High,8.0,Fog,1.95,117.96,230.02,Wallet,COMPLETED,3.8
RPD100027,CUST1382,DRV340,mumbai,Dadar,Dadar,29/06/2026 21:13,BIKE,9.33,19.6,Low,23.0,,1.0,70.98,70.98,Card,Cancelled by Driver,
RPD100414,CUST2348,DRV698,Pune,Kothrud,Kothrud,08/06/2026 18:47,,5.27,6.4,Very High,4.0,Heavy Rain,1.94,78.24,151.79,wallet,Cancelled by Driver,
RPD103506,CUST1734,DRV361,Hyderabad,Hitech City,Madhapur,2026-06-08 01:47:00,bike,3.82,15.5,Low,23.0,Fog,1.0,37.92,37.92,wallet,COMPLETED,4.5
RPD104766,CUST2189,DRV597,Bangalore,Electronic City,Electronic City,2026-06-24 04:55:00,Bike,5.21,18.2,Low,25.0,Heavy Rain,1.0,46.26,46.26,wallet,Completed,5.0
RPD101403,CUST3038,DRV407,Bangalore,Koramangala,MG Road,2026-06-05 05:43:00,BIKE,1.85,18.8,Medium,27.0,Rain,1.23,26.1,32.1,Cash,Cancelled by Driver,
RPD103500,CUST2222,DRV364,Pune,Hinjewadi,Viman Nagar,2026-07-07 13:28:00,Cab Premium,4.83,41.9,Low,16.0,Clear,1.0,101.94,101.94,upi,completed,5.0
RPD101189,CUST1668,DRV726,Pune,Kothrud,Kothrud,2026-06-19 21:11:00,BIKE,6.29,15.7,Very High,23.0,Rain,1.93,52.74,101.79,Card,Cancelled by Driver,
RPD101083,CUST1652,,Bangalore,Electronic City,Electronic City,01/06/2026 11:49,Auto,5.28,12.0,Very High,21.0,Heavy Rain,1.81,62.52,113.16,wallet,Cancelled by Customer,
RPD100504,CUST1395,DRV780,Bangalore,Jayanagar,HSR Layout,13-Jun-2026 07:23 AM,Bike,4.8,9.8,Low,26.0,Clear,1.01,43.8,44.24,Cash,completed,3.7
RPD104270,CUST2227,DRV441,Bengaluru,MG Road,Indiranagar,2026-07-13 13:23:00,,3.02,14.9,Low,20.0,Clear,1.02,51.24,52.26,UPI,completed,5.0
RPD102668,CUST3647,,Bengaluru,Electronic City,MG Road,05/07/2026 10:57,Bike,1.04,10.3,Low,24.0,Fog,1.0,21.24,21.24,upi,Cancelled by Customer,
RPD100037,CUST3897,,Bangalore,Whitefield,Electronic City,2026-06-28 21:23:00,Cab Premium,999.0,21.5,Low,21.0,Cloudy,1.0,17997.0,17997.0,Cash,Cancelled by Customer,
RPD103415,CUST1493,,BANGALORE,Whitefield,Jayanagar,07/07/2026 04:14,Bike,3.02,14.2,Medium,19.0,Fog,1.15,33.12,38.09,Wallet,Cancelled by Customer,
RPD100590,CUST2904,DRV211,hyderabad ,Hitech City,Gachibowli,2026-06-07 09:24:00,Cab Premium,4.89,9.8,Very High,9.0,Cloudy,1.85,103.02,190.59,upi,Ongoing,
RPD104821,CUST1458,DRV244,mumbai,Dadar,Borivali,27/06/2026 00:11,auto,6.62,18.7,Low,23.0,,1.0,74.58,74.58,,Completed,4.5
RPD104482,CUST1151,DRV383,Bangalore,MG Road,Whitefield,02/06/2026 07:39,BIKE,2.22,25.6,Low,16.0,Clear,1.0,28.32,28.32,cash ,Ongoing,
RPD101547,CUST3619,DRV574,Bangalore,Jayanagar,MG Road,24/06/2026 01:00,BIKE,13.89,14.3,Low,22.0,Fog,1.0,98.34,98.34,UPI,Cancelled by Driver,
RPD100659,CUST3328,DRV776,bangalore,Indiranagar,Jayanagar,05/07/2026 09:21,auto,6.07,18.6,Very High,2.0,,1.94,69.63,135.08,Wallet,Completed,4.1
RPD104006,CUST1083,DRV214,hyderabad ,Banjara Hills,Hitech City,2026-07-06 04:08:00,Cab Economy,1.02,12.1,Very High,13.0,Heavy Rain,1.87,27.24,50.94,,Ongoing,
RPD100021,CUST3542,,Pune,Kothrud,Hinjewadi,20-Jun-2026 11:57 AM,Cab Economy,6.55,21.1,Medium,19.0,Rain,1.13,93.6,105.77,Cash,Cancelled by Customer,
RPD102371,CUST1891,,mumbai,Dadar,Borivali,20/06/2026 08:14,bike,4.31,10.3,High,1.0,,1.43,40.86,58.43,UPI,Cancelled by Customer,
RPD104221,CUST2662,,bangalore,Indiranagar,Koramangala,2026-06-02 06:36:00,bike,7.86,12.7,Low,18.0,,1.02,62.16,63.4,Wallet,Cancelled by Customer,
RPD103643,CUST2664,DRV786,Bengaluru,Koramangala,Whitefield,25/06/2026 22:21,Cab Economy,6.12,13.0,Low,24.0,Fog,1.09,88.44,Rs. 96.4,wallet,COMPLETED,4.4
RPD102682,CUST1346,DRV400,bangalore,MG Road,Whitefield,2026-06-13 02:28:00,auto,4.8,9.5,Low,19.0,Heavy Rain,1.02,58.2,59.36,cash ,Ongoing,
RPD100541,CUST2067,DRV490,Bengaluru,Koramangala,Indiranagar,10-Jun-2026 09:54 AM,Auto,12.18,27.9,Very High,11.0,Fog,1.88,124.62,234.29,Cash,Completed,3.9
RPD101791,CUST1470,DRV733,Pune,Kothrud,Baner,21/06/2026 02:10,bike,4.07,12.7,Medium,18.0,,1.23,39.42,Rs. 48.49,Card,Completed,
RPD101494,CUST3803,DRV346,BANGALORE,Koramangala,HSR Layout,2026-06-19 05:38:00,Cab Premium,4.63,3.9,Low,18.0,Cloudy,1.05,98.34,103.26,Cash,Cancelled by Driver,
RPD102514,CUST2370,,BANGALORE,Koramangala,Jayanagar,2026-07-06 19:54:00,auto,12.12,11.1,High,6.0,Clear,1.32,124.08,163.79,Card,Cancelled by Customer,
RPD104040,CUST2360,DRV397,Pune,Viman Nagar,Camp,2026-07-14 20:02:00,cab economy,8.26,45.5,Very High,7.0,,2.01,114.12,229.38,Wallet,COMPLETED,4.7
RPD104464,CUST2560,DRV681,Bangalore,MG Road,Jayanagar,2026-07-01 13:33:00,BIKE,4.41,13.0,Low,30.0,Heavy Rain,1.13,41.46,46.85,Wallet,Ongoing,
RPD102596,CUST2167,DRV522,Bengaluru,HSR Layout,Jayanagar,30/06/2026 01:21,cab economy,3.16,13.2,Low,15.0,Cloudy,1.01,52.92,53.45,,Ongoing,
RPD102701,CUST2096,DRV362,BANGALORE,HSR Layout,HSR Layout,2026-07-07 23:54:00,Cab Economy,3.74,19.8,Low,20.0,Cloudy,1.0,59.88,59.88,Wallet,Completed,5.0
RPD100581,CUST3535,,Hyderabad,Madhapur,Banjara Hills,07/07/2026 16:19,bike,6.27,11.8,Low,18.0,Fog,1.06,52.62,55.78,UPI,Cancelled by Customer,
RPD102782,CUST1017,DRV372,mumbai,Powai,Borivali,2026-07-01 04:56:00,Cab Economy,4.01,17.8,Very High,11.0,Rain,1.93,63.12,121.82,Wallet,completed,4.7
RPD104324,CUST3370,DRV189,Hyderabad,Hitech City,Madhapur,19/06/2026 13:04,Cab Premium,1.1,21.0,Very High,23.0,Heavy Rain,1.83,34.8,63.68,Cash,COMPLETED,4.8
RPD104907,CUST3876,DRV760,Bangalore,Jayanagar,Whitefield,05/06/2026 04:48,Cab Premium,5.88,18.0,Medium,12.0,Fog,1.21,120.84,146.22,Card,Cancelled by Driver,
RPD100480,CUST2398,DRV293,Bangalore,Electronic City,Electronic City,2026-07-13 21:09:00,Bike,8.34,11.1,Low,13.0,Cloudy,1.06,65.04,68.94,,completed,4.7
RPD102764,CUST1642,DRV299,Bangalore,MG Road,MG Road,27/06/2026 07:17,bike,1.61,26.3,Medium,21.0,Fog,1.15,24.66,28.36,UPI,Completed,4.1
RPD103433,CUST2091,DRV151,hyderabad ,Hitech City,Gachibowli,19/06/2026 15:58,cab economy,1.86,22.3,Medium,17.0,Fog,1.09,37.32,40.68,cash ,completed,3.7
RPD100064,CUST2699,DRV770,BANGALORE,Koramangala,Koramangala,2026-06-20 15:07:00,cab economy,7.72,4.2,Low,19.0,Heavy Rain,1.0,107.64,107.64,upi,COMPLETED,5.0
RPD102870,CUST2590,DRV625,Bangalore,Koramangala,Whitefield,01/06/2026 21:49,auto,2.53,27.2,Low,16.0,Cloudy,1.0,37.77,37.77,UPI,Completed,4.5
RPD101465,CUST1454,DRV133,Pune,Baner,Viman Nagar,07/07/2026 14:05,Cab Premium,3.98,11.2,Low,23.0,,1.1,86.64,95.3,upi,Ongoing,
RPD104560,CUST2933,DRV568,Pune,Camp,Hinjewadi,2026-06-20 16:33:00,cab economy,6.9,6.8,Low,16.0,Clear,1.08,97.8,105.62,upi,Completed,5.0
RPD104495,CUST3378,,BANGALORE,MG Road,Indiranagar,2026-06-08 12:37:00,BIKE,8.86,22.3,Medium,17.0,,1.25,68.16,85.2,cash ,Cancelled by Customer,
RPD101122,CUST2585,DRV501,Pune,Camp,Hinjewadi,11-Jun-2026 06:47 PM,Bike,2.03,15.5,Very High,3.0,Heavy Rain,1.94,27.18,52.73,Cash,Ongoing,
RPD100260,CUST1939,,hyderabad ,Madhapur,Hitech City,2026-06-06 15:42:00,Cab Premium,0.5,12.1,Medium,11.0,Fog,1.15,24.0,27.6,,Cancelled by Customer,
RPD100706,CUST2428,DRV757,BANGALORE,Whitefield,Indiranagar,2026-07-07 10:26:00,BIKE,3.86,17.3,Very High,11.0,Heavy Rain,1.86,38.16,70.98,,Cancelled by Driver,
RPD102855,CUST1030,DRV408,Hyderabad,Gachibowli,Madhapur,21-Jun-2026 09:17 AM,BIKE,0.6,17.3,Very High,2.0,Fog,1.95,18.6,36.27,wallet,Ongoing,
RPD100440,CUST3030,,Bangalore,Jayanagar,HSR Layout,2026-07-08 07:12:00,Cab Economy,6.27,12.0,Medium,15.0,Clear,1.04,90.24,93.85,Card,Cancelled by Customer,
RPD104908,CUST1320,DRV199,mumbai,Borivali,Borivali,27/06/2026 20:35,auto,13.37,16.9,Very High,9.0,Cloudy,1.99,135.33,269.31,Wallet,Completed,3.7
RPD104597,CUST1284,DRV586,hyderabad ,Madhapur,Gachibowli,2026-06-21 18:33:00,auto,2.59,13.1,Very High,17.0,Clear,1.91,38.31,73.17,wallet,COMPLETED,4.5
RPD103294,CUST1061,DRV623,hyderabad ,Gachibowli,Gachibowli,26-Jun-2026 10:39 AM,bike,3.76,18.5,Very High,30.0,Heavy Rain,1.95,37.56,73.24,cash ,COMPLETED,4.3
RPD100925,CUST3248,DRV691,mumbai,Andheri,Andheri,17-Jun-2026 10:20 AM,bike,3.59,17.8,Very High,20.0,Rain,1.9,36.54,69.43,Card,Completed,3.9
RPD104506,CUST3893,DRV432,Mumbai,Andheri,Borivali,2026-06-15 01:12:00,Cab Economy,5.22,50.3,Low,13.0,Fog,1.0,77.64,77.64,wallet,completed,
RPD104844,CUST1612,DRV126,Pune,Kothrud,Viman Nagar,2026-07-11 16:23:00,BIKE,4.6,18.0,Medium,22.0,Fog,1.07,42.6,,upi,COMPLETED,3.5
RPD101585,CUST2850,DRV274,Hyderabad,Hitech City,Kukatpally,2026-06-22 19:14:00,Cab Premium,0.86,15.2,High,17.0,,1.32,30.48,40.23,Cash,Ongoing,
RPD102015,CUST2775,DRV348,bangalore,Koramangala,Whitefield,2026-06-14 05:02:00,Auto,2.21,3.0,Low,15.0,,1.07,34.89,37.33,,Ongoing,
RPD101135,CUST3632,DRV267,Bengaluru,Whitefield,Jayanagar,13-Jul-2026 08:47 AM,cab economy,1.31,14.2,Very High,6.0,Heavy Rain,1.91,30.72,58.68,UPI,Completed,3.4
RPD101109,CUST3345,DRV253,mumbai,Andheri,Andheri,2026-07-02 06:24:00,auto,1.94,13.1,Low,12.0,Clear,1.02,32.46,33.11,cash ,COMPLETED,4.0
RPD103511,CUST2147,DRV609,Pune,Hinjewadi,Hinjewadi,16-Jun-2026 04:50 PM,cab economy,1.14,30.8,Low,23.0,Clear,1.01,28.68,28.97,Wallet,Ongoing,
RPD101832,CUST3445,,BANGALORE,Koramangala,HSR Layout,30/06/2026 20:06,Bike,6.84,51.6,Very High,18.0,Heavy Rain,1.93,56.04,108.16,wallet,Cancelled by Customer,
RPD102846,CUST1917,DRV253,Bangalore,MG Road,Indiranagar,2026-06-26 14:13:00,auto,1.97,5.4,Low,20.0,Cloudy,1.14,32.73,37.31,Wallet,Completed,5.0
RPD103864,CUST1496,DRV692,BANGALORE,Jayanagar,Whitefield,18/06/2026 21:50,Cab Premium,4.64,16.5,Low,15.0,Clear,4.43,98.52,436.44,cash ,Cancelled by Driver,
RPD100588,CUST1162,,bangalore,Koramangala,Indiranagar,16-Jul-2026 02:16 PM,cab economy,7.67,13.9,Low,19.0,,1.0,107.04,107.04,Wallet,Cancelled by Customer,
RPD100769,CUST2661,DRV562,Bengaluru,Indiranagar,Koramangala,10-Jun-2026 08:02 PM,Bike,6.12,57.1,Very High,5.0,Fog,1.93,51.72,99.82,cash ,Ongoing,
RPD102013,CUST2571,DRV147,Bengaluru,Koramangala,HSR Layout,2026-06-06 11:58:00,BIKE,6.87,10.5,Low,19.0,Clear,1.0,56.22,56.22,cash ,completed,4.8
RPD101086,CUST2871,DRV397,hyderabad ,Madhapur,Madhapur,2026-06-12 12:00:00,Cab Economy,2.63,8.4,Medium,11.0,Rain,1.09,46.56,50.75,upi,Completed,3.8
RPD102437,CUST1126,DRV192,bangalore,Jayanagar,Indiranagar,24/06/2026 18:45,bike,0.76,12.5,Very High,0.0,Heavy Rain,1.95,19.56,38.14,cash ,Completed,5.0
RPD101950,CUST2314,DRV635,mumbai,Dadar,Bandra,14-Jun-2026 02:45 AM,Auto,2.14,26.0,Very High,20.0,Heavy Rain,1.86,34.26,63.72,Card,Ongoing,
RPD101459,CUST3641,DRV528,hyderabad ,Banjara Hills,Gachibowli,10-Jun-2026 09:12 AM,cab economy,3.3,40.6,High,6.0,Fog,1.39,54.6,75.89,cash ,completed,4.5
RPD104259,CUST2323,DRV751,Bangalore,Whitefield,Koramangala,2026-07-12 02:32:00,Cab Premium,0.84,10.7,Very High,16.0,Heavy Rain,3.87,30.12,116.56,,completed,5.0
RPD101546,CUST3152,DRV538,hyderabad ,Madhapur,Gachibowli,2026-07-07 02:52:00,Cab Premium,5.72,10.8,Low,24.0,Heavy Rain,1.01,117.96,119.14,UPI,Cancelled by Driver,
RPD102014,CUST3260,DRV301,bangalore,MG Road,MG Road,27/06/2026 01:33,,2.17,22.2,Low,22.0,Fog,1.0,41.04,41.04,upi,Completed,4.4
RPD100638,CUST3734,DRV202,bangalore,HSR Layout,Indiranagar,2026-07-11 00:11:00,,7.51,19.5,Medium,11.0,,1.1,105.12,115.63,,Cancelled by Driver,
RPD103165,CUST2358,DRV564,hyderabad ,Kukatpally,Banjara Hills,14/06/2026 20:49,auto,6.13,19.1,Very High,13.0,,1.87,70.17,131.22,Card,COMPLETED,4.1
RPD100333,CUST2571,DRV155,hyderabad ,Banjara Hills,Banjara Hills,2026-06-10 22:51:00,Cab Economy,3.55,25.0,Low,28.0,Fog,1.0,57.6,57.6,upi,COMPLETED,4.1
RPD102757,CUST2344,DRV369,Mumbai,Andheri,Dadar,30/06/2026 18:20,cab economy,5.11,8.9,Very High,14.0,Fog,1.91,76.32,145.77,upi,COMPLETED,3.9
RPD101538,CUST2613,,hyderabad ,Madhapur,Gachibowli,10/07/2026 21:03,Auto,3.96,6.5,Low,20.0,,1.0,50.64,50.64,Cash,Cancelled by Customer,
RPD104330,CUST3420,DRV254,BANGALORE,HSR Layout,Whitefield,03/07/2026 08:45,auto,11.56,28.6,High,1.0,Cloudy,1.47,119.04,174.99,Card,Completed,4.2
RPD101742,CUST2832,DRV258,Pune,Baner,Kothrud,2026-07-04 01:00:00,Bike,7.74,16.8,Low,26.0,,1.01,61.44,62.05,cash ,Cancelled by Driver,
RPD101740,CUST1466,DRV517,Bengaluru,Electronic City,Indiranagar,02/07/2026 16:33,Bike,9.06,9.3,Low,17.0,Heavy Rain,1.11,69.36,76.99,,completed,4.9
RPD100063,CUST3659,DRV518,Pune,Viman Nagar,Hinjewadi,2026-07-14 07:30:00,Auto,6.66,13.5,Low,28.0,,1.05,74.94,78.69,upi,Cancelled by Driver,
RPD104405,CUST2871,DRV622,hyderabad ,Madhapur,Hitech City,2026-06-23 04:36:00,Bike,3.42,13.4,Low,28.0,Clear,1.05,35.52,37.3,Cash,Ongoing,
RPD102740,CUST1913,,Pune,Kothrud,Baner,2026-07-01 06:14:00,bike,4.34,10.0,Low,21.0,Rain,1.0,41.04,41.04,Card,Cancelled by Customer,
RPD100158,CUST3070,DRV768,Hyderabad,Madhapur,Gachibowli,2026-07-06 05:31:00,Bike,4.54,13.5,Medium,12.0,Heavy Rain,1.07,42.24,45.2,,Ongoing,
RPD100439,CUST2986,,Bengaluru,HSR Layout,Jayanagar,2026-07-11 17:12:00,Cab Premium,3.34,3.0,Low,10.0,Clear,1.0,75.12,75.12,,Cancelled by Customer,
RPD101344,CUST3172,DRV266,Mumbai,Powai,Colaba,2026-07-10 13:28:00,Cab Economy,8.88,15.8,Medium,23.0,Fog,1.11,121.56,Rs. 134.93,Card,Ongoing,
RPD100805,CUST2839,DRV231,Bengaluru,MG Road,MG Road,2026-06-18 13:44:00,Auto,6.53,23.0,Medium,6.0,Cloudy,1.12,73.77,Rs. 82.62,cash ,Completed,4.0
RPD102983,CUST1929,DRV439,Hyderabad,Hitech City,Banjara Hills,13/07/2026 03:08,,2.51,20.4,Low,18.0,Fog,1.0,45.12,45.12,Card,COMPLETED,5.0
RPD103910,CUST1993,DRV267,mumbai,Borivali,Dadar,05/06/2026 13:44,Cab Premium,5.3,16.6,Very High,19.0,Rain,1.9,110.4,209.76,cash ,COMPLETED,4.3
RPD103822,CUST3811,,Bangalore,Whitefield,Electronic City,06/06/2026 17:31,auto,5.18,8.5,Low,21.0,Cloudy,1.0,61.62,Rs. 61.62,upi,Cancelled by Customer,
RPD104515,CUST3531,DRV378,hyderabad ,Madhapur,Madhapur,2026-07-07 13:32:00,Auto,6.43,6.0,Medium,21.0,Clear,1.14,72.87,83.07,Card,completed,4.2
RPD102414,CUST1150,DRV384,Bangalore,Electronic City,Koramangala,11/07/2026 18:41,Auto,6.54,13.9,High,8.0,,1.36,73.86,100.45,Cash,Completed,5.0
RPD104276,CUST1398,DRV677,mumbai,Bandra,Borivali,2026-06-03 06:25:00,Cab Premium,1.98,19.4,Low,12.0,,1.0,50.64,50.64,Wallet,Completed,4.2
RPD104877,CUST3111,DRV144,Bangalore,Electronic City,Electronic City,16-Jul-2026 07:55 AM,Cab Economy,13.1,23.7,Low,18.0,Fog,1.0,172.2,172.2,upi,completed,4.7
RPD101415,CUST3172,DRV714,Bangalore,Whitefield,Electronic City,2026-07-11 17:02:00,auto,999.0,11.9,Very High,10.0,Heavy Rain,1.83,9006.0,16480.98,Cash,Completed,4.8
RPD104788,CUST3889,DRV735,Bangalore,Koramangala,Electronic City,15/06/2026 00:59,Bike,5.83,40.8,Medium,17.0,Fog,1.16,49.98,57.98,Card,Completed,5.0
RPD103551,CUST2339,DRV800,mumbai,Powai,Andheri,2026-07-03 04:57:00,,5.46,5.3,Low,22.0,Clear,1.05,80.52,84.55,UPI,COMPLETED,4.4
RPD102265,CUST3003,DRV589,hyderabad ,Gachibowli,Kukatpally,2026-06-24 13:30:00,Bike,4.67,18.2,Very High,15.0,Heavy Rain,1.97,43.02,84.75,UPI,completed,5.0
RPD101335,CUST3494,DRV684,Pune,Viman Nagar,Baner,30-Jun-2026 04:43 AM,bike,1.65,26.9,Medium,9.0,Heavy Rain,1.2,24.9,29.88,UPI,Ongoing,
RPD100013,CUST2023,,Pune,Baner,Hinjewadi,2026-07-14 20:41:00,bike,2.26,19.8,Very High,12.0,Rain,1.93,28.56,55.12,upi,Cancelled by Customer,
RPD104370,CUST1633,DRV129,Pune,Hinjewadi,Viman Nagar,2026-07-13 23:39:00,Cab Premium,7.95,8.7,Very High,17.0,Rain,1.92,158.1,303.55,,Ongoing,
RPD103558,CUST1430,DRV754,Hyderabad,Kukatpally,Hitech City,2026-07-06 01:47:00,Auto,1.27,19.6,Low,9.0,Fog,1.0,26.43,26.43,Card,COMPLETED,4.2
RPD100141,CUST3695,DRV133,Pune,Viman Nagar,Camp,2026-06-07 16:58:00,cab economy,4.2,21.5,Very High,23.0,Heavy Rain,1.92,65.4,125.57,Cash,Ongoing,
RPD103748,CUST3717,,Hyderabad,Gachibowli,Banjara Hills,15/07/2026 04:54,bike,3.19,19.5,Very High,15.0,Heavy Rain,1.85,34.14,63.16,wallet,Cancelled by Customer,
RPD102029,CUST3524,DRV735,hyderabad ,Banjara Hills,Banjara Hills,30-Jun-2026 08:49 PM,Cab Premium,16.96,12.3,Very High,3.0,Heavy Rain,2.0,320.28,640.56,wallet,COMPLETED,4.2
RPD104317,CUST3126,DRV407,bangalore,MG Road,HSR Layout,2026-06-13 04:28:00,Cab Premium,13.98,16.6,Low,10.0,Cloudy,1.07,266.64,,,Completed,4.1
RPD102312,CUST2841,DRV574,Mumbai,Borivali,Andheri,06/06/2026 02:16,auto,5.22,12.0,Low,18.0,Cloudy,1.02,61.98,63.22,UPI,COMPLETED,4.3
RPD103614,CUST1224,DRV362,Hyderabad,Banjara Hills,Kukatpally,28/06/2026 01:19,bike,3.98,14.7,Very High,6.0,Heavy Rain,1.86,38.88,72.32,wallet,Completed,3.7
RPD104675,CUST3773,,bangalore,Electronic City,HSR Layout,14-Jul-2026 02:26 AM,Auto,9.87,14.1,Low,30.0,Heavy Rain,1.08,103.83,112.14,Cash,Cancelled by Customer,
RPD101055,CUST2694,DRV629,Mumbai,Colaba,Colaba,2026-07-07 17:40:00,Bike,5.26,19.3,Low,24.0,Cloudy,1.0,46.56,46.56,upi,Completed,4.0
RPD104109,CUST2251,DRV208,mumbai,Colaba,Dadar,2026-07-15 01:51:00,bike,13.91,17.6,Medium,20.0,Clear,1.19,98.46,117.17,Wallet,Completed,4.2
RPD101638,CUST3899,,Hyderabad,Kukatpally,Madhapur,2026-06-06 21:45:00,Cab Premium,5.59,11.6,Medium,22.0,Heavy Rain,1.19,115.62,137.59,wallet,Cancelled by Customer,
RPD104769,CUST3267,DRV329,bangalore,Whitefield,Whitefield,2026-06-01 19:36:00,Auto,2.59,4.4,Very High,2.0,Heavy Rain,1.94,38.31,74.32,Wallet,Cancelled by Driver,
RPD104135,CUST1642,DRV167,BANGALORE,MG Road,Indiranagar,2026-06-18 02:05:00,Auto,6.84,35.2,Low,22.0,Cloudy,1.03,76.56,78.86,upi,Cancelled by Driver,
RPD102904,CUST3146,DRV177,BANGALORE,Whitefield,Whitefield,15-Jun-2026 02:38 PM,Bike,3.56,25.3,Very High,19.0,Heavy Rain,1.76,36.36,63.99,wallet,Completed,5.0
RPD101181,CUST3599,DRV773,Bangalore,Jayanagar,Whitefield,10-Jul-2026 09:24 PM,Cab Economy,7.69,14.7,Low,14.0,Rain,1.0,107.28,107.28,cash ,completed,4.9
RPD101954,CUST3117,DRV182,hyderabad ,Gachibowli,Banjara Hills,03-Jun-2026 04:06 AM,Auto,5.23,9.5,Medium,16.0,Clear,1.19,62.07,73.86,upi,COMPLETED,4.8
RPD101858,CUST1427,DRV206,BANGALORE,Whitefield,Whitefield,2026-06-22 09:58:00,Auto,1.86,27.6,Very High,18.0,Fog,1.88,31.74,59.67,wallet,COMPLETED,
RPD101645,CUST2847,DRV508,BANGALORE,MG Road,Electronic City,2026-06-26 00:51:00,BIKE,7.82,15.6,Very High,22.0,Heavy Rain,1.92,61.92,118.89,Wallet,Cancelled by Driver,
RPD100110,CUST3048,,hyderabad ,Kukatpally,Madhapur,18/06/2026 19:43,Cab Economy,0.72,36.8,Very High,0.0,Heavy Rain,1.93,23.64,45.63,UPI,Cancelled by Customer,
RPD102985,CUST3223,DRV724,hyderabad ,Hitech City,Kukatpally,13/07/2026 09:48,bike,6.63,27.1,Very High,5.0,Heavy Rain,1.91,54.78,104.63,upi,Ongoing,
RPD104530,CUST2290,DRV121,mumbai,Powai,Powai,2026-06-27 22:21:00,auto,5.89,18.3,Medium,25.0,Rain,1.15,68.01,78.21,Card,Cancelled by Driver,
RPD103092,CUST1836,DRV236,Pune,Hinjewadi,Camp,04/06/2026 12:37,Cab Economy,7.39,42.9,Low,21.0,Clear,1.0,103.68,103.68,,COMPLETED,5.0
RPD102347,CUST1062,DRV543,Mumbai,Andheri,Colaba,15/06/2026 11:17,cab economy,1.5,42.8,Low,11.0,Fog,1.03,33.0,33.99,wallet,Completed,4.6
RPD100690,CUST1317,DRV484,Bengaluru,Jayanagar,Electronic City,2026-07-02 17:31:00,cab economy,1.7,17.4,Low,23.0,Fog,1.0,35.4,35.4,Cash,Completed,4.7
RPD102030,CUST1904,DRV141,bangalore,Koramangala,Jayanagar,19-Jun-2026 06:20 AM,auto,2.33,43.1,Low,9.0,Clear,1.0,35.97,35.97,wallet,COMPLETED,5.0
RPD103504,CUST3399,DRV697,hyderabad ,Kukatpally,Hitech City,2026-07-16 03:21:00,auto,4.61,5.3,Low,28.0,Clear,1.0,56.49,56.49,Card,Ongoing,
RPD103665,CUST1326,DRV214,Hyderabad,Kukatpally,Banjara Hills,16-Jun-2026 04:48 PM,Cab Premium,0.63,18.1,Medium,29.0,Fog,1.07,26.34,28.18,UPI,Ongoing,
RPD104189,CUST2948,DRV566,Bangalore,Koramangala,Whitefield,2026-07-16 22:46:00,cab economy,7.0,8.8,Low,11.0,Clear,1.0,99.0,99.0,Cash,Cancelled by Driver,
RPD100653,CUST3226,DRV310,Hyderabad,Gachibowli,Banjara Hills,03/06/2026 10:22,BIKE,1.46,16.0,Low,24.0,Fog,1.07,23.76,25.42,,Completed,4.8
RPD103672,CUST2295,,Bangalore,Whitefield,Indiranagar,2026-07-07 15:54:00,BIKE,3.03,21.8,Medium,20.0,Cloudy,1.27,33.18,42.14,wallet,Cancelled by Customer,
RPD103685,CUST2753,DRV269,Mumbai,Borivali,Bandra,2026-07-11 21:30:00,bike,2.2,7.5,Very High,27.0,Heavy Rain,1.87,28.2,52.73,Cash,Cancelled by Driver,
RPD104056,CUST3956,DRV269,Hyderabad,Madhapur,Hitech City,28/06/2026 00:42,BIKE,6.17,24.8,Very High,18.0,Heavy Rain,1.9,52.02,98.84,Cash,Ongoing,
RPD100591,CUST1596,DRV755,BANGALORE,MG Road,Koramangala,2026-06-26 13:12:00,cab economy,10.52,11.6,Low,14.0,Rain,1.02,141.24,144.06,cash ,completed,3.9
RPD104414,CUST3561,DRV566,bangalore,Indiranagar,HSR Layout,2026-06-01 07:16:00,cab economy,1.53,17.7,Low,17.0,Fog,1.03,33.36,34.36,Card,completed,5.0
RPD101550,CUST2337,DRV606,Bangalore,Indiranagar,Jayanagar,2026-06-17 05:57:00,cab economy,0.96,4.4,Very High,34.0,Heavy Rain,1.87,26.52,49.59,upi,Completed,3.6
RPD100896,CUST3984,DRV679,Pune,Viman Nagar,Camp,2026-06-30 11:39:00,bike,0.5,11.0,Low,26.0,Cloudy,1.0,18.0,18.0,upi,COMPLETED,4.4
RPD103366,CUST3451,,BANGALORE,MG Road,Electronic City,01-Jun-2026 05:21 AM,,0.55,29.1,Medium,19.0,Fog,1.08,21.6,Rs. 23.33,wallet,Cancelled by Customer,
RPD103612,CUST3529,DRV467,hyderabad ,Kukatpally,Madhapur,2026-07-12 09:25:00,BIKE,1.19,32.2,High,5.0,Cloudy,1.38,22.14,30.55,Cash,COMPLETED,4.9
RPD104434,CUST1442,,hyderabad ,Hitech City,Madhapur,01/06/2026 03:11,auto,8.87,37.0,Very High,27.0,Heavy Rain,1.85,94.83,175.44,Card,Cancelled by Customer,
RPD100128,CUST2417,DRV258,mumbai,Andheri,Bandra,2026-07-05 12:33:00,Bike,1.07,18.1,Very High,17.0,Heavy Rain,1.93,21.42,41.34,Card,completed,4.8
RPD100118,CUST2948,DRV588,hyderabad ,Gachibowli,Gachibowli,2026-06-04 03:26:00,BIKE,1.4,18.8,Low,22.0,Clear,1.0,23.4,23.4,cash ,COMPLETED,5.0
RPD104140,CUST1670,DRV722,BANGALORE,Indiranagar,Whitefield,24-Jun-2026 06:08 PM,BIKE,1.95,13.7,High,15.0,,4.26,26.7,113.74,,COMPLETED,4.8
RPD103495,CUST3651,DRV656,Mumbai,Powai,Powai,2026-06-21 07:44:00,cab economy,5.59,10.0,Very High,23.0,Heavy Rain,1.95,82.08,160.06,wallet,Ongoing,
RPD103245,CUST2165,DRV673,Pune,Viman Nagar,Kothrud,2026-06-12 21:33:00,bike,2.31,27.9,Low,10.0,Fog,1.11,28.86,32.03,,COMPLETED,4.4
RPD103339,CUST2334,DRV166,Pune,Viman Nagar,Viman Nagar,2026-07-07 23:20:00,,5.24,8.5,Medium,6.0,Clear,1.14,77.88,88.78,,Cancelled by Driver,
RPD100515,CUST2045,,Pune,Baner,Baner,2026-06-24 12:31:00,Bike,9.3,37.3,Medium,16.0,Clear,1.18,70.8,83.54,Wallet,Cancelled by Customer,
RPD104001,CUST2521,DRV429,Mumbai,Powai,Bandra,12/07/2026 17:12,auto,6.86,40.4,Low,24.0,Cloudy,1.01,76.74,Rs. 77.51,Card,COMPLETED,4.9
RPD101700,CUST1860,DRV403,Pune,Viman Nagar,Baner,24/06/2026 09:43,,3.85,24.5,Very High,0.0,Fog,1.94,61.2,118.73,Wallet,Ongoing,
RPD102384,CUST1035,DRV427,bangalore,Whitefield,Koramangala,2026-06-12 06:31:00,Auto,2.62,19.5,Low,34.0,Heavy Rain,1.0,38.58,38.58,UPI,Cancelled by Driver,
RPD103182,CUST2394,DRV316,Pune,Viman Nagar,Hinjewadi,2026-06-12 05:51:00,auto,3.97,16.6,Low,15.0,,1.08,50.73,54.79,wallet,Cancelled by Driver,
RPD104615,CUST3383,DRV424,Hyderabad,Hitech City,Madhapur,20-Jun-2026 04:01 AM,Cab Economy,1.28,17.7,Medium,14.0,,1.15,30.36,,Cash,Completed,4.5
RPD102659,CUST2278,DRV223,Pune,Camp,Kothrud,2026-06-27 03:04:00,BIKE,13.0,9.3,Low,17.0,Clear,1.01,93.0,93.93,Card,completed,4.2
RPD103590,CUST1727,DRV386,Mumbai,Dadar,Dadar,2026-06-21 15:14:00,auto,4.07,16.1,Medium,28.0,Clear,1.11,51.63,57.31,cash ,completed,4.1
RPD100031,CUST2720,DRV498,Mumbai,Powai,Powai,2026-07-05 02:08:00,Auto,7.66,7.2,Low,26.0,Clear,1.05,83.94,88.14,UPI,Completed,4.1
RPD104133,CUST1866,DRV332,Bengaluru,Whitefield,MG Road,2026-06-06 02:51:00,bike,13.09,6.1,Low,23.0,,1.0,93.54,93.54,UPI,Cancelled by Driver,
RPD101353,CUST2740,DRV361,Bengaluru,Electronic City,HSR Layout,2026-07-12 14:00:00,Cab Economy,5.45,8.1,Medium,16.0,Rain,1.13,80.4,90.85,upi,completed,4.1
RPD104853,CUST2393,DRV109,BANGALORE,Koramangala,Jayanagar,11/07/2026 23:49,cab economy,3.82,12.8,Medium,18.0,,1.12,60.84,68.14,UPI,completed,5.0
RPD103726,CUST2990,,bangalore,Koramangala,Electronic City,02/07/2026 00:54,bike,6.75,12.7,Very High,26.0,Heavy Rain,1.8,55.5,99.9,upi,Cancelled by Customer,
RPD102715,CUST3715,DRV229,Bangalore,Indiranagar,Indiranagar,29-Jun-2026 03:34 AM,cab economy,2.41,24.6,Very High,19.0,Heavy Rain,1.93,43.92,84.77,UPI,Completed,3.5
RPD103713,CUST2965,,bangalore,MG Road,Electronic City,17/06/2026 01:42,,2.03,28.9,Low,20.0,,1.01,39.36,39.75,upi,Cancelled by Customer,
RPD104649,CUST1708,DRV294,Bangalore,Jayanagar,MG Road,2026-06-16 12:55:00,cab economy,0.51,5.4,Low,16.0,Cloudy,1.0,21.12,21.12,,completed,4.8
RPD102938,CUST1605,DRV285,Mumbai,Bandra,Borivali,17/06/2026 04:18,Auto,3.17,30.5,Low,28.0,Clear,1.0,43.53,43.53,Cash,Cancelled by Driver,
RPD104708,CUST1810,DRV528,Bangalore,Indiranagar,MG Road,30-Jun-2026 03:13 AM,auto,2.71,15.7,Low,16.0,,1.02,39.39,40.18,wallet,Completed,
RPD104082,CUST3029,DRV681,Mumbai,Bandra,Dadar,2026-06-21 14:59:00,BIKE,2.38,20.1,Very High,17.0,Heavy Rain,1.89,29.28,55.34,Card,Ongoing,
RPD101540,CUST1571,DRV196,bangalore,Koramangala,Whitefield,14/07/2026 17:13,Cab Premium,999.0,19.0,Low,15.0,Cloudy,1.0,17997.0,17997.0,upi,Cancelled by Driver,
RPD103896,CUST3203,DRV288,Bengaluru,Whitefield,Jayanagar,08-Jul-2026 10:16 PM,auto,2.96,21.3,Low,14.0,,1.0,41.64,41.64,wallet,Cancelled by Driver,
RPD100451,CUST2278,DRV633,Pune,Kothrud,Viman Nagar,2026-06-06 01:34:00,BIKE,8.47,10.1,Low,23.0,Fog,1.0,65.82,65.82,Wallet,Ongoing,
RPD101490,CUST1713,DRV317,Mumbai,Powai,Powai,30-Jun-2026 03:55 PM,Bike,3.09,19.8,Medium,19.0,Fog,1.14,33.54,38.24,Card,Cancelled by Driver,
RPD101435,CUST2928,,mumbai,Andheri,Colaba,2026-06-23 20:47:00,Cab Premium,2.28,14.7,High,9.0,Clear,1.36,56.04,76.21,Card,Cancelled by Customer,
RPD104131,CUST3427,DRV387,Hyderabad,Hitech City,Hitech City,04/06/2026 07:41,Bike,5.61,15.5,Medium,24.0,Heavy Rain,1.16,48.66,56.45,cash ,Cancelled by Driver,
RPD101894,CUST3942,DRV168,Mumbai,Bandra,Andheri,15/07/2026 15:53,BIKE,5.09,13.2,Medium,33.0,Cloudy,1.11,45.54,50.55,,Completed,4.5
RPD101120,CUST3436,DRV336,Bengaluru,Whitefield,MG Road,13-Jun-2026 01:57 AM,Cab Economy,6.91,10.8,Low,24.0,Clear,1.0,97.92,,,Completed,5.0
RPD100325,CUST3561,DRV220,hyderabad ,Madhapur,Madhapur,23/06/2026 04:39,cab economy,1.45,33.7,Medium,20.0,Rain,1.1,32.4,35.64,cash ,Completed,
RPD102991,CUST2739,DRV227,BANGALORE,HSR Layout,Electronic City,2026-07-13 03:52:00,auto,1.09,24.6,Low,27.0,Fog,1.0,24.81,24.81,UPI,COMPLETED,4.2
RPD100824,CUST1790,DRV600,Hyderabad,Kukatpally,Kukatpally,2026-06-03 22:43:00,,6.32,37.3,Low,18.0,Cloudy,1.0,90.84,90.84,Card,COMPLETED,4.4
RPD104291,CUST2868,DRV516,hyderabad ,Kukatpally,Hitech City,2026-06-26 18:16:00,,1.13,3.4,Very High,5.0,Fog,1.87,28.56,53.41,UPI,completed,5.0
RPD100457,CUST1199,,bangalore,Koramangala,Whitefield,07/07/2026 09:02,Cab Economy,8.03,15.3,Very High,1.0,Heavy Rain,1.94,111.36,216.04,Card,Cancelled by Customer,
RPD100905,CUST3430,DRV398,Bangalore,Indiranagar,Whitefield,22-Jun-2026 03:02 AM,Bike,1.27,6.5,Low,33.0,Rain,1.09,22.62,24.66,upi,Cancelled by Driver,
RPD101515,CUST2513,DRV195,Mumbai,Colaba,Powai,2026-06-28 19:08:00,auto,5.92,27.3,Very High,9.0,Fog,1.91,68.28,130.41,cash ,completed,3.6
RPD102910,CUST2198,,Mumbai,Bandra,Borivali,2026-06-18 06:28:00,BIKE,2.06,17.9,Low,41.0,Clear,1.0,27.36,27.36,wallet,Cancelled by Customer,
RPD100290,CUST1953,DRV424,mumbai,Andheri,Bandra,11/06/2026 15:05,Bike,6.4,24.6,Medium,22.0,Clear,1.11,53.4,59.27,Wallet,Completed,4.5
RPD102555,CUST3154,,hyderabad ,Kukatpally,Madhapur,2026-06-01 22:13:00,Cab Economy,4.91,17.3,Medium,25.0,,1.18,73.92,87.23,,Cancelled by Customer,
RPD103901,CUST3672,DRV589,mumbai,Powai,Colaba,23-Jun-2026 06:36 AM,Bike,7.52,12.4,Low,19.0,Heavy Rain,1.04,60.12,62.52,Card,Cancelled by Driver,
RPD101107,CUST2093,DRV796,Bangalore,HSR Layout,Electronic City,2026-06-28 17:03:00,auto,5.14,27.9,Low,16.0,Clear,1.02,61.26,62.49,Cash,Ongoing,
RPD101053,CUST2140,DRV409,Hyderabad,Kukatpally,Hitech City,2026-06-22 05:15:00,bike,14.56,45.2,Low,19.0,Cloudy,1.0,102.36,102.36,,completed,4.6
RPD102725,CUST3506,DRV657,Hyderabad,Madhapur,Banjara Hills,2026-07-05 22:54:00,,0.5,13.5,Medium,21.0,Clear,1.14,21.0,23.94,Cash,completed,
RPD103391,CUST2376,,Mumbai,Andheri,Powai,12-Jul-2026 06:11 PM,cab economy,2.84,25.6,High,11.0,Cloudy,1.41,49.08,69.2,cash ,Cancelled by Customer,
RPD104037,CUST3305,DRV304,bangalore,MG Road,MG Road,2026-06-10 11:07:00,Bike,2.57,14.7,Medium,16.0,Fog,1.13,30.42,34.37,UPI,Ongoing,
,,,,,,,,,,,,,,,,,,
RPD104129,CUST3707,DRV167,Hyderabad,Kukatpally,Kukatpally,2026-07-13 19:47:00,cab economy,4.28,9.5,High,6.0,,5.85,66.36,388.21,UPI,Ongoing,
RPD101998,CUST2127,DRV161,Pune,Kothrud,Kothrud,02-Jun-2026 07:52 PM,Cab Premium,1.32,22.4,Very High,6.0,Heavy Rain,4.11,38.76,159.3,Cash,Completed,4.1
RPD104239,CUST1428,DRV569,hyderabad ,Kukatpally,Kukatpally,2026-06-21 20:48:00,cab economy,3.32,25.8,Very High,6.0,Rain,1.91,54.84,104.74,UPI,Completed,
RPD103172,CUST3988,DRV580,bangalore,Koramangala,Jayanagar,22/06/2026 14:05,,4.92,48.9,Low,21.0,Clear,1.02,74.04,75.52,wallet,Ongoing,
RPD100137,CUST1026,DRV522,BANGALORE,Indiranagar,MG Road,05-Jul-2026 03:11 PM,Bike,11.33,11.4,Medium,19.0,Fog,1.08,82.98,89.62,Cash,COMPLETED,
RPD102792,CUST1014,DRV665,hyderabad ,Banjara Hills,Kukatpally,2026-07-02 12:18:00,cab economy,5.26,19.6,Low,13.0,Cloudy,1.0,78.12,78.12,cash ,Cancelled by Driver,
RPD104199,CUST3949,DRV784,Bengaluru,MG Road,Indiranagar,21-Jun-2026 03:36 AM,BIKE,5.9,18.1,Medium,8.0,Rain,1.16,50.4,Rs. 58.46,cash ,COMPLETED,4.9
RPD100081,CUST2175,DRV178,mumbai,Bandra,Dadar,05/06/2026 15:28,Cab Economy,2.67,12.5,Low,24.0,Fog,1.0,47.04,47.04,upi,Cancelled by Driver,
RPD104294,CUST1123,,mumbai,Andheri,Andheri,10/07/2026 09:33,Auto,9.35,30.7,High,15.0,Cloudy,1.4,99.15,138.81,upi,Cancelled by Customer,
RPD100802,CUST3146,DRV282,mumbai,Borivali,Andheri,05-Jul-2026 12:03 AM,,6.55,21.6,Low,17.0,Clear,1.04,93.6,97.34,Wallet,Ongoing,
RPD104430,CUST1921,DRV260,Mumbai,Bandra,Dadar,2026-06-14 21:59:00,cab economy,4.36,15.4,Very High,21.0,Heavy Rain,1.82,67.32,122.52,Cash,Ongoing,
RPD103742,CUST2198,DRV242,BANGALORE,Indiranagar,Indiranagar,2026-07-05 12:16:00,auto,1.14,17.1,Low,19.0,Cloudy,1.0,25.26,25.26,wallet,COMPLETED,5.0
RPD100853,CUST3362,DRV145,Mumbai,Andheri,Borivali,07/07/2026 15:04,Cab Premium,6.73,34.7,Medium,13.0,Clear,1.08,136.14,147.03,upi,completed,5.0
RPD100533,CUST1801,DRV766,BANGALORE,Whitefield,Jayanagar,08-Jul-2026 01:54 AM,BIKE,7.41,22.5,Medium,17.0,Cloudy,1.19,59.46,70.76,UPI,completed,5.0
RPD102812,CUST1943,DRV652,bangalore,Whitefield,Electronic City,2026-06-15 11:59:00,bike,6.98,5.3,Low,24.0,Heavy Rain,1.04,56.88,59.16,wallet,Completed,4.2
RPD104925,CUST2951,DRV128,BANGALORE,Koramangala,Koramangala,13-Jun-2026 04:23 AM,cab economy,5.3,25.2,Medium,22.0,Clear,1.06,78.6,83.32,upi,Ongoing,
RPD100192,CUST1727,DRV101,Pune,Baner,Viman Nagar,12/06/2026 22:35,Auto,9.88,7.8,Low,19.0,,1.04,103.92,108.08,wallet,COMPLETED,5.0
RPD102535,CUST2742,DRV369,Mumbai,Dadar,Colaba,04-Jun-2026 08:53 PM,Bike,7.44,7.5,Very High,9.0,Heavy Rain,1.92,59.64,114.51,Wallet,completed,4.2
RPD100992,CUST1138,DRV719,hyderabad ,Madhapur,Madhapur,2026-07-14 08:15:00,,6.28,21.9,Very High,6.0,Clear,1.96,90.36,177.11,cash ,Cancelled by Driver,
RPD104570,CUST1992,DRV295,Pune,Hinjewadi,Viman Nagar,18/06/2026 01:39,bike,4.95,12.8,Medium,23.0,Clear,1.15,44.7,51.41,Card,Completed,4.9
RPD101687,CUST3518,DRV539,hyderabad ,Hitech City,Banjara Hills,07-Jun-2026 04:24 PM,BIKE,7.35,16.3,Medium,18.0,Cloudy,1.1,59.1,65.01,,Cancelled by Driver,
RPD100604,CUST2073,DRV284,Mumbai,Borivali,Andheri,2026-06-18 02:59:00,bike,9.92,29.8,Medium,16.0,Clear,1.15,74.52,85.7,upi,Cancelled by Driver,
RPD100540,CUST1859,DRV201,Bengaluru,Whitefield,Koramangala,04/07/2026 09:42,Cab Economy,8.5,16.1,Very High,6.0,Fog,1.89,117.0,221.13,UPI,Ongoing,
RPD102083,CUST3763,DRV553,BANGALORE,Indiranagar,MG Road,05/07/2026 03:08,,12.36,20.2,Low,20.0,Fog,1.0,163.32,163.32,Wallet,Cancelled by Driver,
RPD103370,CUST1349,DRV376,Mumbai,Powai,Powai,2026-06-06 22:16:00,bike,8.82,44.0,Very High,15.0,Heavy Rain,1.91,67.92,129.73,cash ,Ongoing,
RPD103676,CUST3773,,hyderabad ,Kukatpally,Hitech City,2026-06-27 23:03:00,bike,9.63,24.7,Medium,11.0,Rain,1.15,72.78,83.7,Card,Cancelled by Customer,
RPD101966,CUST3251,DRV258,Hyderabad,Hitech City,Gachibowli,26-Jun-2026 12:26 PM,Bike,2.29,29.1,Low,8.0,Clear,1.0,28.74,28.74,upi,completed,4.1
RPD104321,CUST2633,DRV307,mumbai,Bandra,Bandra,2026-06-05 14:32:00,auto,2.89,6.1,Low,35.0,Fog,1.07,41.01,43.88,wallet,COMPLETED,4.1
RPD103263,CUST3947,DRV767,Hyderabad,Madhapur,Hitech City,18-Jun-2026 03:08 AM,Cab Premium,3.14,29.8,Medium,17.0,Cloudy,1.2,71.52,85.82,Cash,COMPLETED,4.2
RPD100035,CUST2510,DRV271,bangalore,Jayanagar,MG Road,2026-06-03 00:15:00,BIKE,1.72,16.6,Low,34.0,Cloudy,1.09,25.32,27.6,upi,COMPLETED,5.0
RPD104698,CUST2978,DRV496,Mumbai,Dadar,Borivali,16-Jun-2026 06:47 PM,bike,-1.32,29.6,Very High,19.0,,1.91,15.6,29.8,Card,completed,4.7
RPD102209,CUST3176,DRV406,bangalore,Koramangala,HSR Layout,22/06/2026 08:56,cab economy,9.35,15.6,Very High,2.0,,1.92,127.2,244.22,Cash,Ongoing,
RPD103606,CUST1819,DRV509,Mumbai,Andheri,Powai,2026-06-20 00:06:00,Cab Premium,4.78,19.2,Low,19.0,,1.0,101.04,101.04,upi,COMPLETED,3.7
RPD100744,CUST2868,DRV100,hyderabad ,Madhapur,Gachibowli,09/07/2026 15:19,bike,4.17,8.1,Medium,11.0,,1.23,40.02,49.22,Card,COMPLETED,4.1
RPD102894,CUST1473,DRV215,hyderabad ,Hitech City,Gachibowli,07-Jun-2026 09:23 AM,Cab Economy,11.29,3.3,Very High,5.0,Rain,1.92,150.48,288.92,cash ,completed,
RPD104215,CUST2212,DRV613,mumbai,Borivali,Bandra,2026-06-13 05:03:00,BIKE,3.84,23.1,Low,23.0,Rain,1.14,38.04,43.37,Wallet,Ongoing,
RPD102924,CUST3485,DRV245,bangalore,Indiranagar,Whitefield,09/07/2026 22:10,bike,5.46,7.4,Low,24.0,Cloudy,1.0,47.76,47.76,Wallet,completed,4.5
RPD100904,CUST3780,DRV465,bangalore,Koramangala,Koramangala,2026-06-06 23:00:00,BIKE,2.96,5.7,Medium,11.0,Clear,3.94,32.76,129.07,upi,Cancelled by Driver,
RPD100263,CUST1941,DRV557,Pune,Kothrud,Baner,2026-07-06 17:30:00,auto,4.24,9.4,Medium,26.0,Fog,1.13,53.16,60.07,Cash,COMPLETED,4.1
RPD102332,CUST1045,,bangalore,Indiranagar,HSR Layout,29-Jun-2026 05:48 PM,Cab Economy,8.67,19.6,Medium,16.0,Heavy Rain,1.11,119.04,132.13,Wallet,Cancelled by Customer,
RPD103905,CUST3598,DRV441,Pune,Kothrud,Baner,2026-07-10 18:27:00,Auto,3.07,19.8,Very High,4.0,Rain,1.88,42.63,80.14,,completed,4.8
RPD101077,CUST1066,DRV164,BANGALORE,Electronic City,Indiranagar,12/06/2026 16:55,Auto,3.3,6.3,Very High,23.0,Rain,1.93,44.7,86.27,wallet,completed,5.0
RPD102027,CUST3750,DRV705,Bangalore,Electronic City,Koramangala,11-Jul-2026 08:12 AM,,5.35,4.0,High,11.0,Cloudy,1.33,79.2,105.34,UPI,completed,4.3
RPD104185,CUST3517,DRV555,BANGALORE,HSR Layout,Indiranagar,2026-06-02 09:32:00,Cab Economy,-1.48,11.1,Very High,5.0,Rain,1.87,16.2,30.29,cash ,COMPLETED,5.0
RPD101374,CUST2978,DRV143,Bangalore,Indiranagar,Electronic City,30-Jun-2026 09:16 AM,Bike,10.56,21.3,Very High,0.0,Cloudy,1.87,78.36,146.53,Cash,Ongoing,
RPD104643,CUST3011,DRV515,mumbai,Dadar,Borivali,2026-07-09 20:56:00,Auto,19.78,19.1,Very High,10.0,Fog,1.93,193.02,372.53,wallet,Cancelled by Driver,
RPD102946,CUST2535,DRV345,Bengaluru,Indiranagar,HSR Layout,14-Jul-2026 12:30 AM,Cab Premium,1.85,65.7,Low,6.0,Cloudy,1.04,48.3,50.23,upi,Completed,4.1
RPD102247,CUST2847,DRV419,BANGALORE,Whitefield,Whitefield,2026-06-05 16:09:00,BIKE,13.35,19.8,Medium,24.0,Clear,1.08,95.1,102.71,wallet,Ongoing,
RPD101758,CUST1285,DRV628,Pune,Camp,Kothrud,2026-06-20 23:31:00,auto,6.15,18.3,Medium,28.0,Clear,1.19,70.35,83.72,upi,Completed,4.3
RPD101859,CUST2556,DRV723,Hyderabad,Madhapur,Madhapur,05/06/2026 11:50,Cab Premium,4.95,16.2,Medium,11.0,,1.21,104.1,125.96,UPI,Cancelled by Driver,
RPD103507,CUST1292,DRV108,Bangalore,Jayanagar,Jayanagar,08/06/2026 04:34,cab economy,10.67,7.4,Very High,22.0,Rain,1.86,143.04,266.05,wallet,Ongoing,
RPD102168,CUST3597,DRV243,hyderabad ,Banjara Hills,Kukatpally,07-Jun-2026 01:38 AM,Auto,8.08,8.0,Medium,18.0,Clear,1.1,87.72,96.49,Wallet,COMPLETED,5.0
RPD103324,CUST1529,DRV539,BANGALORE,Koramangala,Whitefield,2026-06-13 21:53:00,auto,1.03,52.7,Low,12.0,Fog,1.02,24.27,24.76,upi,Ongoing,
RPD100122,CUST1046,DRV367,bangalore,HSR Layout,MG Road,2026-06-07 05:08:00,Cab Premium,999.0,11.4,Very High,9.0,Rain,1.81,17997.0,32574.57,Wallet,Ongoing,
RPD100790,CUST3036,,bangalore,Jayanagar,Jayanagar,2026-07-09 07:46:00,Auto,2.5,22.5,Low,17.0,Cloudy,1.0,37.5,37.5,wallet,Cancelled by Customer,
RPD100182,CUST2085,,BANGALORE,Jayanagar,Jayanagar,2026-07-08 03:09:00,bike,3.68,12.6,Low,13.0,Fog,1.0,37.08,37.08,upi,Cancelled by Customer,
RPD103463,CUST3528,DRV156,bangalore,Koramangala,Koramangala,2026-07-04 09:35:00,Cab Economy,8.77,16.8,High,5.0,,1.47,120.24,176.75,Wallet,completed,3.9
RPD101565,CUST2409,DRV192,BANGALORE,MG Road,MG Road,27/06/2026 14:14,Auto,11.41,8.3,Low,28.0,Heavy Rain,1.04,117.69,122.4,Card,Completed,4.7
RPD103310,CUST3738,DRV371,Bengaluru,Whitefield,Koramangala,2026-06-20 10:09:00,Cab Premium,2.77,6.3,Medium,14.0,Heavy Rain,1.12,64.86,72.64,cash ,Completed,4.8
RPD103466,CUST2404,DRV318,BANGALORE,Koramangala,Whitefield,2026-06-30 15:01:00,cab economy,1.99,5.9,Low,15.0,Cloudy,1.06,38.88,41.21,Cash,Cancelled by Driver,
RPD103467,CUST1965,,Hyderabad,Banjara Hills,Gachibowli,06/07/2026 07:09,BIKE,6.43,21.8,Very High,22.0,Heavy Rain,1.96,53.58,105.02,Cash,Cancelled by Customer,
RPD101032,CUST2778,,mumbai,Dadar,Colaba,2026-07-14 11:23:00,auto,6.01,23.7,Medium,29.0,Cloudy,1.07,69.09,73.93,UPI,Cancelled by Customer,
RPD100112,CUST3365,DRV333,Mumbai,Dadar,Andheri,2026-06-24 10:43:00,Bike,0.8,22.3,Medium,14.0,Fog,1.19,19.8,23.56,UPI,Ongoing,
RPD100998,CUST2603,DRV327,Hyderabad,Madhapur,Kukatpally,13-Jun-2026 04:22 AM,Auto,8.56,4.8,Low,16.0,,1.0,92.04,92.04,cash ,Cancelled by Driver,
RPD103497,CUST2755,DRV480,Mumbai,Colaba,Dadar,2026-06-30 00:48:00,bike,1.19,22.6,Low,27.0,Clear,1.0,22.14,22.14,Card,Completed,3.5
RPD103610,CUST3590,DRV303,Hyderabad,Madhapur,Gachibowli,06-Jun-2026 09:44 AM,Bike,4.27,16.1,Very High,14.0,Fog,1.9,40.62,77.18,wallet,Cancelled by Driver,
RPD103034,CUST2687,DRV569,hyderabad ,Madhapur,Banjara Hills,2026-06-03 02:05:00,Auto,5.53,12.3,Medium,14.0,,1.16,64.77,75.13,UPI,Cancelled by Driver,
RPD100730,CUST2680,,Hyderabad,Gachibowli,Gachibowli,26/06/2026 09:00,BIKE,4.92,11.8,Very High,21.0,,1.84,44.52,81.92,cash ,Cancelled by Customer,
RPD102051,CUST1978,DRV794,Bangalore,MG Road,HSR Layout,17/06/2026 13:40,bike,1.47,11.2,Low,31.0,Fog,1.04,23.82,24.77,UPI,completed,5.0
RPD104982,CUST2316,DRV382,Hyderabad,Hitech City,Madhapur,2026-06-24 20:26:00,Cab Economy,3.15,20.8,High,7.0,Cloudy,1.31,52.8,,Card,Cancelled by Driver,
RPD104983,CUST3918,DRV539,Bengaluru,MG Road,HSR Layout,2026-06-20 08:37:00,cab economy,3.54,5.0,Very High,2.0,Fog,1.88,57.48,108.06,cash ,COMPLETED,4.7
RPD104447,CUST3207,DRV211,Pune,Baner,Baner,2026-06-16 03:21:00,cab economy,1.94,11.9,Low,15.0,Fog,1.0,38.28,38.28,wallet,completed,5.0
RPD103787,CUST1368,DRV100,mumbai,Colaba,Powai,12/06/2026 05:32,cab economy,3.62,28.6,Very High,24.0,Rain,1.85,58.44,108.11,Wallet,Cancelled by Driver,
RPD102274,CUST3802,DRV558,hyderabad ,Kukatpally,Banjara Hills,19/06/2026 21:44,Auto,4.47,19.8,Low,15.0,Cloudy,1.0,55.23,55.23,UPI,completed,2.8
RPD104607,CUST2261,DRV267,Pune,Hinjewadi,Baner,2026-06-12 01:07:00,,3.82,16.6,Low,11.0,Fog,1.0,60.84,Rs. 60.84,cash ,Completed,4.0
RPD100199,CUST3852,DRV783,bangalore,MG Road,Electronic City,25-Jun-2026 05:23 AM,auto,4.2,24.7,Low,18.0,Cloudy,1.04,52.8,54.91,upi,Completed,4.0
RPD103830,CUST1221,DRV623,mumbai,Dadar,Andheri,2026-07-11 07:06:00,cab economy,2.16,16.3,Medium,11.0,Rain,1.15,40.92,47.06,Cash,COMPLETED,4.6
RPD103213,CUST3592,DRV668,BANGALORE,MG Road,Indiranagar,22-Jun-2026 01:14 PM,Cab Premium,3.44,18.5,Medium,20.0,Clear,1.12,76.92,86.15,Card,completed,5.0
RPD100548,CUST3806,DRV793,BANGALORE,Electronic City,Koramangala,06/06/2026 23:18,Cab Premium,2.27,28.4,Medium,15.0,,1.06,55.86,59.21,upi,Ongoing,
RPD100102,CUST3631,DRV175,hyderabad ,Madhapur,Banjara Hills,30/06/2026 17:08,cab economy,2.39,10.0,Low,16.0,Fog,1.02,43.68,44.55,,completed,3.8
RPD101451,CUST1308,DRV362,mumbai,Borivali,Andheri,14-Jul-2026 10:58 AM,bike,7.25,9.6,Medium,25.0,Heavy Rain,1.12,58.5,65.52,Wallet,Cancelled by Driver,
RPD103802,CUST3151,DRV755,bangalore,Jayanagar,MG Road,05-Jun-2026 06:43 PM,Bike,5.76,25.7,Very High,0.0,Fog,1.95,49.56,96.64,Cash,completed,4.2
RPD101792,CUST3679,DRV641,hyderabad ,Banjara Hills,Gachibowli,2026-06-09 13:56:00,Cab Premium,999.0,14.5,Medium,22.0,Clear,1.11,17997.0,19976.67,cash ,Completed,5.0
RPD100565,CUST1544,DRV376,hyderabad ,Madhapur,Banjara Hills,20/06/2026 07:18,Bike,6.54,30.7,Low,29.0,Fog,1.0,54.24,54.24,UPI,Cancelled by Driver,
RPD101430,CUST2818,DRV216,bangalore,Koramangala,Whitefield,2026-06-05 09:56:00,bike,5.83,20.2,Very High,8.0,Rain,1.9,49.98,94.96,Wallet,completed,4.7
RPD101707,CUST1026,DRV431,Mumbai,Colaba,Dadar,2026-06-22 07:06:00,,1.99,19.2,Low,18.0,Clear,1.0,38.88,38.88,cash ,completed,5.0
RPD100695,CUST3405,DRV760,mumbai,Colaba,Dadar,17/06/2026 17:34,bike,9.1,12.9,Low,24.0,,1.0,69.6,69.6,wallet,completed,3.2
RPD103888,CUST3632,DRV516,hyderabad ,Kukatpally,Hitech City,2026-06-29 03:05:00,Cab Premium,7.21,30.0,Low,12.0,Fog,1.0,144.78,144.78,Cash,Ongoing,
RPD102355,CUST1776,,Bangalore,Indiranagar,Koramangala,13-Jul-2026 04:33 PM,auto,3.73,6.2,Low,18.0,Fog,1.05,48.57,51.0,cash ,Cancelled by Customer,
RPD104803,CUST1351,DRV719,hyderabad ,Banjara Hills,Kukatpally,2026-07-08 22:06:00,bike,1.93,16.6,Very High,15.0,Rain,1.88,26.58,49.97,,Cancelled by Driver,
RPD101992,CUST1047,DRV601,mumbai,Colaba,Borivali,08-Jul-2026 04:19 PM,Auto,0.69,15.1,Very High,13.0,Rain,1.88,21.21,39.87,upi,COMPLETED,4.5
RPD101114,CUST2499,DRV679,Bengaluru,HSR Layout,MG Road,11-Jun-2026 03:41 AM,Cab Economy,5.02,16.1,Low,27.0,Fog,1.0,75.24,75.24,upi,COMPLETED,
RPD100749,CUST3711,DRV362,Hyderabad,Banjara Hills,Kukatpally,2026-07-07 12:48:00,Cab Premium,6.21,11.0,Medium,17.0,Heavy Rain,1.2,126.78,152.14,Card,COMPLETED,4.6
RPD104044,CUST1660,,Bangalore,MG Road,Koramangala,2026-06-09 02:53:00,,1.77,20.0,Very High,19.0,Heavy Rain,1.79,36.24,64.87,,Cancelled by Customer,
RPD103674,CUST3652,DRV784,Pune,Camp,Camp,2026-07-08 23:19:00,Cab Premium,10.87,14.6,Medium,24.0,Fog,1.17,210.66,246.47,,Completed,3.9
RPD103180,CUST3395,DRV218,Bangalore,HSR Layout,Indiranagar,12/07/2026 00:48,auto,7.39,30.6,Low,18.0,Clear,1.06,81.51,86.4,Wallet,COMPLETED,3.4
RPD101716,CUST3741,,hyderabad ,Banjara Hills,Madhapur,16/07/2026 03:39,bike,-3.61,34.4,Medium,20.0,Fog,1.18,15.6,18.41,Cash,Cancelled by Customer,
RPD102406,CUST1138,DRV756,Pune,Hinjewadi,Kothrud,12/07/2026 09:01,Bike,15.82,11.1,High,5.0,Clear,1.49,109.92,163.78,Cash,Cancelled by Driver,
RPD100705,CUST1218,DRV488,BANGALORE,Jayanagar,Koramangala,2026-06-14 20:23:00,auto,6.19,6.5,Very High,8.0,,1.94,70.71,137.18,Card,COMPLETED,5.0
RPD100669,CUST2589,DRV532,bangalore,HSR Layout,Whitefield,2026-07-06 22:59:00,Cab Premium,6.25,5.9,Medium,6.0,Clear,1.14,127.5,145.35,Wallet,Ongoing,
RPD101333,CUST3752,DRV537,mumbai,Dadar,Borivali,2026-06-18 05:05:00,Bike,6.54,14.2,Low,22.0,Clear,1.08,54.24,58.58,UPI,Cancelled by Driver,
RPD102114,CUST1557,DRV469,mumbai,Powai,Powai,2026-06-13 19:27:00,Auto,8.34,8.5,Very High,7.0,Rain,1.91,90.06,172.01,upi,completed,5.0
RPD100380,CUST1746,DRV279,Mumbai,Bandra,Powai,15-Jun-2026 03:23 PM,Cab Economy,6.75,22.6,Very High,28.0,Heavy Rain,1.92,96.0,184.32,Cash,Cancelled by Driver,
RPD101454,CUST1760,DRV612,BANGALORE,Whitefield,Indiranagar,04-Jul-2026 12:07 PM,auto,1.63,15.6,Low,23.0,Heavy Rain,1.0,29.67,29.67,wallet,Cancelled by Driver,
RPD101354,CUST2850,DRV610,hyderabad ,Kukatpally,Banjara Hills,18-Jun-2026 09:01 PM,auto,6.5,60.3,Low,21.0,Fog,1.03,73.5,75.7,cash ,Ongoing,
RPD104228,CUST1841,DRV512,Bangalore,Jayanagar,Jayanagar,25/06/2026 18:58,cab economy,3.55,21.7,Very High,5.0,Heavy Rain,1.88,57.6,108.29,Card,COMPLETED,4.3
RPD104092,CUST2040,DRV670,BANGALORE,Whitefield,Jayanagar,04/07/2026 01:48,cab economy,3.91,11.1,Low,21.0,Clear,1.0,61.92,61.92,upi,Completed,5.0
RPD101117,CUST1936,DRV238,hyderabad ,Banjara Hills,Banjara Hills,2026-06-20 01:42:00,cab economy,5.43,10.2,Very High,18.0,Rain,1.89,80.16,151.5,Cash,completed,2.3
RPD101400,CUST3452,DRV618,bangalore,Electronic City,Indiranagar,08/07/2026 22:49,,1.13,14.7,Low,26.0,,1.03,28.56,29.42,wallet,Cancelled by Driver,
RPD102195,CUST2608,,Bangalore,Indiranagar,Jayanagar,2026-07-02 16:16:00,Bike,12.61,14.7,Medium,21.0,Fog,1.17,90.66,106.07,Card,Cancelled by Customer,
RPD102675,CUST2194,DRV419,Hyderabad,Madhapur,Banjara Hills,07/07/2026 04:44,Cab Premium,6.07,13.0,Medium,6.0,Clear,1.17,124.26,145.38,Cash,COMPLETED,4.3
RPD101439,CUST2695,,mumbai,Borivali,Andheri,07/07/2026 23:41,,8.5,4.4,Very High,20.0,Rain,1.91,117.0,223.47,wallet,Cancelled by Customer,
RPD104686,CUST1746,DRV328,mumbai,Powai,Powai,29/06/2026 07:16,Auto,3.41,12.0,Very High,20.0,Rain,1.96,45.69,89.55,UPI,Cancelled by Driver,
RPD100241,CUST3659,DRV109,hyderabad ,Gachibowli,Kukatpally,2026-07-05 17:25:00,Cab Economy,7.16,19.1,Very High,20.0,Heavy Rain,1.97,100.92,198.81,upi,Ongoing,
RPD100950,CUST3064,DRV761,Hyderabad,Hitech City,Kukatpally,2026-07-05 20:23:00,Bike,1.79,34.4,High,15.0,,1.43,25.74,36.81,Card,Completed,5.0
RPD103273,CUST1360,DRV776,Bangalore,Indiranagar,MG Road,2026-06-20 10:00:00,cab economy,3.22,24.0,Low,17.0,Clear,1.05,53.64,56.32,wallet,Cancelled by Driver,
RPD102017,CUST1763,DRV514,Pune,Baner,Baner,26-Jun-2026 07:47 AM,Bike,7.22,19.0,Medium,32.0,Fog,1.15,58.32,67.07,wallet,Cancelled by Driver,
RPD100456,CUST2512,DRV221,BANGALORE,Indiranagar,Electronic City,2026-06-09 15:45:00,,3.13,16.7,Medium,20.0,Clear,1.12,52.56,58.87,wallet,completed,4.7
RPD102393,CUST2013,,hyderabad ,Kukatpally,Madhapur,02/07/2026 20:20,BIKE,13.62,32.1,Very High,7.0,,1.9,96.72,183.77,UPI,Cancelled by Customer,
RPD103257,CUST1181,DRV703,Mumbai,Powai,Dadar,16/06/2026 02:09,Bike,1.68,30.5,Low,34.0,Fog,1.0,25.08,25.08,upi,COMPLETED,5.0
RPD103238,CUST3839,,Pune,Baner,Baner,05/06/2026 14:01,Bike,15.24,29.2,Medium,17.0,Rain,1.06,106.44,112.83,wallet,Cancelled by Customer,
RPD103548,CUST2192,DRV325,Bengaluru,Koramangala,Whitefield,2026-06-15 08:39:00,,4.43,15.0,Very High,4.0,Fog,1.97,68.16,134.28,cash ,Cancelled by Driver,
RPD102586,CUST1767,,Bengaluru,HSR Layout,Jayanagar,2026-06-25 19:13:00,BIKE,5.55,14.5,Very High,9.0,,1.94,48.3,93.7,Cash,Cancelled by Customer,
RPD103241,CUST2143,DRV631,mumbai,Bandra,Dadar,2026-06-02 03:47:00,Bike,12.57,17.5,Low,19.0,,1.0,90.42,Rs. 90.42,cash ,completed,4.7
RPD100728,CUST2673,DRV460,hyderabad ,Gachibowli,Kukatpally,2026-07-09 03:06:00,auto,3.35,14.4,Medium,20.0,Rain,1.14,45.15,51.47,cash ,Ongoing,
RPD104266,CUST3779,DRV519,Pune,Baner,Kothrud,14/06/2026 16:59,Bike,0.5,3.7,Low,17.0,Clear,1.0,18.0,18.0,UPI,COMPLETED,4.7
RPD101543,CUST1692,DRV291,BANGALORE,HSR Layout,HSR Layout,28-Jun-2026 02:32 PM,Auto,5.23,31.0,Low,27.0,Cloudy,1.0,62.07,62.07,UPI,Cancelled by Driver,
RPD103457,CUST2427,,bangalore,Jayanagar,Whitefield,14/07/2026 07:17,cab economy,1.95,13.6,Very High,11.0,Heavy Rain,2.0,38.4,76.8,upi,Cancelled by Customer,
RPD103703,CUST1182,DRV210,Bengaluru,Jayanagar,Indiranagar,2026-06-06 13:20:00,,2.55,19.5,Medium,21.0,Clear,1.14,45.6,51.98,Card,Ongoing,
RPD100928,CUST1768,DRV604,Bengaluru,MG Road,MG Road,09-Jun-2026 05:47 AM,Cab Premium,1.04,47.6,Medium,25.0,Clear,1.18,33.72,39.79,cash ,COMPLETED,4.9
RPD100823,CUST2239,DRV489,Mumbai,Powai,Dadar,2026-06-28 10:02:00,bike,3.37,18.4,Very High,23.0,Heavy Rain,1.8,35.22,63.4,cash ,COMPLETED,4.3
RPD104289,CUST2292,DRV715,BANGALORE,Electronic City,Electronic City,05-Jul-2026 02:07 AM,auto,2.86,24.0,Low,13.0,Fog,1.0,40.74,40.74,Wallet,completed,3.6
RPD102633,CUST3360,DRV378,Bengaluru,MG Road,MG Road,23-Jun-2026 07:15 AM,Cab Premium,4.45,10.1,Low,27.0,,1.05,95.1,99.86,wallet,Completed,4.5
RPD101006,CUST3589,DRV447,Bangalore,Whitefield,Jayanagar,08-Jul-2026 04:26 PM,auto,4.34,6.9,Very High,12.0,Rain,1.92,54.06,103.8,wallet,COMPLETED,4.1
RPD100197,CUST1015,DRV537,bangalore,Whitefield,Indiranagar,13/06/2026 13:44,auto,4.3,17.6,Very High,22.0,Heavy Rain,2.01,53.7,107.94,upi,completed,3.9
RPD104456,CUST1604,,Hyderabad,Kukatpally,Madhapur,16/07/2026 11:12,auto,2.32,16.1,Medium,24.0,Clear,1.14,35.88,40.9,,Cancelled by Customer,
RPD102808,CUST1527,DRV207,Hyderabad,Madhapur,Hitech City,03/06/2026 23:04,auto,8.33,9.7,Medium,17.0,Fog,1.11,89.97,99.87,upi,Cancelled by Driver,
RPD101731,CUST2018,DRV744,hyderabad ,Kukatpally,Madhapur,2026-07-15 07:21:00,,2.91,22.3,Low,28.0,Clear,1.1,49.92,54.91,cash ,completed,4.5
RPD103017,CUST1085,DRV247,bangalore,Jayanagar,Electronic City,30/06/2026 15:32,Bike,10.54,6.2,Medium,23.0,Clear,1.16,78.24,90.76,,Cancelled by Driver,
RPD102636,CUST2763,DRV631,Bengaluru,Indiranagar,Electronic City,07-Jun-2026 06:20 PM,,999.0,13.3,Very High,8.0,Heavy Rain,1.86,12003.0,22325.58,cash ,Completed,5.0
RPD102468,CUST3290,DRV352,Pune,Hinjewadi,Camp,01/06/2026 19:51,Auto,4.24,20.2,High,8.0,Clear,1.4,53.16,74.42,UPI,COMPLETED,4.6
RPD104139,CUST2043,DRV543,bangalore,Whitefield,Whitefield,09/06/2026 23:12,auto,4.19,23.6,Low,17.0,Clear,1.0,52.71,52.71,Card,Cancelled by Driver,
RPD103848,CUST1450,DRV704,Hyderabad,Kukatpally,Banjara Hills,2026-06-07 17:58:00,cab economy,2.26,33.1,Low,16.0,Clear,1.04,42.12,43.8,Card,Completed,4.0
RPD102622,CUST1141,DRV695,hyderabad ,Banjara Hills,Kukatpally,2026-06-07 01:15:00,Cab Premium,999.0,25.2,Medium,14.0,Fog,1.14,17997.0,20516.58,wallet,completed,4.2
RPD100025,CUST3948,DRV407,Mumbai,Andheri,Borivali,28-Jun-2026 12:33 AM,Auto,6.7,6.9,Very High,24.0,Heavy Rain,1.96,75.3,147.59,Card,COMPLETED,4.8
RPD100717,CUST3916,,Hyderabad,Hitech City,Kukatpally,2026-07-12 21:25:00,bike,6.24,11.9,Low,22.0,Fog,1.0,52.44,52.44,Wallet,Cancelled by Customer,
RPD102686,CUST3920,DRV431,Hyderabad,Madhapur,Hitech City,11/06/2026 05:41,auto,2.69,16.5,Very High,11.0,Heavy Rain,1.88,39.21,73.71,Wallet,completed,5.0
RPD103314,CUST1867,DRV102,hyderabad ,Kukatpally,Banjara Hills,2026-07-02 23:50:00,BIKE,3.08,20.3,Medium,25.0,,1.13,33.48,37.83,UPI,Ongoing,
RPD101365,CUST3031,DRV301,Mumbai,Dadar,Powai,2026-06-08 22:10:00,cab economy,2.28,14.1,Medium,20.0,,1.18,42.36,49.98,Cash,Completed,4.2
RPD103385,CUST2741,DRV205,bangalore,Koramangala,HSR Layout,11-Jul-2026 09:21 PM,,3.4,22.6,Very High,26.0,Heavy Rain,1.88,55.8,104.9,Card,COMPLETED,5.0
RPD103640,CUST1075,DRV494,Mumbai,Powai,Powai,01/07/2026 22:41,Cab Economy,5.7,12.3,Low,19.0,Fog,1.02,83.4,85.07,Wallet,COMPLETED,5.0
RPD103807,CUST1550,,mumbai,Colaba,Powai,08/06/2026 22:22,Bike,5.11,11.6,Low,26.0,,1.07,45.66,48.86,cash ,Cancelled by Customer,
RPD104401,CUST2817,DRV313,Mumbai,Andheri,Powai,2026-07-03 04:09:00,BIKE,6.94,15.9,Low,16.0,Heavy Rain,1.0,56.64,56.64,cash ,Cancelled by Driver,
RPD100637,CUST3239,DRV366,bangalore,Electronic City,Koramangala,2026-06-16 06:06:00,Bike,3.14,10.8,Medium,26.0,Clear,1.17,33.84,39.59,,completed,4.1
RPD100431,CUST1365,,Bangalore,Jayanagar,MG Road,2026-06-19 10:51:00,Cab Premium,7.94,7.4,Medium,18.0,Clear,1.21,157.92,191.08,UPI,Cancelled by Customer,
RPD100721,CUST3964,DRV753,Mumbai,Powai,Dadar,15-Jul-2026 07:15 PM,,6.16,21.5,Very High,7.0,Fog,1.88,88.92,167.17,upi,completed,5.0
RPD100796,CUST2414,DRV199,mumbai,Andheri,Bandra,2026-06-01 16:00:00,Cab Economy,4.18,9.0,Medium,23.0,Clear,1.05,65.16,68.42,Cash,completed,4.5
RPD103133,CUST3755,DRV326,Bengaluru,Koramangala,Jayanagar,04-Jun-2026 11:25 AM,auto,12.37,19.8,Medium,27.0,,1.17,126.33,147.81,Wallet,Completed,3.7
RPD102142,CUST3072,,Bangalore,MG Road,Whitefield,17/06/2026 11:53,auto,0.5,16.7,Low,23.0,Fog,1.0,19.5,19.5,Wallet,Cancelled by Customer,
RPD101807,CUST3981,DRV769,hyderabad ,Banjara Hills,Gachibowli,07/07/2026 14:25,Bike,1.64,23.5,Low,24.0,,4.09,24.84,101.6,Card,Ongoing,
RPD100268,CUST2024,DRV553,Bangalore,Whitefield,Indiranagar,27/06/2026 16:06,bike,6.62,20.0,Low,13.0,Fog,1.01,54.72,55.27,wallet,Ongoing,
RPD103671,CUST2973,,BANGALORE,Indiranagar,Indiranagar,2026-06-18 13:36:00,cab economy,2.25,26.1,Low,22.0,Fog,1.01,42.0,42.42,Cash,Cancelled by Customer,
RPD101903,CUST3648,DRV469,BANGALORE,HSR Layout,HSR Layout,07/07/2026 18:03,Bike,12.44,26.9,Very High,7.0,Rain,1.92,89.64,172.11,,completed,3.9
RPD102511,CUST1375,DRV324,mumbai,Andheri,Andheri,2026-07-08 06:23:00,bike,3.16,15.0,Low,16.0,,1.08,33.96,36.68,,completed,5.0
RPD103311,CUST1837,DRV248,mumbai,Borivali,Andheri,04-Jul-2026 08:02 AM,BIKE,4.49,12.0,Very High,6.0,Fog,1.84,41.94,77.17,,Completed,4.2
RPD101211,CUST3984,DRV456,Mumbai,Colaba,Powai,14/07/2026 10:23,bike,7.09,14.8,Very High,19.0,Rain,1.88,57.54,108.18,cash ,completed,5.0
RPD100100,CUST3921,DRV555,BANGALORE,HSR Layout,Electronic City,2026-06-25 17:07:00,auto,9.52,3.0,Low,7.0,,1.0,100.68,100.68,upi,Completed,4.0
RPD101877,CUST2858,,Bengaluru,Whitefield,Jayanagar,2026-06-17 18:23:00,,4.17,20.8,Very High,6.0,Cloudy,1.97,65.04,128.13,Wallet,Cancelled by Customer,
RPD104194,CUST2416,DRV349,Hyderabad,Banjara Hills,Kukatpally,2026-06-27 21:32:00,Bike,0.67,21.3,Low,21.0,Clear,1.0,19.02,19.02,UPI,Cancelled by Driver,
RPD100280,CUST1220,DRV126,BANGALORE,Jayanagar,Koramangala,09/06/2026 23:15,bike,6.04,16.6,Very High,32.0,Rain,1.85,51.24,94.79,wallet,Ongoing,
RPD100620,CUST2767,DRV317,Hyderabad,Hitech City,Hitech City,2026-06-16 00:57:00,,1.45,9.7,Low,21.0,Cloudy,1.0,32.4,32.4,Cash,Cancelled by Driver,
RPD103921,CUST3987,DRV363,hyderabad ,Kukatpally,Banjara Hills,2026-06-21 18:11:00,Bike,2.83,9.8,Very High,6.0,Heavy Rain,1.82,31.98,58.2,wallet,Ongoing,
RPD102687,CUST2427,DRV557,Hyderabad,Madhapur,Madhapur,2026-07-09 00:58:00,,5.01,9.7,Medium,22.0,Cloudy,1.05,75.12,78.88,cash ,completed,3.9
RPD104212,CUST3669,DRV745,Bangalore,Jayanagar,Whitefield,10-Jun-2026 09:41 AM,,-9.24,23.2,Very High,19.0,Rain,1.98,16.2,32.08,Wallet,completed,4.8
RPD100513,CUST3437,DRV650,Hyderabad,Kukatpally,Kukatpally,2026-07-03 19:47:00,cab economy,11.72,8.3,Very High,16.0,Clear,1.84,155.64,286.38,Cash,Cancelled by Driver,
RPD104440,CUST2598,DRV663,hyderabad ,Kukatpally,Gachibowli,08/06/2026 15:46,cab economy,1.62,8.1,Low,27.0,Cloudy,1.0,34.44,34.44,Wallet,COMPLETED,5.0
RPD101313,CUST2828,DRV177,Mumbai,Bandra,Andheri,01/06/2026 12:11,Auto,1.63,20.5,Low,18.0,Cloudy,1.0,29.67,29.67,cash ,completed,4.9
RPD102558,CUST2581,,Pune,Kothrud,Hinjewadi,2026-07-04 09:52:00,Cab Premium,15.72,8.0,Very High,4.0,Heavy Rain,1.87,297.96,557.19,Cash,Cancelled by Customer,
RPD104724,CUST1418,,bangalore,Electronic City,Koramangala,27-Jun-2026 05:38 AM,BIKE,5.43,13.1,Medium,23.0,Clear,1.1,47.58,52.34,Cash,Cancelled by Customer,
RPD104151,CUST3784,DRV418,mumbai,Bandra,Colaba,2026-06-16 12:09:00,Auto,4.05,9.2,Medium,29.0,Cloudy,1.11,51.45,57.11,wallet,Ongoing,
RPD103892,CUST1830,,Pune,Viman Nagar,Camp,02-Jul-2026 12:00 PM,cab economy,14.0,9.1,Low,26.0,Cloudy,1.0,183.0,183.0,Cash,Cancelled by Customer,
RPD104889,CUST3808,DRV725,Pune,Camp,Hinjewadi,2026-06-23 19:50:00,BIKE,3.26,17.9,High,8.0,Cloudy,1.32,34.56,45.62,upi,Cancelled by Driver,
RPD104376,CUST3306,DRV788,bangalore,HSR Layout,Koramangala,2026-06-03 11:10:00,Bike,1.56,13.8,Medium,14.0,Clear,1.13,24.36,27.53,Card,completed,4.2
RPD102569,CUST1787,DRV662,Bangalore,Jayanagar,Whitefield,13-Jun-2026 09:31 AM,bike,6.83,34.9,Very High,6.0,Cloudy,1.83,55.98,102.44,,Cancelled by Driver,
RPD100988,CUST3344,DRV560,Hyderabad,Madhapur,Kukatpally,15-Jun-2026 01:55 PM,bike,17.7,39.3,Low,29.0,Fog,1.0,121.2,121.2,UPI,Completed,4.5
RPD104710,CUST3612,DRV206,mumbai,Borivali,Borivali,2026-07-08 18:51:00,BIKE,6.6,8.5,Very High,14.0,Cloudy,1.89,54.6,103.19,Wallet,Completed,5.0
RPD102680,CUST3742,,bangalore,HSR Layout,Whitefield,2026-06-29 11:23:00,BIKE,3.9,12.1,Medium,20.0,Fog,1.08,38.4,Rs. 41.47,UPI,Cancelled by Customer,
RPD100461,CUST1095,DRV448,hyderabad ,Hitech City,Hitech City,13-Jul-2026 05:11 PM,cab economy,1.59,14.4,Low,9.0,Clear,1.0,34.08,34.08,wallet,Completed,4.3
RPD103817,CUST3852,DRV546,Bengaluru,Koramangala,Jayanagar,06-Jul-2026 10:28 PM,Cab Premium,2.96,24.7,Medium,16.0,Cloudy,1.18,68.28,80.57,UPI,Ongoing,
RPD103127,CUST3700,DRV789,Hyderabad,Kukatpally,Madhapur,09-Jul-2026 06:13 AM,Cab Premium,3.15,28.4,Low,12.0,Fog,1.0,71.7,71.7,wallet,Cancelled by Driver,
RPD101715,CUST1309,,BANGALORE,Indiranagar,MG Road,06/07/2026 06:25,bike,7.65,29.0,Very High,27.0,Heavy Rain,1.87,60.9,113.88,Card,Cancelled by Customer,
RPD104930,CUST2246,,mumbai,Bandra,Andheri,2026-06-14 03:19:00,,7.51,10.4,Medium,29.0,Clear,1.16,105.12,121.94,,Cancelled by Customer,
RPD102576,CUST1980,DRV705,BANGALORE,Jayanagar,Indiranagar,2026-06-19 06:58:00,Bike,7.38,22.3,Medium,25.0,Fog,1.11,59.28,65.8,Wallet,Completed,4.7
RPD100718,CUST3980,DRV565,hyderabad ,Banjara Hills,Hitech City,12-Jun-2026 01:34 PM,Bike,2.68,13.3,Low,20.0,Heavy Rain,1.0,31.08,31.08,wallet,Ongoing,
RPD103475,CUST3403,DRV169,Bengaluru,Koramangala,Jayanagar,16-Jul-2026 01:20 PM,Cab Premium,9.19,27.7,Very High,17.0,Heavy Rain,1.98,180.42,357.23,Wallet,Ongoing,
RPD102454,CUST2139,DRV754,Hyderabad,Madhapur,Kukatpally,2026-07-07 21:47:00,,17.78,12.1,Low,21.0,Fog,1.0,228.36,Rs. 228.36,Card,COMPLETED,4.6
RPD101376,CUST3800,,bangalore,Whitefield,Electronic City,18/06/2026 17:21,Auto,4.68,9.7,Medium,26.0,Rain,1.08,57.12,61.69,Cash,Cancelled by Customer,
RPD102832,CUST2088,DRV713,Hyderabad,Banjara Hills,Kukatpally,16-Jul-2026 04:34 PM,Cab Premium,3.38,24.0,Medium,23.0,Clear,1.2,75.84,91.01,UPI,Cancelled by Driver,
RPD100360,CUST1295,DRV137,Bangalore,Koramangala,Whitefield,04/06/2026 10:50,,1.82,25.6,Low,16.0,Cloudy,1.04,36.84,38.31,Cash,COMPLETED,4.3
RPD104534,CUST2787,DRV587,mumbai,Colaba,Dadar,2026-06-09 04:03:00,Bike,2.35,25.7,Low,8.0,Clear,1.04,29.1,30.26,,Ongoing,
RPD100888,CUST1315,DRV168,Bengaluru,HSR Layout,Whitefield,2026-06-11 16:04:00,BIKE,10.01,6.2,Very High,21.0,Heavy Rain,1.98,75.06,148.62,upi,completed,3.7
RPD102229,CUST3031,DRV293,BANGALORE,MG Road,HSR Layout,2026-06-11 00:17:00,Auto,2.56,16.2,Very High,14.0,Rain,1.91,38.04,72.66,,Ongoing,
RPD100842,CUST1141,DRV759,BANGALORE,Whitefield,Koramangala,2026-06-08 01:55:00,Cab Premium,5.15,3.7,Medium,20.0,Fog,1.13,107.7,121.7,Card,completed,4.9
RPD103650,CUST2595,DRV443,mumbai,Bandra,Dadar,15-Jun-2026 03:05 AM,Cab Premium,3.25,32.6,Low,13.0,Cloudy,1.0,73.5,73.5,UPI,Ongoing,
RPD101779,CUST2693,DRV368,Bangalore,HSR Layout,Indiranagar,06-Jun-2026 04:46 PM,Cab Premium,5.96,13.5,Low,32.0,Clear,1.0,122.28,122.28,upi,Completed,4.4
RPD101306,CUST2530,DRV123,Pune,Baner,Baner,26-Jun-2026 08:21 PM,auto,4.22,14.8,Very High,3.0,Heavy Rain,1.94,52.98,102.78,,Ongoing,
RPD103994,CUST3171,DRV366,BANGALORE,Whitefield,Whitefield,2026-06-13 02:58:00,,4.64,12.0,Medium,26.0,Rain,1.13,70.68,79.87,wallet,COMPLETED,
RPD100528,CUST1006,DRV418,Bengaluru,Whitefield,Koramangala,2026-06-19 02:07:00,bike,3.59,10.5,Medium,24.0,Fog,1.13,36.54,41.29,UPI,Ongoing,
RPD101442,CUST1215,,Mumbai,Powai,Andheri,2026-07-10 05:13:00,auto,5.84,4.4,Low,18.0,Cloudy,1.07,67.56,72.29,upi,Cancelled by Customer,
RPD104549,CUST2182,DRV411,BANGALORE,Whitefield,Koramangala,2026-06-23 14:49:00,Cab Economy,3.19,8.4,Medium,19.0,,1.21,53.28,64.47,upi,Completed,4.2
RPD103364,CUST1761,DRV763,bangalore,HSR Layout,Jayanagar,2026-07-15 07:04:00,Bike,6.79,20.7,Medium,24.0,,1.15,55.74,64.1,UPI,Cancelled by Driver,
RPD101869,CUST1090,DRV689,BANGALORE,MG Road,Koramangala,11-Jun-2026 11:18 PM,BIKE,9.94,17.6,Low,24.0,Fog,1.0,74.64,74.64,Card,COMPLETED,4.6
RPD104934,CUST2921,DRV619,mumbai,Andheri,Powai,11-Jun-2026 11:50 AM,Cab Premium,3.36,15.5,Very High,26.0,Rain,1.91,75.48,144.17,upi,Ongoing,
RPD100135,CUST1066,DRV367,hyderabad ,Banjara Hills,Banjara Hills,17-Jun-2026 11:32 AM,cab economy,4.45,21.9,Low,17.0,Heavy Rain,1.01,68.4,69.08,wallet,completed,5.0
RPD104148,CUST2866,DRV311,BANGALORE,Koramangala,Jayanagar,28-Jun-2026 03:57 AM,cab economy,0.83,26.6,Low,27.0,Cloudy,1.0,24.96,24.96,upi,Ongoing,
RPD102223,CUST3593,DRV339,BANGALORE,MG Road,Indiranagar,25/06/2026 09:53,BIKE,2.3,8.9,Very High,2.0,Heavy Rain,1.82,28.8,52.42,Wallet,Ongoing,
RPD103682,CUST2869,DRV201,mumbai,Colaba,Bandra,2026-07-10 10:16:00,cab economy,7.64,7.5,Very High,14.0,Rain,1.88,106.68,200.56,wallet,Cancelled by Driver,
RPD104297,CUST3692,DRV545,BANGALORE,Indiranagar,HSR Layout,2026-06-26 18:44:00,cab economy,6.59,11.1,Very High,17.0,Rain,1.91,94.08,179.69,upi,COMPLETED,4.9
RPD103569,CUST2204,DRV559,Hyderabad,Gachibowli,Banjara Hills,2026-07-14 03:59:00,cab economy,9.55,3.9,Very High,19.0,Rain,1.94,129.6,251.42,Card,Completed,
RPD100525,CUST1996,DRV316,BANGALORE,Jayanagar,Electronic City,2026-07-07 22:32:00,,3.12,6.1,Low,26.0,Cloudy,1.0,52.44,52.44,Cash,COMPLETED,5.0
RPD102951,CUST1860,DRV252,bangalore,Whitefield,Indiranagar,2026-06-23 21:48:00,Bike,3.6,18.2,Very High,24.0,Rain,1.88,36.6,68.81,wallet,completed,4.0
RPD100911,CUST1011,DRV207,BANGALORE,Indiranagar,Electronic City,09-Jul-2026 03:17 PM,Bike,2.66,7.7,Low,22.0,,1.0,30.96,30.96,,Cancelled by Driver,
RPD103637,CUST1189,DRV145,hyderabad ,Gachibowli,Gachibowli,12-Jun-2026 05:24 AM,Cab Premium,6.2,14.2,Low,10.0,Fog,1.0,126.6,126.6,wallet,Completed,4.3
RPD100504,CUST1395,DRV780,Bangalore,Jayanagar,HSR Layout,13-Jun-2026 07:23 AM,Bike,4.8,9.8,Low,26.0,Clear,1.01,43.8,44.24,Cash,completed,3.7
RPD103304,CUST2630,DRV534,Pune,Baner,Kothrud,18/06/2026 00:32,Bike,1.75,18.3,Low,16.0,Clear,1.11,25.5,28.31,,Cancelled by Driver,
RPD100125,CUST2824,DRV156,bangalore,Koramangala,Jayanagar,06/07/2026 16:12,,2.53,51.0,Low,20.0,Cloudy,1.02,45.36,46.27,,Completed,4.7
RPD100934,CUST1546,,Hyderabad,Madhapur,Hitech City,2026-07-08 14:22:00,auto,1.18,26.3,Medium,24.0,Cloudy,1.11,25.62,28.44,UPI,Cancelled by Customer,
RPD101471,CUST2900,DRV785,mumbai,Dadar,Andheri,2026-07-15 02:50:00,bike,2.19,10.7,Low,18.0,Fog,1.0,28.14,28.14,UPI,completed,4.6
RPD103777,CUST2335,DRV726,BANGALORE,Whitefield,Electronic City,05/07/2026 04:43,BIKE,2.72,15.9,Low,17.0,Cloudy,1.01,31.32,31.63,upi,Completed,4.6
RPD101285,CUST3367,DRV473,Pune,Camp,Baner,2026-07-06 11:54:00,Cab Premium,4.08,16.7,Low,18.0,Cloudy,1.0,88.44,88.44,Cash,COMPLETED,4.6
RPD102655,CUST1322,DRV684,Pune,Kothrud,Baner,2026-06-15 05:45:00,Auto,4.6,17.5,Low,15.0,Cloudy,1.03,56.4,58.09,UPI,Ongoing,
RPD103528,CUST1645,,BANGALORE,Indiranagar,Whitefield,06/06/2026 00:42,BIKE,6.28,21.5,Very High,5.0,Heavy Rain,1.9,52.68,100.09,wallet,Cancelled by Customer,
,,,,,,,,,,,,,,,,,,
RPD101095,CUST3953,DRV627,Pune,Camp,Camp,07-Jul-2026 06:55 AM,auto,0.99,27.7,Low,25.0,Cloudy,1.0,23.91,23.91,Cash,Ongoing,
RPD101922,CUST2599,DRV772,BANGALORE,MG Road,Jayanagar,2026-06-06 00:42:00,Auto,6.2,26.2,Medium,23.0,Cloudy,1.15,70.8,81.42,,completed,4.3
RPD101184,CUST1736,DRV143,BANGALORE,Electronic City,Whitefield,21/06/2026 21:44,BIKE,2.77,18.7,Low,9.0,,1.0,31.62,31.62,wallet,COMPLETED,3.8
RPD100225,CUST3419,DRV594,Pune,Baner,Viman Nagar,2026-06-25 22:54:00,BIKE,2.84,7.3,Medium,24.0,Clear,1.2,32.04,38.45,,completed,4.4
RPD102227,CUST1587,DRV524,BANGALORE,Koramangala,Jayanagar,2026-06-15 21:33:00,,999.0,19.3,Medium,23.0,Heavy Rain,1.22,12003.0,14643.66,Wallet,Cancelled by Driver,
RPD104906,CUST1401,DRV661,Hyderabad,Banjara Hills,Gachibowli,2026-06-03 19:41:00,auto,4.15,7.0,High,0.0,Fog,1.35,52.35,70.67,Cash,Ongoing,
RPD101727,CUST1043,DRV143,Hyderabad,Kukatpally,Hitech City,23/06/2026 07:55,BIKE,14.36,12.7,Low,21.0,,1.0,101.16,101.16,cash ,Cancelled by Driver,
RPD103037,CUST3515,DRV142,hyderabad ,Banjara Hills,Gachibowli,2026-06-30 01:00:00,BIKE,8.42,24.1,Very High,25.0,Rain,1.98,65.52,129.73,Wallet,completed,5.0
RPD103192,CUST3624,DRV178,hyderabad ,Gachibowli,Gachibowli,23/06/2026 05:07,Cab Premium,4.89,19.2,Very High,18.0,Heavy Rain,1.79,103.02,184.41,Wallet,COMPLETED,4.0
RPD101372,CUST3573,DRV121,BANGALORE,Koramangala,Jayanagar,2026-07-05 00:43:00,Bike,1.35,29.5,Very High,24.0,Rain,1.9,23.1,43.89,,Cancelled by Driver,
RPD102681,CUST2554,DRV219,mumbai,Dadar,Andheri,2026-06-22 10:30:00,auto,6.01,5.5,Low,35.0,Clear,1.0,69.09,69.09,wallet,COMPLETED,3.4
RPD100685,CUST1082,,Mumbai,Borivali,Andheri,2026-06-25 20:25:00,bike,4.55,11.2,High,7.0,Clear,1.52,42.3,64.3,UPI,Cancelled by Customer,
RPD102062,CUST3556,DRV448,BANGALORE,MG Road,Indiranagar,2026-07-07 09:00:00,Auto,4.53,24.2,High,14.0,,1.4,55.77,78.08,Card,Completed,4.1
RPD100828,CUST3220,DRV689,Hyderabad,Gachibowli,Kukatpally,2026-07-09 22:11:00,Bike,1.34,46.1,Low,20.0,Cloudy,1.02,23.04,Rs. 23.5,cash ,completed,4.2
RPD101262,CUST1607,,Mumbai,Dadar,Dadar,2026-06-02 14:20:00,auto,4.77,24.9,Low,21.0,Fog,1.03,57.93,59.67,UPI,Cancelled by Customer,
RPD104957,CUST2387,DRV561,Bengaluru,HSR Layout,MG Road,15-Jun-2026 02:22 AM,Auto,4.12,14.4,Low,16.0,Cloudy,1.07,52.08,55.73,,Ongoing,
RPD103488,CUST3624,DRV247,BANGALORE,HSR Layout,Electronic City,13-Jun-2026 11:46 PM,bike,3.43,14.5,Low,19.0,,1.0,35.58,35.58,upi,Cancelled by Driver,
RPD100633,CUST1113,,hyderabad ,Gachibowli,Kukatpally,28/06/2026 03:08,Cab Economy,6.67,24.1,Low,23.0,Cloudy,1.05,95.04,99.79,UPI,Cancelled by Customer,
RPD101802,CUST3796,DRV206,bangalore,MG Road,Indiranagar,29/06/2026 18:51,Cab Economy,-7.61,3.0,Very High,3.0,Cloudy,1.98,16.2,32.08,upi,Cancelled by Driver,
RPD102291,CUST1058,DRV341,Pune,Baner,Kothrud,2026-06-26 06:04:00,auto,7.61,28.2,Low,9.0,Cloudy,1.09,83.49,91.0,cash ,completed,4.8
RPD101307,CUST1423,DRV678,Bangalore,Electronic City,Jayanagar,05-Jul-2026 01:19 PM,Cab Economy,8.63,24.7,Medium,26.0,Cloudy,1.14,118.56,Rs. 135.16,Cash,Completed,5.0
RPD104263,CUST3739,DRV793,bangalore,Jayanagar,Electronic City,2026-07-01 06:07:00,BIKE,1.68,9.7,Medium,18.0,Cloudy,1.04,25.08,26.08,upi,Completed,4.6
RPD101242,CUST3926,DRV730,Bangalore,MG Road,MG Road,02-Jul-2026 10:37 PM,BIKE,1.03,43.3,Very High,20.0,Heavy Rain,1.9,21.18,40.24,Card,Completed,3.5
RPD104170,CUST2677,DRV366,hyderabad ,Gachibowli,Madhapur,14/07/2026 04:52,Bike,4.43,13.4,Very High,10.0,Rain,1.89,41.58,78.59,Cash,Completed,4.6
RPD101461,CUST1362,DRV129,Bengaluru,Electronic City,Electronic City,2026-07-05 21:04:00,,1.72,10.4,Low,28.0,Clear,1.03,35.64,36.71,cash ,completed,5.0
RPD101398,CUST1009,DRV540,Mumbai,Borivali,Andheri,2026-06-09 15:17:00,Cab Economy,5.32,10.4,Medium,19.0,Fog,1.08,78.84,85.15,Cash,Ongoing,
RPD100963,CUST1458,,bangalore,HSR Layout,Electronic City,27-Jun-2026 05:46 PM,BIKE,999.0,12.5,Low,30.0,Rain,1.05,6009.0,Rs. 6309.45,Cash,Cancelled by Customer,
RPD104617,CUST3425,DRV324,bangalore,Electronic City,Electronic City,15-Jun-2026 06:35 AM,bike,2.82,17.2,Medium,30.0,Clear,1.26,31.92,40.22,Wallet,COMPLETED,3.8
RPD101278,CUST2944,DRV219,Bangalore,Indiranagar,Indiranagar,2026-06-04 22:12:00,Bike,4.5,12.5,Medium,18.0,Clear,1.12,42.0,47.04,cash ,completed,5.0
RPD104438,CUST2976,DRV459,bangalore,Koramangala,Electronic City,01-Jul-2026 10:18 PM,Cab Economy,4.12,9.3,Medium,30.0,Fog,1.19,64.44,76.68,,completed,4.9
RPD100746,CUST1748,DRV298,BANGALORE,HSR Layout,Koramangala,2026-06-21 16:30:00,auto,6.51,10.4,Low,20.0,Clear,1.0,73.59,73.59,upi,Ongoing,
RPD102170,CUST1495,DRV576,Bengaluru,Indiranagar,MG Road,19/06/2026 12:22,,1.18,10.2,Medium,18.0,Heavy Rain,1.23,29.16,35.87,Wallet,COMPLETED,5.0
RPD103445,CUST2657,DRV437,mumbai,Powai,Colaba,2026-06-21 06:56:00,,19.45,24.4,Low,14.0,Fog,1.0,248.4,248.4,upi,COMPLETED,
RPD104181,CUST3885,,Pune,Hinjewadi,Hinjewadi,08/07/2026 21:44,BIKE,7.9,9.2,Low,11.0,,1.05,62.4,65.52,,Cancelled by Customer,
RPD100142,CUST2358,DRV493,mumbai,Andheri,Bandra,08-Jul-2026 04:48 AM,auto,9.97,23.2,Very High,27.0,Rain,1.92,104.73,201.08,Cash,Ongoing,
RPD101116,CUST3383,DRV591,Bangalore,Jayanagar,Jayanagar,22/06/2026 07:30,Auto,6.89,17.4,Low,14.0,Clear,1.0,77.01,77.01,Cash,Ongoing,
RPD100805,CUST2839,DRV231,Bengaluru,MG Road,MG Road,2026-06-18 13:44:00,Auto,6.53,23.0,Medium,6.0,Cloudy,1.12,73.77,Rs. 82.62,cash ,Completed,4.0
RPD103296,CUST3718,,Hyderabad,Kukatpally,Hitech City,14/07/2026 16:51,cab economy,7.36,48.9,Low,24.0,Heavy Rain,1.0,103.32,103.32,Wallet,Cancelled by Customer,
RPD100530,CUST3893,DRV687,Mumbai,Bandra,Dadar,14/07/2026 14:09,Bike,5.16,12.0,Low,21.0,Fog,1.02,45.96,46.88,,Cancelled by Driver,
RPD103760,CUST1639,DRV172,BANGALORE,Electronic City,Koramangala,13/07/2026 07:09,bike,0.9,16.8,Very High,27.0,Heavy Rain,2.03,20.4,41.41,wallet,Ongoing,
RPD100201,CUST1789,DRV229,bangalore,HSR Layout,Jayanagar,16/07/2026 01:32,BIKE,1.9,17.2,Low,12.0,Clear,1.0,26.4,26.4,UPI,completed,5.0
RPD100455,CUST3997,,bangalore,Whitefield,MG Road,04/07/2026 12:37,cab economy,2.89,12.6,Medium,8.0,,1.22,49.68,60.61,wallet,Cancelled by Customer,
RPD103744,CUST3297,DRV377,hyderabad ,Hitech City,Hitech City,2026-07-15 13:03:00,Cab Premium,7.53,22.8,Low,28.0,Fog,1.09,150.54,164.09,,completed,4.7
RPD103648,CUST3192,DRV319,Pune,Viman Nagar,Camp,2026-07-16 00:35:00,Bike,4.48,17.3,Low,20.0,,1.0,41.88,41.88,UPI,completed,3.9
RPD102780,CUST1361,DRV375,mumbai,Dadar,Powai,05/06/2026 22:25,cab economy,3.86,15.2,Low,11.0,Clear,1.0,61.32,61.32,cash ,COMPLETED,4.0
RPD103945,CUST3150,,Pune,Camp,Camp,22/06/2026 06:23,,4.75,19.9,Low,24.0,Rain,1.04,72.0,74.88,Cash,Cancelled by Customer,
RPD104484,CUST1909,DRV178,Pune,Viman Nagar,Hinjewadi,22/06/2026 00:38,Cab Economy,0.59,22.3,Low,35.0,Cloudy,1.0,22.08,22.08,Wallet,Cancelled by Driver,
RPD100441,CUST3655,DRV527,Bangalore,HSR Layout,HSR Layout,02/07/2026 16:37,cab economy,3.73,20.4,Low,16.0,Rain,1.0,59.76,59.76,,Completed,3.0
RPD102002,CUST1756,DRV471,bangalore,Electronic City,Indiranagar,02/07/2026 04:55,Cab Premium,2.0,9.4,Low,20.0,Heavy Rain,1.1,51.0,56.1,Wallet,Cancelled by Driver,
RPD103176,CUST2511,DRV652,Bengaluru,HSR Layout,Indiranagar,2026-06-22 06:12:00,Cab Premium,4.29,14.2,Medium,14.0,Cloudy,1.14,92.22,105.13,Card,Ongoing,
RPD102977,CUST2789,,Hyderabad,Kukatpally,Gachibowli,29/06/2026 17:58,Cab Premium,1.54,33.5,Low,18.0,Heavy Rain,1.01,42.72,43.15,wallet,Cancelled by Customer,
RPD100433,CUST1380,,mumbai,Colaba,Bandra,2026-07-02 14:56:00,bike,0.65,39.3,Medium,19.0,Cloudy,1.2,18.9,22.68,UPI,Cancelled by Customer,
RPD101747,CUST1441,DRV480,Bengaluru,Jayanagar,HSR Layout,16-Jul-2026 03:30 PM,Cab Premium,-6.06,9.9,Low,16.0,Cloudy,1.01,16.8,16.97,Card,completed,5.0
RPD104546,CUST1072,,Bengaluru,Jayanagar,Electronic City,04/06/2026 03:48,Cab Economy,7.15,6.0,Very High,27.0,Rain,1.93,100.8,194.54,UPI,Cancelled by Customer,
RPD103259,CUST2175,DRV575,Bengaluru,HSR Layout,Koramangala,01-Jun-2026 05:55 PM,Bike,3.51,29.2,Medium,15.0,Clear,1.19,36.06,42.91,Card,Completed,4.0
RPD102220,CUST3402,DRV323,Bengaluru,Koramangala,Whitefield,21/06/2026 15:30,,3.51,20.1,Very High,16.0,Rain,1.95,57.12,111.38,Card,Completed,
RPD103262,CUST1689,DRV310,hyderabad ,Gachibowli,Gachibowli,18-Jun-2026 06:05 AM,BIKE,6.12,27.2,Low,11.0,Heavy Rain,1.02,51.72,52.75,UPI,completed,4.9
RPD103916,CUST3418,,mumbai,Borivali,Colaba,2026-07-05 15:40:00,Auto,14.5,14.6,Medium,32.0,Fog,1.12,145.5,162.96,Card,Cancelled by Customer,
RPD102104,CUST2556,DRV241,Hyderabad,Hitech City,Hitech City,16-Jun-2026 08:15 AM,BIKE,3.05,18.2,Very High,13.0,Heavy Rain,1.9,33.3,63.27,Wallet,COMPLETED,4.6
RPD104807,CUST2335,DRV103,mumbai,Dadar,Powai,14/06/2026 04:56,Cab Economy,5.96,9.3,Low,23.0,Clear,1.0,86.52,86.52,wallet,completed,4.9
RPD104437,CUST2042,DRV254,mumbai,Andheri,Andheri,14-Jun-2026 09:38 PM,BIKE,3.18,30.5,Very High,18.0,Rain,1.91,34.08,65.09,Wallet,Ongoing,
RPD100985,CUST2323,DRV148,BANGALORE,HSR Layout,HSR Layout,2026-07-05 18:22:00,,4.97,8.6,Very High,5.0,Heavy Rain,1.9,74.64,141.82,Cash,Ongoing,
RPD102574,CUST3475,DRV581,Mumbai,Bandra,Colaba,03/07/2026 05:37,BIKE,4.68,21.3,Low,18.0,Clear,1.0,43.08,43.08,UPI,Cancelled by Driver,
RPD104541,CUST2640,DRV631,Bangalore,Whitefield,Jayanagar,2026-07-01 16:54:00,Auto,8.04,11.6,Low,10.0,Cloudy,1.0,87.36,87.36,Wallet,completed,4.1
RPD102752,CUST2550,DRV763,Bangalore,Jayanagar,Indiranagar,2026-06-01 14:04:00,Cab Premium,10.64,21.3,Low,23.0,Fog,1.0,206.52,206.52,wallet,COMPLETED,4.3
RPD102817,CUST3421,DRV363,BANGALORE,Jayanagar,MG Road,2026-07-10 14:45:00,BIKE,4.17,20.4,Low,19.0,Fog,1.0,40.02,40.02,Cash,Completed,4.3
RPD101773,CUST2212,DRV778,Bangalore,HSR Layout,MG Road,2026-07-08 17:39:00,Cab Premium,3.63,22.5,Very High,16.0,Heavy Rain,1.91,80.34,153.45,Wallet,Completed,3.7
RPD104492,CUST3196,DRV373,bangalore,HSR Layout,MG Road,2026-07-07 04:44:00,,0.94,25.6,Low,18.0,Fog,1.0,26.28,26.28,Card,COMPLETED,4.3
RPD102517,CUST2433,,Bengaluru,Jayanagar,MG Road,18/06/2026 15:31,auto,5.61,13.1,Medium,11.0,Fog,1.04,65.49,68.11,UPI,Cancelled by Customer,
RPD100822,CUST1683,DRV153,bangalore,Whitefield,Electronic City,02-Jul-2026 12:39 AM,auto,2.27,14.9,Very High,24.0,Rain,1.88,35.43,66.61,cash ,Cancelled by Driver,
RPD102087,CUST3720,DRV607,hyderabad ,Kukatpally,Madhapur,29/06/2026 20:50,cab economy,3.59,13.7,High,13.0,Clear,1.34,58.08,77.83,Card,completed,4.6
RPD102654,CUST3455,DRV572,Pune,Baner,Kothrud,2026-07-06 20:19:00,Cab Economy,2.85,8.1,High,10.0,,1.45,49.2,71.34,Cash,Cancelled by Driver,
RPD101051,CUST2823,DRV716,Bangalore,Electronic City,Electronic City,2026-06-15 08:34:00,Bike,5.24,38.6,High,16.0,Cloudy,1.52,46.44,70.59,upi,Ongoing,
RPD103413,CUST2714,DRV564,bangalore,HSR Layout,Jayanagar,2026-07-15 00:04:00,Cab Premium,4.0,23.5,Medium,24.0,Cloudy,1.14,87.0,99.18,Card,Completed,
RPD100377,CUST2130,DRV214,Hyderabad,Madhapur,Banjara Hills,14-Jul-2026 10:51 PM,cab economy,9.28,11.1,Low,17.0,Clear,1.0,126.36,126.36,Cash,Completed,4.9
RPD100593,CUST2400,,bangalore,Indiranagar,Koramangala,2026-06-18 12:05:00,,3.04,37.7,Medium,20.0,Rain,1.13,51.48,58.17,Card,Cancelled by Customer,
RPD104138,CUST1448,DRV258,Hyderabad,Banjara Hills,Banjara Hills,2026-06-16 14:46:00,BIKE,7.89,23.5,Very High,30.0,Rain,1.95,62.34,121.56,upi,Completed,4.2
RPD102080,CUST2341,DRV727,bangalore,Electronic City,Jayanagar,17/06/2026 17:17,Cab Economy,9.26,6.5,Low,15.0,Fog,1.0,126.12,126.12,upi,completed,4.1
RPD103065,CUST3205,DRV278,bangalore,HSR Layout,Koramangala,15-Jun-2026 10:43 AM,,10.6,29.0,Low,21.0,,1.03,142.2,146.47,Wallet,Cancelled by Driver,
RPD100164,CUST2322,DRV390,Hyderabad,Banjara Hills,Madhapur,01/06/2026 23:05,Cab Economy,6.25,43.0,Low,14.0,Clear,1.0,90.0,90.0,Wallet,completed,5.0
RPD101410,CUST2665,DRV647,BANGALORE,Whitefield,Jayanagar,20-Jun-2026 08:04 AM,auto,6.69,23.1,High,8.0,Clear,1.4,75.21,105.29,wallet,Ongoing,
RPD104978,CUST2064,,BANGALORE,Whitefield,Koramangala,2026-06-03 22:35:00,cab economy,2.49,3.4,Low,35.0,Fog,1.05,44.88,47.12,,Cancelled by Customer,
RPD101377,CUST3780,DRV795,BANGALORE,Koramangala,Whitefield,2026-06-15 19:57:00,auto,-8.28,18.8,Very High,5.0,Heavy Rain,1.89,15.9,30.05,Cash,Completed,4.0
RPD101041,CUST3387,DRV682,Hyderabad,Kukatpally,Madhapur,18-Jun-2026 07:14 AM,Auto,0.63,33.1,Medium,16.0,,1.15,20.67,23.77,upi,Cancelled by Driver,
RPD102671,CUST1825,DRV529,Bangalore,Koramangala,Whitefield,2026-07-16 02:54:00,auto,999.0,9.9,Medium,14.0,Cloudy,1.15,9006.0,10356.9,Cash,Completed,4.5
RPD100613,CUST2700,DRV408,Mumbai,Andheri,Borivali,2026-07-07 00:58:00,Bike,3.36,3.8,Low,20.0,Fog,1.05,35.16,36.92,Card,Completed,5.0
RPD101355,CUST3166,DRV517,hyderabad ,Banjara Hills,Banjara Hills,2026-07-16 12:26:00,Cab Premium,3.39,34.2,Medium,19.0,Clear,1.12,76.02,85.14,Card,Ongoing,
RPD102993,CUST2939,DRV641,Mumbai,Bandra,Colaba,2026-06-23 20:42:00,,3.22,31.9,Very High,13.0,,1.85,53.64,99.23,,COMPLETED,3.9
RPD103228,CUST3448,DRV147,hyderabad ,Banjara Hills,Madhapur,13-Jul-2026 12:06 AM,Cab Economy,1.27,14.8,Low,20.0,,5.59,30.24,169.04,Wallet,COMPLETED,4.5
RPD103211,CUST1217,DRV196,bangalore,Jayanagar,Koramangala,2026-06-12 19:41:00,Cab Economy,1.33,12.3,Very High,2.0,,1.91,30.96,59.13,Card,Completed,4.6
RPD100370,CUST3003,DRV321,BANGALORE,Jayanagar,Whitefield,2026-06-15 09:38:00,BIKE,0.68,4.9,Very High,8.0,Fog,1.84,19.08,35.11,,Ongoing,
RPD102367,CUST1369,DRV570,bangalore,MG Road,Electronic City,09-Jul-2026 01:30 AM,Cab Premium,8.08,11.0,Low,19.0,Fog,1.0,160.44,160.44,upi,completed,5.0
RPD100419,CUST3922,DRV764,Hyderabad,Hitech City,Hitech City,12/07/2026 20:11,Cab Premium,3.73,19.0,Very High,7.0,Rain,1.84,82.14,151.14,Cash,Ongoing,
RPD100284,CUST1324,DRV532,Pune,Viman Nagar,Camp,2026-06-15 00:35:00,Cab Premium,5.15,15.7,Very High,26.0,Rain,1.93,107.7,207.86,cash ,Cancelled by Driver,
RPD104922,CUST1661,DRV523,bangalore,Koramangala,MG Road,24/06/2026 11:38,auto,3.78,34.5,Very High,12.0,Rain,1.9,49.02,93.14,Cash,completed,4.0
RPD100872,CUST3135,DRV394,mumbai,Dadar,Dadar,09-Jul-2026 07:47 AM,,3.21,15.0,Medium,29.0,Cloudy,1.18,53.52,63.15,,Ongoing,
RPD103003,CUST1576,,Bangalore,Electronic City,Indiranagar,07-Jul-2026 02:53 AM,auto,3.85,23.7,Very High,17.0,Heavy Rain,1.87,49.65,92.85,Wallet,Cancelled by Customer,
RPD100355,CUST1894,,Bangalore,HSR Layout,HSR Layout,22-Jun-2026 01:16 AM,cab economy,6.85,6.4,Low,22.0,Rain,1.03,97.2,100.12,upi,Cancelled by Customer,
RPD104646,CUST1241,DRV180,Hyderabad,Gachibowli,Banjara Hills,15-Jul-2026 11:42 AM,cab economy,1.6,14.0,Medium,15.0,Cloudy,1.15,34.2,39.33,wallet,Cancelled by Driver,
RPD102726,CUST3913,DRV191,Bangalore,Jayanagar,HSR Layout,2026-06-03 00:01:00,Cab Economy,4.04,15.7,Very High,25.0,Heavy Rain,1.87,63.48,118.71,wallet,Cancelled by Driver,
RPD100315,CUST3627,DRV139,mumbai,Dadar,Bandra,2026-06-28 12:49:00,Cab Economy,0.72,13.6,Medium,14.0,Cloudy,1.25,23.64,29.55,upi,Ongoing,
RPD101782,CUST3077,,BANGALORE,Whitefield,Indiranagar,2026-07-10 13:48:00,Auto,0.56,9.0,Medium,21.0,,1.16,20.04,23.25,upi,Cancelled by Customer,
RPD101280,CUST2395,,Bangalore,MG Road,Electronic City,17/06/2026 03:37,,4.47,10.0,Low,22.0,Heavy Rain,1.04,68.64,71.39,cash ,Cancelled by Customer,
RPD103061,CUST1988,DRV108,Bengaluru,Electronic City,MG Road,2026-07-12 01:46:00,Cab Premium,3.82,19.5,Low,20.0,Rain,1.03,83.76,86.27,UPI,completed,3.6
RPD102821,CUST2332,DRV219,mumbai,Dadar,Colaba,2026-06-12 01:35:00,bike,5.43,17.1,Low,20.0,,1.0,47.58,47.58,Cash,completed,4.2
RPD101648,CUST2134,DRV781,Pune,Kothrud,Kothrud,2026-07-08 00:56:00,Auto,8.76,21.5,Low,20.0,Fog,1.12,93.84,105.1,,Ongoing,
RPD102410,CUST1448,DRV548,hyderabad ,Hitech City,Banjara Hills,15-Jul-2026 11:35 PM,cab economy,6.84,27.1,Medium,15.0,,1.25,97.08,121.35,UPI,COMPLETED,4.0
RPD104627,CUST1656,DRV567,Mumbai,Colaba,Dadar,2026-07-08 09:39:00,BIKE,9.3,16.5,Very High,15.0,Rain,1.85,70.8,130.98,Card,Completed,4.5
RPD101597,CUST3081,DRV165,Mumbai,Borivali,Andheri,06/07/2026 23:39,cab economy,6.55,24.8,Medium,16.0,,1.13,93.6,105.77,upi,Completed,3.7
RPD101845,CUST3380,DRV318,hyderabad ,Madhapur,Kukatpally,2026-07-01 10:18:00,auto,8.8,10.2,Low,18.0,Clear,1.0,94.2,Rs. 94.2,wallet,completed,4.1
RPD101470,CUST2565,DRV160,BANGALORE,Koramangala,Indiranagar,2026-06-21 06:04:00,bike,1.66,12.1,Low,18.0,Cloudy,1.04,24.96,25.96,upi,Ongoing,
RPD103907,CUST2740,DRV102,Bengaluru,Whitefield,Jayanagar,13-Jun-2026 07:23 AM,Bike,4.3,6.3,Very High,13.0,Heavy Rain,1.92,40.8,78.34,wallet,Ongoing,
RPD104874,CUST3517,,bangalore,Jayanagar,HSR Layout,12-Jul-2026 08:29 AM,bike,11.08,18.0,Very High,2.0,Heavy Rain,1.85,81.48,150.74,wallet,Cancelled by Customer,
RPD101602,CUST1228,DRV620,mumbai,Bandra,Colaba,2026-07-05 19:45:00,auto,1.17,26.8,Very High,8.0,,1.91,25.53,48.76,Cash,COMPLETED,4.6
RPD104720,CUST2685,DRV757,Bengaluru,Electronic City,Whitefield,19/06/2026 03:18,bike,10.04,58.0,Low,15.0,,1.0,75.24,75.24,upi,completed,4.4
RPD100400,CUST2984,,Pune,Hinjewadi,Kothrud,2026-06-28 23:31:00,auto,7.18,17.5,Medium,19.0,,1.13,79.62,89.97,Card,Cancelled by Customer,
RPD104944,CUST3622,DRV240,bangalore,MG Road,Indiranagar,2026-06-02 01:05:00,bike,3.25,15.6,Medium,20.0,Clear,1.1,34.5,37.95,Card,completed,5.0
RPD100459,CUST2136,DRV761,BANGALORE,Electronic City,MG Road,2026-06-30 14:42:00,Cab Premium,3.95,11.2,Low,14.0,Cloudy,1.0,86.1,86.1,upi,COMPLETED,4.3
RPD104179,CUST3535,DRV355,bangalore,Indiranagar,Jayanagar,16/07/2026 10:32,Cab Economy,0.6,15.4,Low,22.0,Heavy Rain,1.05,22.2,23.31,UPI,Ongoing,
RPD103111,CUST1463,DRV744,Bengaluru,Electronic City,Indiranagar,2026-07-14 16:03:00,auto,2.44,20.7,Very High,12.0,Heavy Rain,1.91,36.96,70.59,,Cancelled by Driver,
RPD101990,CUST1247,,mumbai,Andheri,Powai,2026-07-13 20:43:00,Bike,3.05,24.4,High,16.0,,1.35,33.3,44.95,,Cancelled by Customer,
RPD101933,CUST1790,,mumbai,Bandra,Colaba,27/06/2026 22:45,,-2.93,9.5,Very High,19.0,Heavy Rain,5.66,16.2,91.69,UPI,Cancelled by Customer,
RPD104485,CUST2644,DRV348,Bengaluru,Jayanagar,Indiranagar,2026-07-09 07:53:00,,0.5,43.3,Medium,18.0,,1.09,21.0,22.89,Card,Ongoing,
RPD104602,CUST2216,DRV413,mumbai,Colaba,Dadar,07-Jun-2026 07:41 AM,auto,6.17,6.3,Medium,23.0,Cloudy,1.21,70.53,85.34,upi,Completed,3.6
RPD100376,CUST3778,DRV645,Bengaluru,Whitefield,Whitefield,2026-06-18 16:43:00,cab economy,3.48,15.4,Medium,25.0,Cloudy,1.16,56.76,65.84,Card,Ongoing,
RPD102683,CUST2526,DRV299,Bengaluru,Jayanagar,MG Road,2026-06-25 19:28:00,auto,9.16,25.4,High,6.0,Cloudy,1.38,97.44,134.47,cash ,completed,4.2
RPD100884,CUST1848,,mumbai,Andheri,Dadar,03-Jul-2026 07:24 PM,bike,7.61,36.2,Very High,0.0,Fog,1.96,60.66,118.89,cash ,Cancelled by Customer,
RPD104780,CUST1467,DRV162,hyderabad ,Hitech City,Gachibowli,2026-07-15 00:44:00,auto,2.1,9.5,Very High,17.0,Heavy Rain,1.91,33.9,64.75,Cash,Cancelled by Driver,
RPD100692,CUST3926,DRV480,Mumbai,Andheri,Dadar,19-Jun-2026 11:59 PM,Cab Economy,5.62,23.5,Low,18.0,Fog,1.0,82.44,82.44,Card,completed,4.8
RPD101789,CUST3607,DRV551,Mumbai,Borivali,Colaba,2026-06-09 16:29:00,bike,7.12,12.5,Medium,8.0,Clear,1.06,57.72,61.18,cash ,completed,4.7
RPD100009,CUST1283,,mumbai,Bandra,Colaba,2026-07-04 00:38:00,auto,-7.94,28.4,Very High,10.0,Rain,1.95,15.9,31.0,Cash,Cancelled by Customer,
RPD104048,CUST1191,DRV502,mumbai,Borivali,Dadar,2026-06-26 07:42:00,Auto,7.15,18.1,Low,20.0,Heavy Rain,1.01,79.35,80.14,Cash,COMPLETED,4.0
RPD104565,CUST1053,DRV771,Mumbai,Dadar,Andheri,26/06/2026 03:21,Bike,5.78,25.6,Very High,15.0,Heavy Rain,1.8,49.68,89.42,,COMPLETED,4.9
RPD100899,CUST3586,DRV780,bangalore,Koramangala,MG Road,30/06/2026 10:39,auto,4.76,17.1,Low,25.0,Fog,1.08,57.84,62.47,Wallet,Cancelled by Driver,
RPD100318,CUST3892,DRV560,Hyderabad,Hitech City,Gachibowli,30/06/2026 18:57,auto,4.45,22.5,Very High,9.0,Heavy Rain,1.86,55.05,102.39,Wallet,Completed,4.6
RPD102249,CUST2660,DRV700,Mumbai,Borivali,Bandra,25-Jun-2026 06:56 PM,bike,1.67,23.3,Very High,13.0,Cloudy,1.8,25.02,45.04,UPI,completed,4.2
RPD104085,CUST3328,DRV409,Hyderabad,Hitech City,Banjara Hills,2026-06-03 03:03:00,auto,1.97,17.6,Low,20.0,Clear,1.0,32.73,32.73,UPI,Completed,4.7
RPD103195,CUST3104,DRV518,Mumbai,Bandra,Dadar,02/07/2026 13:32,Cab Premium,2.67,8.9,Medium,10.0,Cloudy,1.14,63.06,71.89,cash ,completed,5.0
RPD102744,CUST3216,DRV649,BANGALORE,HSR Layout,HSR Layout,03-Jun-2026 03:34 PM,,3.12,18.7,Medium,9.0,Rain,1.14,52.44,59.78,upi,completed,5.0
RPD100509,CUST3654,,Pune,Kothrud,Hinjewadi,16-Jun-2026 11:38 PM,BIKE,2.05,43.4,Very High,12.0,Heavy Rain,1.93,27.3,52.69,Card,Cancelled by Customer,
RPD104966,CUST3926,DRV531,Bengaluru,Indiranagar,Electronic City,2026-06-30 22:55:00,bike,14.3,15.4,Very High,25.0,Heavy Rain,1.96,100.8,197.57,wallet,Completed,5.0
RPD104368,CUST3124,DRV216,Bengaluru,HSR Layout,Electronic City,01/07/2026 20:42,bike,4.45,20.7,Very High,9.0,Clear,1.92,41.7,80.06,,completed,5.0
RPD104143,CUST1676,DRV404,Bangalore,Koramangala,Koramangala,21-Jun-2026 08:43 AM,BIKE,5.09,3.0,Very High,6.0,Rain,1.9,45.54,86.53,Card,completed,3.9
RPD100547,CUST1314,DRV345,Hyderabad,Banjara Hills,Kukatpally,03-Jul-2026 09:17 AM,Auto,4.35,18.3,Very High,0.0,Heavy Rain,1.87,54.15,101.26,upi,Completed,4.2
RPD103060,CUST2317,DRV386,Bangalore,MG Road,MG Road,2026-06-18 04:07:00,Cab Premium,12.2,19.4,Low,26.0,Clear,1.0,234.6,234.6,Wallet,Ongoing,
RPD102379,CUST3155,,BANGALORE,Electronic City,Jayanagar,2026-06-29 16:39:00,Cab Economy,15.06,5.0,Low,20.0,Fog,1.0,195.72,195.72,Card,Cancelled by Customer,
RPD103136,CUST3036,DRV172,Bengaluru,Whitefield,Jayanagar,10-Jun-2026 02:44 AM,Cab Premium,7.13,21.3,Medium,15.0,Clear,1.16,143.34,Rs. 166.27,Card,Cancelled by Driver,
RPD102298,CUST1499,DRV611,BANGALORE,Indiranagar,MG Road,13/07/2026 00:22,Cab Premium,7.11,6.1,Low,15.0,Cloudy,1.0,142.98,142.98,upi,completed,4.8
RPD104833,CUST1529,DRV133,BANGALORE,Jayanagar,Indiranagar,2026-06-15 10:46:00,Bike,3.64,6.4,Very High,15.0,Heavy Rain,1.88,36.84,69.26,UPI,COMPLETED,5.0
RPD104245,CUST2846,DRV636,Hyderabad,Madhapur,Kukatpally,13-Jul-2026 05:43 AM,bike,1.21,14.6,Low,18.0,Heavy Rain,1.0,22.26,22.26,Wallet,COMPLETED,4.4
RPD104799,CUST2458,DRV491,BANGALORE,Indiranagar,Koramangala,2026-06-05 13:12:00,Cab Premium,6.5,27.8,Medium,17.0,Heavy Rain,1.18,132.0,155.76,Card,Ongoing,
RPD102462,CUST3713,DRV437,BANGALORE,Koramangala,Electronic City,2026-06-17 05:02:00,bike,9.66,34.8,Low,20.0,Heavy Rain,1.0,72.96,72.96,Cash,completed,5.0
RPD104423,CUST2147,DRV408,BANGALORE,Jayanagar,Koramangala,2026-06-13 03:23:00,Cab Economy,7.46,17.6,Very High,21.0,Rain,1.94,104.52,202.77,Wallet,completed,4.3
RPD102799,CUST2480,,hyderabad ,Madhapur,Banjara Hills,10-Jul-2026 02:46 AM,Auto,14.59,13.7,Low,13.0,Clear,1.0,146.31,146.31,Wallet,Cancelled by Customer,
RPD101551,CUST2244,DRV359,Mumbai,Powai,Dadar,13-Jul-2026 07:23 PM,auto,3.24,11.4,Very High,4.0,Clear,1.94,44.16,85.67,Wallet,completed,4.0
RPD103978,CUST2889,DRV781,bangalore,Indiranagar,Koramangala,08-Jun-2026 07:52 AM,cab economy,1.81,3.3,Low,15.0,Fog,1.0,36.72,36.72,Cash,COMPLETED,4.3
RPD104476,CUST3749,DRV749,Hyderabad,Banjara Hills,Banjara Hills,2026-07-06 02:18:00,Auto,3.97,11.4,Low,12.0,Heavy Rain,1.0,50.73,50.73,Cash,Completed,4.4
RPD100126,CUST2411,DRV165,BANGALORE,Electronic City,HSR Layout,30/06/2026 18:03,Bike,2.86,54.1,Very High,4.0,Cloudy,1.88,32.16,Rs. 60.46,UPI,Completed,
RPD104354,CUST3599,DRV290,Bengaluru,Koramangala,Whitefield,2026-06-15 11:39:00,Bike,5.27,15.9,Low,31.0,Clear,1.04,46.62,48.48,Wallet,completed,3.7
RPD102339,CUST1065,DRV297,Hyderabad,Madhapur,Gachibowli,01/06/2026 23:00,Bike,-2.79,15.3,Medium,9.0,Heavy Rain,1.01,15.6,15.76,cash ,Cancelled by Driver,
RPD103930,CUST3247,DRV397,hyderabad ,Gachibowli,Banjara Hills,13/07/2026 17:57,Auto,7.84,21.1,Low,22.0,Heavy Rain,1.0,85.56,85.56,Cash,Cancelled by Driver,
RPD103320,CUST2422,,hyderabad ,Gachibowli,Kukatpally,2026-07-03 23:05:00,BIKE,11.43,21.4,Low,12.0,Fog,1.0,83.58,83.58,UPI,Cancelled by Customer,
RPD102922,CUST1039,,Hyderabad,Hitech City,Banjara Hills,2026-06-01 06:20:00,cab economy,0.51,22.8,Medium,10.0,Rain,1.14,21.12,24.08,Card,Cancelled by Customer,
RPD101600,CUST1029,DRV715,hyderabad ,Hitech City,Banjara Hills,2026-06-19 08:10:00,auto,8.79,15.2,Very High,0.0,Rain,1.88,94.11,176.93,Card,Cancelled by Driver,
RPD102611,CUST1992,,bangalore,Indiranagar,Electronic City,05-Jul-2026 11:23 AM,Auto,5.01,22.4,Low,24.0,Cloudy,1.0,60.09,60.09,upi,Cancelled by Customer,
RPD104723,CUST1601,DRV515,Bangalore,Electronic City,Jayanagar,01/07/2026 20:25,,5.24,13.6,Very High,0.0,Fog,1.86,77.88,,Wallet,Completed,5.0
RPD104964,CUST3527,DRV309,Pune,Baner,Baner,21/06/2026 17:02,Auto,9.54,9.2,Medium,14.0,Cloudy,1.09,100.86,109.94,upi,COMPLETED,4.7
RPD102432,CUST3675,DRV559,Bangalore,Whitefield,Jayanagar,2026-07-13 12:11:00,BIKE,999.0,9.4,Low,20.0,,1.0,6009.0,6009.0,Cash,Cancelled by Driver,
RPD101794,CUST2140,DRV358,Pune,Baner,Kothrud,08-Jun-2026 01:53 PM,,7.9,8.1,Medium,23.0,Cloudy,1.12,109.8,122.98,upi,Completed,4.6
RPD101724,CUST3780,DRV440,mumbai,Powai,Colaba,2026-06-10 01:14:00,bike,12.0,15.9,Low,18.0,,1.0,87.0,87.0,Cash,Completed,3.6
RPD101158,CUST2072,DRV399,mumbai,Colaba,Powai,04/07/2026 19:54,Cab Premium,4.9,23.2,Very High,8.0,Heavy Rain,1.86,103.2,191.95,cash ,Cancelled by Driver,
RPD102992,CUST1841,,Bangalore,Indiranagar,MG Road,2026-06-15 11:52:00,auto,4.51,15.0,Medium,21.0,Heavy Rain,1.05,55.59,58.37,Card,Cancelled by Customer,
RPD102541,CUST1185,,Hyderabad,Gachibowli,Madhapur,2026-06-30 19:12:00,BIKE,6.28,15.3,High,12.0,Rain,1.35,52.68,71.12,,Cancelled by Customer,
RPD102751,CUST1656,DRV771,hyderabad ,Madhapur,Madhapur,2026-06-01 00:44:00,cab economy,-12.22,33.8,Low,17.0,Fog,1.0,16.2,16.2,Cash,COMPLETED,3.6
RPD101838,CUST1866,DRV445,bangalore,Jayanagar,Jayanagar,30/06/2026 09:38,Cab Premium,5.0,23.3,Very High,8.0,Fog,1.98,105.0,207.9,wallet,Completed,5.0
RPD101159,CUST3368,DRV561,Mumbai,Borivali,Powai,2026-06-05 09:39:00,Auto,1.99,9.1,High,4.0,Fog,1.4,32.91,46.07,Card,Cancelled by Driver,
RPD100634,CUST1024,DRV573,Pune,Hinjewadi,Kothrud,2026-07-10 09:50:00,,2.68,20.8,High,20.0,Fog,1.37,47.16,64.61,,completed,4.6
RPD101417,CUST3483,DRV427,mumbai,Andheri,Borivali,20-Jun-2026 02:32 AM,,0.5,4.2,Medium,15.0,,1.18,21.0,Rs. 24.78,wallet,COMPLETED,4.5
RPD104586,CUST2376,DRV404,Hyderabad,Kukatpally,Madhapur,2026-06-19 02:44:00,bike,2.39,17.3,Very High,25.0,Heavy Rain,1.91,29.34,56.04,upi,completed,5.0
RPD103632,CUST3439,DRV580,Pune,Camp,Viman Nagar,2026-06-07 09:23:00,cab economy,1.53,16.6,Very High,2.0,Rain,1.86,33.36,62.05,Cash,Ongoing,
RPD100508,CUST2214,DRV306,Pune,Camp,Kothrud,03-Jul-2026 06:45 PM,bike,8.94,8.6,Very High,10.0,Heavy Rain,1.87,68.64,128.36,Cash,completed,4.8
RPD102191,CUST2582,DRV605,BANGALORE,Whitefield,Indiranagar,2026-07-12 01:56:00,cab economy,5.96,19.2,Low,8.0,Fog,1.04,86.52,89.98,UPI,COMPLETED,4.3
RPD100245,CUST1024,DRV756,bangalore,Koramangala,Indiranagar,17/06/2026 17:04,Cab Premium,9.79,32.5,Low,19.0,Cloudy,1.04,191.22,198.87,upi,COMPLETED,4.8
RPD101169,CUST1550,DRV438,Pune,Baner,Viman Nagar,2026-06-12 14:48:00,BIKE,8.04,8.3,Very High,24.0,Rain,1.84,63.24,116.36,wallet,Completed,4.6
RPD101416,CUST2789,DRV571,mumbai,Colaba,Powai,2026-07-10 00:29:00,bike,4.78,13.7,Medium,18.0,Fog,1.19,43.68,51.98,Wallet,Ongoing,
RPD102451,CUST3823,DRV532,Pune,Camp,Viman Nagar,26/06/2026 01:14,Cab Economy,2.37,19.4,Medium,25.0,Clear,1.2,43.44,52.13,wallet,Cancelled by Driver,
RPD104614,CUST1562,DRV469,bangalore,HSR Layout,Koramangala,07/06/2026 13:05,Cab Economy,2.51,9.5,Medium,27.0,Fog,1.07,45.12,48.28,cash ,Cancelled by Driver,
RPD103904,CUST1452,DRV241,Pune,Hinjewadi,Viman Nagar,15/07/2026 11:50,auto,4.13,15.2,Low,17.0,Heavy Rain,1.07,52.17,55.82,upi,Cancelled by Driver,
RPD104026,CUST3538,DRV570,Bangalore,Indiranagar,Indiranagar,11/06/2026 13:02,,4.57,9.7,Low,21.0,Heavy Rain,1.0,69.84,69.84,cash ,COMPLETED,4.7
RPD100301,CUST3467,DRV111,Mumbai,Andheri,Borivali,07-Jul-2026 12:05 PM,Cab Premium,4.58,9.3,Medium,21.0,Cloudy,1.18,97.44,114.98,wallet,COMPLETED,5.0
RPD102018,CUST3454,,Mumbai,Dadar,Powai,2026-06-10 23:52:00,cab economy,2.51,38.8,Medium,32.0,,1.15,45.12,51.89,wallet,Cancelled by Customer,
RPD102502,CUST1438,DRV655,bangalore,MG Road,HSR Layout,2026-07-14 18:40:00,BIKE,9.26,10.3,Very High,20.0,Fog,1.94,70.56,136.89,Cash,completed,4.9
RPD101704,CUST3414,DRV335,BANGALORE,Indiranagar,MG Road,03-Jun-2026 01:34 PM,Auto,3.94,9.6,Very High,14.0,Rain,1.9,50.46,95.87,Card,completed,4.5
RPD103857,CUST1729,DRV248,bangalore,Electronic City,Whitefield,14-Jul-2026 04:45 AM,cab economy,1.47,19.4,Low,30.0,Heavy Rain,1.01,32.64,32.97,Wallet,COMPLETED,3.7
RPD104818,CUST2585,DRV473,Pune,Kothrud,Camp,2026-06-10 10:43:00,auto,8.05,24.0,Low,19.0,Fog,1.0,87.45,87.45,Wallet,Ongoing,
RPD104800,CUST3359,DRV356,BANGALORE,Jayanagar,Koramangala,16/07/2026 05:08,Auto,8.17,19.0,Medium,18.0,Heavy Rain,1.15,88.53,101.81,Cash,COMPLETED,3.7
RPD102787,CUST1979,,Pune,Viman Nagar,Camp,26-Jun-2026 06:31 PM,BIKE,0.5,34.5,Very High,11.0,Rain,1.91,18.0,34.38,upi,Cancelled by Customer,
RPD104968,CUST1056,DRV202,hyderabad ,Gachibowli,Kukatpally,2026-07-14 18:41:00,Bike,10.61,8.5,Very High,15.0,Clear,1.86,78.66,Rs. 146.31,Cash,Ongoing,
RPD102917,CUST3113,DRV158,Pune,Baner,Viman Nagar,2026-06-11 17:46:00,cab economy,4.57,16.6,Medium,13.0,,1.14,69.84,79.62,upi,Ongoing,
RPD103655,CUST1643,DRV715,Hyderabad,Hitech City,Gachibowli,28-Jun-2026 11:36 AM,Bike,9.08,14.0,Low,21.0,Cloudy,1.0,69.48,69.48,UPI,COMPLETED,3.4
RPD104461,CUST3623,DRV321,mumbai,Bandra,Bandra,2026-06-30 01:43:00,,4.5,52.9,Low,24.0,,1.0,69.0,69.0,wallet,Cancelled by Driver,
RPD100863,CUST1140,,Hyderabad,Hitech City,Kukatpally,2026-06-17 17:05:00,bike,3.19,8.7,Low,15.0,Cloudy,1.09,34.14,37.21,Wallet,Cancelled by Customer,
RPD103232,CUST1329,DRV656,Hyderabad,Kukatpally,Hitech City,24/06/2026 01:50,Cab Economy,18.21,18.1,Low,13.0,Clear,1.0,233.52,233.52,wallet,Ongoing,
RPD103401,CUST1086,,Mumbai,Dadar,Colaba,2026-06-04 08:18:00,cab economy,11.93,9.8,High,0.0,,1.33,158.16,210.35,Cash,Cancelled by Customer,
RPD101141,CUST1375,DRV150,Bangalore,Whitefield,Whitefield,01-Jul-2026 10:44 PM,Cab Economy,8.2,18.9,Very High,16.0,Rain,1.88,113.4,213.19,,Completed,5.0
RPD104661,CUST3132,DRV214,Pune,Hinjewadi,Baner,15/07/2026 05:09,bike,7.29,8.2,Medium,19.0,Clear,1.11,58.74,65.2,wallet,Completed,5.0
RPD102041,CUST3411,DRV316,Bengaluru,Koramangala,Jayanagar,15/07/2026 02:03,bike,6.88,6.8,Low,11.0,Cloudy,1.0,56.28,56.28,wallet,COMPLETED,4.4
RPD104452,CUST1040,DRV272,bangalore,Koramangala,Jayanagar,12-Jul-2026 09:39 PM,BIKE,2.19,21.4,Low,19.0,Fog,1.0,28.14,28.14,cash ,Ongoing,
RPD103388,CUST3784,DRV624,mumbai,Colaba,Andheri,23-Jun-2026 08:10 AM,,5.24,18.4,High,8.0,Heavy Rain,1.4,77.88,109.03,,Completed,3.7
RPD103613,CUST1693,,Pune,Hinjewadi,Baner,2026-07-08 03:12:00,bike,2.18,5.0,Low,24.0,Rain,1.0,28.08,28.08,upi,Cancelled by Customer,
RPD103979,CUST3398,DRV378,Bengaluru,Koramangala,Electronic City,2026-06-04 14:30:00,Bike,8.31,13.2,Medium,22.0,Fog,1.13,64.86,73.29,wallet,COMPLETED,4.9
RPD103972,CUST1539,,hyderabad ,Madhapur,Hitech City,2026-06-07 17:23:00,Bike,3.21,12.5,Low,23.0,Cloudy,1.0,34.26,34.26,,Cancelled by Customer,
RPD104186,CUST2947,,Bengaluru,MG Road,MG Road,2026-06-12 09:50:00,,1.23,16.2,High,15.0,Fog,1.33,29.76,39.58,cash ,Cancelled by Customer,
RPD102300,CUST3487,,mumbai,Borivali,Bandra,04-Jun-2026 04:37 PM,cab economy,1.77,12.8,Low,14.0,Cloudy,1.0,36.24,36.24,wallet,Cancelled by Customer,
RPD104949,CUST1896,DRV447,Bangalore,Whitefield,Whitefield,2026-06-05 12:49:00,Cab Economy,3.31,17.9,Medium,21.0,Clear,1.16,54.72,63.48,UPI,completed,4.2
RPD104813,CUST2355,DRV110,mumbai,Borivali,Borivali,2026-07-09 15:15:00,cab economy,0.98,6.0,Medium,19.0,Clear,1.17,26.76,31.31,Wallet,Completed,4.7
RPD100397,CUST3957,DRV141,Pune,Baner,Kothrud,2026-07-03 07:26:00,bike,10.04,28.1,Low,12.0,Fog,1.02,75.24,76.74,upi,Ongoing,
RPD100929,CUST1510,DRV530,Bangalore,HSR Layout,Indiranagar,2026-07-10 21:24:00,Cab Premium,3.56,5.7,Low,6.0,Fog,1.0,79.08,79.08,Card,Ongoing,
RPD102721,CUST1197,DRV502,Mumbai,Bandra,Colaba,2026-07-13 07:06:00,auto,7.32,13.0,Low,18.0,Cloudy,1.06,80.88,85.73,UPI,Completed,
RPD101815,CUST3308,DRV380,mumbai,Powai,Borivali,29-Jun-2026 01:58 AM,cab economy,7.09,26.8,Very High,14.0,Heavy Rain,1.92,100.08,192.15,,Cancelled by Driver,
RPD100282,CUST2268,DRV455,Hyderabad,Kukatpally,Madhapur,2026-06-18 17:28:00,cab economy,1.09,58.4,Medium,21.0,,1.24,28.08,34.82,,COMPLETED,4.3
RPD103880,CUST3468,DRV188,Mumbai,Borivali,Borivali,11-Jul-2026 09:19 PM,BIKE,4.57,16.8,Medium,16.0,,1.1,42.42,46.66,Cash,Cancelled by Driver,
RPD102604,CUST1297,DRV398,bangalore,Electronic City,MG Road,11-Jun-2026 01:50 PM,,12.41,20.4,Medium,22.0,Cloudy,1.07,163.92,175.39,Card,Ongoing,
RPD101850,CUST2643,DRV485,Hyderabad,Madhapur,Gachibowli,06-Jul-2026 03:34 PM,bike,4.0,15.5,Low,10.0,Heavy Rain,1.08,39.0,42.12,cash ,Ongoing,
RPD100737,CUST2256,DRV262,mumbai,Dadar,Borivali,17/06/2026 18:17,auto,3.06,19.0,Very High,0.0,Clear,1.86,42.54,79.12,Card,Cancelled by Driver,
RPD102472,CUST1249,DRV760,mumbai,Bandra,Dadar,05-Jun-2026 11:27 AM,Auto,4.09,24.3,Medium,15.0,Rain,1.19,51.81,Rs. 61.65,wallet,COMPLETED,4.8
RPD101579,CUST2451,DRV510,Hyderabad,Hitech City,Gachibowli,29/06/2026 14:46,,2.25,17.8,Low,23.0,Fog,1.03,42.0,43.26,upi,Ongoing,
RPD100340,CUST3940,,Hyderabad,Madhapur,Banjara Hills,2026-06-25 19:36:00,auto,6.07,8.1,Very High,8.0,Fog,1.93,69.63,134.39,Wallet,Cancelled by Customer,
RPD102843,CUST2421,DRV379,Bangalore,Koramangala,Whitefield,04-Jun-2026 04:45 PM,Auto,5.62,6.7,Medium,19.0,Heavy Rain,1.12,65.58,73.45,upi,COMPLETED,3.9
RPD100462,CUST3779,,BANGALORE,HSR Layout,Koramangala,2026-07-04 10:24:00,BIKE,6.5,8.4,Very High,18.0,Heavy Rain,1.93,54.0,104.22,Cash,Cancelled by Customer,
RPD100898,CUST1678,DRV788,Pune,Camp,Kothrud,27/06/2026 04:27,Bike,5.86,24.2,Low,11.0,Clear,1.0,50.16,50.16,,Completed,3.5
RPD101750,CUST3327,,Bangalore,Koramangala,Electronic City,2026-06-06 09:14:00,Auto,5.13,38.6,Very High,11.0,Clear,1.94,61.17,118.67,wallet,Cancelled by Customer,
RPD104432,CUST3926,DRV389,Hyderabad,Kukatpally,Hitech City,2026-06-30 18:21:00,,2.14,5.1,Very High,15.0,Cloudy,1.86,40.68,75.66,Card,COMPLETED,4.5
RPD100179,CUST1425,DRV310,Bangalore,HSR Layout,Koramangala,15/06/2026 17:22,Cab Economy,999.0,6.7,Low,22.0,Clear,1.0,12003.0,12003.0,cash ,Cancelled by Driver,
RPD103651,CUST1112,DRV509,Bengaluru,Jayanagar,Electronic City,2026-06-20 03:03:00,BIKE,12.32,8.9,Very High,32.0,Rain,1.91,88.92,169.84,wallet,Cancelled by Driver,
RPD102857,CUST1642,,BANGALORE,Whitefield,HSR Layout,2026-06-30 03:07:00,,2.79,22.2,Low,27.0,Clear,1.0,48.48,48.48,upi,Cancelled by Customer,
RPD103534,CUST1878,DRV425,bangalore,Indiranagar,Indiranagar,14/07/2026 06:20,bike,0.5,21.1,Low,22.0,Clear,1.07,18.0,19.26,Cash,completed,3.7
RPD101068,CUST1792,DRV257,Mumbai,Powai,Powai,04-Jun-2026 01:43 AM,auto,3.02,9.6,Medium,21.0,,1.21,42.18,51.04,,Completed,4.7
RPD100803,CUST2189,DRV104,Bangalore,Indiranagar,Koramangala,2026-06-30 05:57:00,cab economy,0.5,7.8,Very High,15.0,Rain,1.86,21.0,39.06,cash ,COMPLETED,5.0
RPD100820,CUST3342,DRV286,BANGALORE,HSR Layout,Koramangala,2026-06-03 04:56:00,Bike,1.54,8.5,Low,14.0,Fog,1.02,24.24,24.72,,Ongoing,
RPD102562,CUST3627,DRV667,BANGALORE,Whitefield,MG Road,17/06/2026 13:41,Cab Premium,1.75,28.0,Low,15.0,Clear,1.03,46.5,47.9,UPI,Cancelled by Driver,
RPD103068,CUST1322,DRV530,Pune,Baner,Camp,08-Jul-2026 03:43 AM,Cab Economy,8.43,16.7,Low,25.0,,1.0,116.16,116.16,Card,Cancelled by Driver,
RPD100207,CUST3002,DRV708,Bengaluru,Jayanagar,Indiranagar,2026-06-04 07:02:00,auto,6.97,30.7,Low,23.0,Heavy Rain,1.07,77.73,83.17,,Completed,3.7
RPD101052,CUST1442,DRV338,Pune,Hinjewadi,Camp,2026-06-05 02:19:00,Auto,12.41,12.6,Low,20.0,Heavy Rain,1.0,126.69,126.69,cash ,completed,3.5
RPD100452,CUST2451,DRV226,BANGALORE,Koramangala,Koramangala,2026-07-05 18:16:00,,4.53,25.9,Very High,5.0,Clear,1.92,69.36,133.17,UPI,Ongoing,
RPD101342,CUST2732,DRV415,Hyderabad,Hitech City,Madhapur,2026-06-10 13:44:00,Auto,9.97,17.5,Medium,9.0,Cloudy,1.11,104.73,116.25,Card,Ongoing,
RPD104418,CUST1269,DRV348,Pune,Baner,Hinjewadi,2026-06-03 06:35:00,Bike,2.85,10.7,Medium,31.0,Heavy Rain,1.24,32.1,39.8,UPI,Cancelled by Driver,
RPD100940,CUST3450,DRV649,bangalore,Koramangala,Whitefield,2026-06-01 18:26:00,cab economy,6.17,21.5,Very High,2.0,Rain,1.86,89.04,165.61,cash ,Cancelled by Driver,
RPD100070,CUST2388,,Pune,Camp,Camp,19/06/2026 14:32,,7.14,22.8,Medium,34.0,,1.13,100.68,113.77,,Cancelled by Customer,
RPD102863,CUST2602,DRV404,bangalore,HSR Layout,Koramangala,09-Jul-2026 12:28 AM,Cab Premium,2.51,4.9,Medium,31.0,,1.18,60.18,71.01,Wallet,Completed,4.9
RPD103678,CUST2664,DRV328,Bangalore,Indiranagar,Jayanagar,08/06/2026 16:50,bike,6.56,9.4,Low,32.0,Cloudy,1.0,54.36,54.36,cash ,Cancelled by Driver,
RPD102444,CUST2492,DRV412,Pune,Camp,Kothrud,2026-06-07 15:06:00,auto,7.16,10.2,Medium,19.0,Rain,1.08,79.44,85.8,wallet,Cancelled by Driver,
RPD102204,CUST3164,DRV415,mumbai,Borivali,Dadar,2026-07-14 20:01:00,Auto,3.15,14.1,Very High,9.0,Fog,1.93,43.35,83.67,wallet,Ongoing,
RPD101272,CUST2282,DRV378,Hyderabad,Hitech City,Gachibowli,2026-07-08 01:40:00,bike,-1.75,30.0,Medium,23.0,Fog,1.13,15.6,17.63,cash ,completed,4.1
RPD101326,CUST3921,DRV462,mumbai,Dadar,Powai,26/06/2026 03:59,cab economy,1.95,25.1,Low,19.0,Cloudy,1.0,38.4,38.4,UPI,Ongoing,
RPD103397,CUST2787,,BANGALORE,Whitefield,Whitefield,12/06/2026 21:19,bike,4.94,14.7,Medium,18.0,,1.15,44.64,51.34,Cash,Cancelled by Customer,
RPD100572,CUST2749,DRV494,Bengaluru,Koramangala,Electronic City,15/07/2026 08:40,,9.35,17.8,Very High,13.0,Heavy Rain,1.94,127.2,,Cash,completed,
RPD100119,CUST3029,,Mumbai,Powai,Powai,12-Jul-2026 01:58 AM,Bike,7.97,15.2,Very High,16.0,Rain,1.88,62.82,118.1,Cash,Cancelled by Customer,
RPD103598,CUST2325,DRV430,Bangalore,Whitefield,Indiranagar,14/06/2026 17:40,Cab Premium,6.48,17.5,Medium,20.0,Heavy Rain,1.18,131.64,155.34,Card,Ongoing,
RPD103529,CUST3875,DRV291,hyderabad ,Banjara Hills,Banjara Hills,05-Jun-2026 05:29 PM,,6.1,4.1,Low,28.0,Fog,1.06,88.2,93.49,wallet,COMPLETED,4.5
RPD103989,CUST3193,,bangalore,MG Road,MG Road,29-Jun-2026 02:08 AM,cab economy,12.12,15.4,Very High,16.0,Heavy Rain,1.93,160.44,309.65,Cash,Cancelled by Customer,
RPD103859,CUST2164,DRV297,Hyderabad,Banjara Hills,Gachibowli,01/06/2026 00:08,auto,6.55,12.3,Medium,18.0,Rain,1.1,73.95,81.35,UPI,completed,4.7
RPD100859,CUST3066,DRV210,mumbai,Colaba,Dadar,2026-07-04 21:52:00,bike,5.6,4.8,Low,10.0,Rain,1.0,48.6,48.6,,completed,5.0
RPD103109,CUST3342,DRV387,Bengaluru,Indiranagar,Indiranagar,2026-06-12 11:29:00,Cab Premium,1.59,29.3,Medium,19.0,Cloudy,1.1,43.62,47.98,Wallet,COMPLETED,5.0
RPD102064,CUST1170,DRV721,BANGALORE,Koramangala,Whitefield,11/07/2026 23:05,auto,-7.3,21.3,Low,24.0,,1.0,15.9,15.9,Wallet,Ongoing,
RPD102317,CUST2503,DRV764,BANGALORE,HSR Layout,Whitefield,01/07/2026 22:10,bike,4.4,27.9,Medium,20.0,Rain,1.14,41.4,47.2,Cash,Ongoing,
RPD101842,CUST3117,DRV595,BANGALORE,Indiranagar,MG Road,2026-06-27 08:09:00,BIKE,2.23,9.2,Very High,14.0,Clear,1.91,28.38,54.21,upi,completed,4.8
RPD100297,CUST3593,,bangalore,Indiranagar,Jayanagar,12/06/2026 17:25,cab economy,1.95,19.5,Low,20.0,Heavy Rain,1.0,38.4,38.4,wallet,Cancelled by Customer,
RPD102161,CUST3283,DRV209,Hyderabad,Kukatpally,Gachibowli,2026-07-02 13:22:00,BIKE,9.8,17.1,Medium,15.0,Cloudy,1.08,73.8,79.7,Card,Cancelled by Driver,
RPD100277,CUST3358,DRV765,Hyderabad,Banjara Hills,Banjara Hills,24/06/2026 11:35,Cab Premium,3.43,22.1,Medium,21.0,Clear,1.2,76.74,92.09,Cash,Ongoing,
RPD101359,CUST1272,DRV396,Bangalore,Electronic City,Jayanagar,2026-06-17 19:52:00,Auto,0.91,34.2,Very High,1.0,Fog,2.0,23.19,46.38,Card,Completed,
RPD102020,CUST1045,DRV668,mumbai,Bandra,Andheri,2026-06-21 10:51:00,auto,2.27,7.8,Low,18.0,Clear,1.01,35.43,35.78,wallet,Ongoing,
RPD104425,CUST2693,DRV112,Mumbai,Bandra,Powai,2026-07-16 16:01:00,BIKE,7.84,20.3,Low,15.0,Clear,1.07,62.04,66.38,UPI,COMPLETED,5.0
RPD101001,CUST3363,DRV176,hyderabad ,Banjara Hills,Kukatpally,06/07/2026 10:01,auto,7.56,39.0,Very High,23.0,Heavy Rain,1.95,83.04,161.93,upi,COMPLETED,4.4
RPD102016,CUST2160,DRV560,Bangalore,Indiranagar,Koramangala,2026-07-13 21:56:00,BIKE,10.46,9.0,Medium,23.0,,1.16,77.76,90.2,upi,completed,4.5
RPD101931,CUST3787,DRV514,Mumbai,Dadar,Dadar,08/07/2026 03:42,BIKE,5.74,35.9,Low,19.0,Clear,1.03,49.44,50.92,Wallet,COMPLETED,3.7
RPD104099,CUST2090,DRV733,Bangalore,Whitefield,Whitefield,05-Jul-2026 11:59 AM,bike,7.07,21.7,Medium,15.0,Rain,1.17,57.42,67.18,,Completed,3.9
RPD104236,CUST1875,,Pune,Camp,Kothrud,2026-06-08 17:45:00,bike,2.29,15.1,Low,13.0,Fog,1.04,28.74,29.89,Card,Cancelled by Customer,
RPD101213,CUST2418,DRV243,Pune,Viman Nagar,Camp,2026-07-12 17:46:00,Cab Economy,10.37,15.8,Low,35.0,Fog,1.0,139.44,139.44,Wallet,completed,4.6
RPD104904,CUST3987,DRV670,Mumbai,Andheri,Powai,2026-06-04 05:11:00,BIKE,2.22,6.3,Low,26.0,,4.18,28.32,118.38,UPI,COMPLETED,4.8
RPD100194,CUST3019,,Hyderabad,Hitech City,Banjara Hills,2026-06-14 07:44:00,Bike,2.57,4.0,Low,12.0,Clear,1.03,30.42,31.33,wallet,Cancelled by Customer,
RPD102169,CUST2725,DRV753,hyderabad ,Kukatpally,Kukatpally,2026-06-29 10:18:00,BIKE,3.66,32.6,Low,13.0,Fog,1.06,36.96,39.18,cash ,completed,4.6
RPD101855,CUST1932,DRV327,Pune,Hinjewadi,Kothrud,10-Jun-2026 12:32 AM,auto,5.38,14.5,Medium,19.0,Cloudy,1.1,63.42,,Card,completed,3.4
RPD100496,CUST2271,DRV701,bangalore,Indiranagar,Electronic City,2026-06-27 15:47:00,BIKE,2.92,15.0,Very High,18.0,Rain,2.0,32.52,65.04,cash ,Ongoing,
RPD101948,CUST2263,DRV711,BANGALORE,Jayanagar,MG Road,25-Jun-2026 04:38 AM,Cab Premium,2.51,3.4,Medium,20.0,Cloudy,1.17,60.18,70.41,Cash,Completed,5.0
RPD103561,CUST2152,,hyderabad ,Gachibowli,Hitech City,17-Jun-2026 05:49 AM,Auto,3.5,10.3,Very High,22.0,Rain,1.85,46.5,86.03,,Cancelled by Customer,
RPD104081,CUST2680,DRV538,Pune,Hinjewadi,Viman Nagar,2026-07-15 22:19:00,Cab Economy,8.3,27.8,Medium,25.0,Cloudy,1.19,114.6,136.37,,Completed,3.9
RPD103829,CUST3672,DRV318,BANGALORE,Electronic City,Whitefield,05-Jun-2026 08:05 AM,BIKE,1.73,37.7,High,10.0,Heavy Rain,1.48,25.38,37.56,UPI,completed,4.7
RPD101788,CUST3864,DRV249,bangalore,Indiranagar,Whitefield,06-Jul-2026 09:46 AM,Bike,6.27,10.4,Very High,19.0,Fog,1.86,52.62,97.87,Cash,COMPLETED,3.7
RPD101741,CUST3280,,hyderabad ,Banjara Hills,Hitech City,04-Jul-2026 09:22 PM,Cab Economy,7.71,3.0,Low,23.0,,1.04,107.52,111.82,Cash,Cancelled by Customer,
RPD101170,CUST2495,,bangalore,Indiranagar,Indiranagar,2026-06-01 07:01:00,bike,1.55,7.6,Medium,21.0,,1.15,24.3,27.95,UPI,Cancelled by Customer,
RPD101256,CUST1816,DRV603,hyderabad ,Kukatpally,Banjara Hills,2026-06-29 01:32:00,Cab Premium,12.74,21.5,Very High,6.0,Heavy Rain,1.89,244.32,,Cash,Completed,4.6
RPD104367,CUST3395,DRV397,bangalore,Electronic City,HSR Layout,28-Jun-2026 02:33 PM,Cab Premium,4.08,15.5,Low,10.0,Cloudy,1.0,88.44,88.44,wallet,Cancelled by Driver,
RPD102802,CUST3563,DRV205,BANGALORE,MG Road,Jayanagar,09-Jun-2026 02:54 PM,BIKE,999.0,22.2,Medium,20.0,Heavy Rain,1.13,6009.0,6790.17,upi,COMPLETED,5.0
RPD102866,CUST2928,,Pune,Camp,Kothrud,2026-06-24 17:12:00,Auto,2.04,26.6,Very High,30.0,Heavy Rain,1.92,33.36,64.05,cash ,Cancelled by Customer,
RPD101309,CUST2161,DRV436,BANGALORE,Koramangala,Indiranagar,2026-06-16 11:04:00,Cab Economy,2.37,4.5,Low,31.0,Heavy Rain,1.01,43.44,43.87,UPI,Cancelled by Driver,
RPD102879,CUST1591,DRV704,Bangalore,Electronic City,Jayanagar,2026-07-14 11:09:00,,2.78,17.2,Medium,30.0,Cloudy,1.18,48.36,57.06,UPI,completed,4.5
RPD104101,CUST1330,DRV236,Bengaluru,MG Road,Electronic City,14/07/2026 18:04,Auto,4.8,19.9,Very High,1.0,Cloudy,1.85,58.2,107.67,wallet,Completed,4.3
RPD102798,CUST1959,DRV312,Bangalore,Whitefield,HSR Layout,11/06/2026 22:39,auto,2.66,56.5,Low,18.0,Clear,1.02,38.94,39.72,,COMPLETED,4.4
RPD104950,CUST1582,DRV301,BANGALORE,Koramangala,Whitefield,2026-06-11 03:31:00,,1.55,14.2,Very High,18.0,Rain,1.91,33.6,64.18,Card,Ongoing,
RPD101217,CUST3280,DRV169,bangalore,Jayanagar,Jayanagar,2026-06-05 22:12:00,BIKE,1.57,18.4,Low,10.0,Cloudy,1.0,24.42,24.42,Wallet,completed,3.9
RPD100136,CUST1689,,Mumbai,Bandra,Bandra,22/06/2026 07:24,Cab Economy,0.75,7.9,Low,25.0,Heavy Rain,1.02,24.0,24.48,Wallet,Cancelled by Customer,
RPD100978,CUST1916,DRV101,mumbai,Andheri,Powai,13/06/2026 08:25,auto,1.58,14.6,Very High,6.0,Fog,1.9,29.22,55.52,UPI,completed,4.3
RPD102811,CUST3652,DRV218,Bangalore,Jayanagar,Whitefield,2026-06-24 00:13:00,,4.29,43.3,Very High,23.0,Heavy Rain,1.76,66.48,117.0,Card,Cancelled by Driver,
RPD103261,CUST2397,DRV716,Mumbai,Bandra,Dadar,2026-07-16 13:56:00,Cab Economy,0.85,30.5,Medium,36.0,Fog,1.22,25.2,30.74,wallet,Cancelled by Driver,
RPD102630,CUST3610,DRV273,bangalore,Electronic City,Electronic City,2026-06-07 00:36:00,bike,4.78,5.5,Medium,13.0,Cloudy,1.17,43.68,51.11,Cash,Completed,4.0
RPD102361,CUST2046,DRV282,Hyderabad,Madhapur,Hitech City,16/07/2026 15:35,BIKE,1.16,14.6,Low,15.0,Clear,1.04,21.96,22.84,wallet,Completed,4.7
RPD101813,CUST3748,DRV438,BANGALORE,Electronic City,Whitefield,2026-07-14 01:46:00,BIKE,3.89,13.8,Low,21.0,,1.0,38.34,38.34,upi,completed,5.0
RPD103853,CUST3806,DRV711,BANGALORE,Electronic City,HSR Layout,2026-06-29 10:48:00,auto,0.5,15.9,Low,14.0,Clear,1.03,19.5,20.09,,Completed,4.0
RPD102651,CUST3159,DRV396,hyderabad ,Gachibowli,Madhapur,2026-06-03 10:12:00,Bike,4.21,3.0,Low,16.0,,1.08,40.26,43.48,UPI,Ongoing,
RPD103803,CUST3630,,bangalore,HSR Layout,Whitefield,23-Jun-2026 02:19 AM,Bike,2.45,19.4,Low,29.0,Clear,6.0,29.7,178.2,wallet,Cancelled by Customer,
RPD102243,CUST2325,,Pune,Hinjewadi,Kothrud,2026-06-07 13:06:00,BIKE,5.3,63.9,Medium,27.0,,1.25,46.8,58.5,Cash,Cancelled by Customer,
RPD101777,CUST3725,DRV368,Bengaluru,Electronic City,Jayanagar,20-Jun-2026 09:24 PM,,2.31,50.8,Low,20.0,Cloudy,1.06,42.72,45.28,upi,Completed,4.7
RPD104859,CUST3763,DRV616,Mumbai,Powai,Dadar,2026-07-09 12:38:00,Auto,3.99,5.2,Low,26.0,Clear,1.0,50.91,50.91,UPI,COMPLETED,4.4
RPD104374,CUST2126,DRV714,hyderabad ,Gachibowli,Banjara Hills,08/07/2026 09:09,BIKE,3.54,16.9,Very High,9.0,Cloudy,1.92,36.24,Rs. 69.58,,COMPLETED,4.6
RPD100755,CUST1460,DRV644,Bangalore,Electronic City,HSR Layout,03-Jun-2026 04:55 PM,Cab Economy,4.34,14.8,Low,22.0,,1.01,67.08,67.75,Cash,Ongoing,
RPD102175,CUST2771,,BANGALORE,Indiranagar,Electronic City,2026-07-11 11:02:00,auto,1.35,12.4,Medium,19.0,Fog,1.18,27.15,32.04,Wallet,Cancelled by Customer,
RPD101848,CUST2802,DRV791,Pune,Viman Nagar,Camp,17-Jun-2026 04:01 PM,Bike,4.81,21.4,Low,14.0,Rain,1.0,43.86,43.86,Cash,Completed,4.9
RPD104299,CUST2709,DRV768,Mumbai,Dadar,Andheri,2026-06-04 22:55:00,,4.33,13.7,Medium,3.0,Cloudy,1.12,66.96,,Cash,completed,3.7
RPD100837,CUST3307,,hyderabad ,Banjara Hills,Madhapur,22-Jun-2026 10:12 PM,Auto,1.5,12.0,Medium,20.0,,1.17,28.5,33.34,,Cancelled by Customer,
RPD101771,CUST2972,DRV723,mumbai,Borivali,Bandra,2026-07-10 04:55:00,bike,6.09,24.0,Low,20.0,Heavy Rain,1.0,51.54,51.54,wallet,completed,4.6
RPD103400,CUST3531,DRV403,BANGALORE,Electronic City,Whitefield,18-Jun-2026 12:59 AM,BIKE,8.02,7.1,Low,9.0,,1.01,63.12,63.75,upi,Cancelled by Driver,
RPD104693,CUST3248,DRV777,mumbai,Powai,Bandra,03/07/2026 15:03,auto,16.53,7.6,Medium,22.0,Rain,1.09,163.77,178.51,cash ,Cancelled by Driver,
RPD100972,CUST3989,DRV792,Mumbai,Colaba,Bandra,26/06/2026 19:45,Cab Premium,0.5,26.0,High,5.0,,1.31,24.0,31.44,,Ongoing,
RPD101380,CUST3174,DRV756,Bangalore,Indiranagar,HSR Layout,2026-07-04 12:03:00,Bike,4.95,22.4,Low,17.0,Cloudy,1.04,44.7,,upi,Completed,3.1
RPD100546,CUST2713,DRV568,Mumbai,Andheri,Borivali,03/07/2026 22:09,auto,5.23,10.8,Low,19.0,Clear,1.0,62.07,62.07,Cash,completed,5.0
RPD100516,CUST3643,DRV251,hyderabad ,Kukatpally,Banjara Hills,2026-07-15 01:41:00,cab economy,6.83,40.5,Low,28.0,Clear,1.0,96.96,96.96,Card,Completed,3.6
RPD100362,CUST3429,DRV277,Bengaluru,Koramangala,Jayanagar,13-Jun-2026 01:21 PM,Cab Economy,1.82,40.0,Medium,24.0,Clear,1.17,36.84,43.1,Wallet,completed,4.8
RPD103790,CUST3262,DRV165,mumbai,Powai,Borivali,22-Jun-2026 05:53 AM,cab economy,1.83,18.7,Low,16.0,Fog,1.0,36.96,36.96,upi,Cancelled by Driver,
RPD104631,CUST3067,DRV554,BANGALORE,MG Road,Electronic City,2026-06-29 01:03:00,bike,9.54,24.7,Low,21.0,Rain,1.0,72.24,72.24,Card,completed,4.2
RPD103223,CUST3024,DRV118,mumbai,Dadar,Borivali,2026-06-18 03:43:00,bike,8.11,11.3,Very High,22.0,Heavy Rain,1.99,63.66,126.68,upi,Completed,4.0
RPD104868,CUST1502,DRV307,Mumbai,Andheri,Andheri,03-Jul-2026 09:08 AM,Cab Premium,2.9,16.4,Very High,7.0,Cloudy,1.91,67.2,128.35,Cash,completed,5.0
RPD102380,CUST3155,DRV659,Hyderabad,Banjara Hills,Kukatpally,2026-06-18 21:23:00,,3.73,16.4,Very High,22.0,Rain,5.91,59.76,353.18,UPI,COMPLETED,3.6
RPD101286,CUST2056,DRV260,bangalore,Whitefield,Koramangala,2026-06-08 13:57:00,cab economy,6.76,11.6,Medium,15.0,Clear,1.15,96.12,110.54,Card,COMPLETED,5.0
RPD104636,CUST1882,DRV362,Bangalore,Electronic City,Whitefield,2026-06-05 02:23:00,Cab Economy,4.37,16.6,Low,27.0,,1.0,67.44,67.44,Cash,Cancelled by Driver,
RPD104618,CUST1123,DRV678,Mumbai,Powai,Colaba,2026-07-10 20:31:00,Cab Economy,3.96,9.3,Very High,7.0,Rain,1.9,62.52,118.79,upi,Cancelled by Driver,
RPD102692,CUST2034,DRV571,Mumbai,Powai,Powai,2026-06-30 08:11:00,auto,8.45,30.4,Very High,0.0,Heavy Rain,1.91,91.05,173.91,Cash,Cancelled by Driver,
RPD102627,CUST2582,DRV465,bangalore,Electronic City,Koramangala,06-Jul-2026 01:04 AM,cab economy,7.41,17.5,Very High,22.0,Rain,1.99,103.92,206.8,,Completed,2.7
RPD102130,CUST3825,DRV237,mumbai,Andheri,Powai,10-Jul-2026 02:11 PM,Cab Premium,5.38,11.3,Very High,18.0,Rain,1.93,111.84,215.85,UPI,Completed,5.0
RPD100269,CUST2293,DRV522,Hyderabad,Gachibowli,Banjara Hills,30-Jun-2026 09:29 PM,auto,3.67,15.7,Low,8.0,Clear,1.04,48.03,49.95,Wallet,COMPLETED,5.0
RPD101884,CUST2045,,hyderabad ,Madhapur,Gachibowli,2026-07-06 22:31:00,Auto,7.39,9.3,Low,23.0,Rain,1.0,81.51,81.51,,Cancelled by Customer,
RPD100215,CUST3931,DRV284,hyderabad ,Hitech City,Kukatpally,2026-07-04 09:26:00,Auto,3.55,23.5,Very High,7.0,Heavy Rain,1.96,46.95,92.02,upi,Cancelled by Driver,
RPD100018,CUST1032,DRV783,hyderabad ,Banjara Hills,Gachibowli,2026-06-23 02:56:00,,3.72,12.1,Low,21.0,,1.06,59.64,63.22,Card,Ongoing,
RPD102882,CUST3267,DRV203,Mumbai,Colaba,Dadar,2026-07-06 02:51:00,Cab Economy,0.55,12.9,Low,26.0,,1.04,21.6,22.46,cash ,Completed,4.1
RPD101152,CUST1831,DRV218,Bangalore,HSR Layout,Whitefield,15/07/2026 18:33,Cab Economy,1.32,5.4,Very High,11.0,Rain,1.95,30.84,60.14,upi,COMPLETED,4.4
RPD102867,CUST2689,DRV559,Pune,Camp,Baner,16-Jun-2026 01:40 PM,auto,2.05,10.8,Medium,24.0,Fog,1.09,33.45,36.46,cash ,completed,4.0
RPD100779,CUST3027,DRV326,Mumbai,Borivali,Borivali,18/06/2026 08:40,Cab Economy,3.34,9.8,High,0.0,Clear,1.37,55.08,75.46,wallet,Ongoing,
RPD104920,CUST3246,DRV430,hyderabad ,Banjara Hills,Madhapur,08-Jul-2026 06:38 AM,Bike,3.49,19.3,Low,7.0,Fog,1.01,35.94,36.3,Wallet,completed,4.6
RPD100228,CUST2651,,Bangalore,MG Road,Indiranagar,2026-07-03 15:54:00,Cab Economy,2.06,8.2,Very High,25.0,Rain,1.86,39.72,73.88,cash ,Cancelled by Customer,
RPD100253,CUST2980,DRV467,mumbai,Colaba,Andheri,13-Jul-2026 07:54 AM,,2.84,26.4,Very High,22.0,Rain,1.99,49.08,97.67,UPI,completed,4.4
RPD100644,CUST1099,DRV744,BANGALORE,MG Road,Electronic City,2026-07-06 06:12:00,Auto,8.11,14.8,Low,16.0,,1.03,87.99,90.63,upi,completed,5.0
RPD101505,CUST2588,DRV461,Hyderabad,Madhapur,Gachibowli,2026-07-14 15:26:00,Auto,1.96,17.2,Medium,20.0,Fog,1.24,32.64,40.47,Cash,COMPLETED,4.8
RPD103524,CUST1648,,hyderabad ,Madhapur,Gachibowli,2026-07-12 20:09:00,,2.0,20.5,Very High,8.0,Fog,1.88,39.0,73.32,cash ,Cancelled by Customer,
RPD102601,CUST3206,DRV187,Bengaluru,HSR Layout,Koramangala,27/06/2026 10:03,Auto,5.89,10.5,Medium,24.0,,1.11,68.01,75.49,cash ,completed,4.2
RPD103076,CUST1498,DRV706,mumbai,Colaba,Dadar,04-Jun-2026 12:00 AM,Bike,4.7,18.2,Low,34.0,Fog,1.0,43.2,43.2,cash ,Ongoing,
RPD104421,CUST2585,DRV537,Mumbai,Powai,Powai,2026-07-07 01:27:00,BIKE,1.84,14.6,Low,17.0,Fog,1.0,26.04,26.04,wallet,Ongoing,
RPD102750,CUST1105,DRV785,BANGALORE,Electronic City,Koramangala,11-Jun-2026 07:35 AM,Cab Premium,3.0,18.7,Low,28.0,Clear,1.02,69.0,70.38,upi,Ongoing,
RPD104563,CUST3778,DRV731,BANGALORE,Electronic City,Koramangala,04/06/2026 22:56,Cab Economy,3.31,10.3,Medium,21.0,,1.2,54.72,65.66,Cash,COMPLETED,4.1
RPD103202,CUST1644,DRV549,hyderabad ,Madhapur,Banjara Hills,2026-06-05 03:44:00,cab economy,5.13,24.0,Low,15.0,,1.0,76.56,76.56,,COMPLETED,5.0
RPD102510,CUST2620,DRV327,BANGALORE,Electronic City,Jayanagar,18/06/2026 07:50,BIKE,5.15,24.2,Medium,23.0,Cloudy,1.24,45.9,56.92,Wallet,Ongoing,
RPD102732,CUST1139,,BANGALORE,Whitefield,HSR Layout,29/06/2026 12:34,cab economy,2.69,14.0,Medium,12.0,Rain,1.11,47.28,52.48,cash ,Cancelled by Customer,
RPD102746,CUST3129,DRV356,bangalore,Whitefield,MG Road,30/06/2026 07:36,BIKE,0.98,34.6,Medium,28.0,Fog,1.22,20.88,25.47,Card,Cancelled by Driver,
RPD103372,CUST3506,DRV318,Bengaluru,HSR Layout,Indiranagar,2026-06-01 13:50:00,Bike,4.0,20.2,Medium,14.0,Fog,1.13,39.0,44.07,Card,Ongoing,
RPD101512,CUST2746,DRV305,bangalore,MG Road,HSR Layout,02/07/2026 12:49,Auto,-4.93,14.1,Medium,37.0,,1.17,15.9,18.6,UPI,Ongoing,
RPD101011,CUST1586,DRV760,Mumbai,Bandra,Andheri,04-Jul-2026 06:51 AM,bike,18.41,7.5,Low,24.0,,1.02,125.46,127.97,UPI,Ongoing,
RPD103327,CUST3299,DRV239,bangalore,Indiranagar,Koramangala,11-Jun-2026 03:55 PM,Bike,8.38,20.1,Very High,26.0,Rain,1.86,65.28,121.42,Wallet,completed,4.3
RPD103342,CUST1451,DRV158,Pune,Baner,Viman Nagar,02/06/2026 22:15,Bike,999.0,12.0,Medium,22.0,,1.07,6009.0,6429.63,upi,Completed,4.5
RPD103828,CUST3893,DRV361,bangalore,Indiranagar,Indiranagar,02-Jun-2026 06:32 PM,Cab Economy,5.0,40.4,High,13.0,Rain,1.37,75.0,102.75,Cash,Ongoing,
RPD104178,CUST1271,DRV608,BANGALORE,Jayanagar,MG Road,16-Jun-2026 10:24 PM,,3.58,29.4,Low,17.0,Fog,1.0,57.96,57.96,UPI,completed,5.0
RPD102305,CUST1511,,hyderabad ,Gachibowli,Gachibowli,2026-06-30 15:10:00,auto,9.91,6.8,Very High,15.0,Heavy Rain,1.92,104.19,200.04,,Cancelled by Customer,
RPD103982,CUST2751,DRV388,Bengaluru,HSR Layout,Electronic City,2026-07-11 14:48:00,Auto,999.0,11.0,Medium,21.0,Rain,1.13,9006.0,10176.78,,Ongoing,
RPD100903,CUST3449,DRV434,mumbai,Powai,Andheri,20-Jun-2026 07:31 AM,Auto,8.67,20.1,Low,13.0,Cloudy,1.0,93.03,93.03,wallet,completed,4.4
RPD101586,CUST3153,,hyderabad ,Gachibowli,Banjara Hills,2026-07-01 03:33:00,Cab Premium,0.95,15.4,Low,13.0,,1.0,32.1,32.1,Card,Cancelled by Customer,
RPD103661,CUST2321,DRV415,BANGALORE,MG Road,HSR Layout,30/06/2026 23:02,BIKE,5.12,15.1,Very High,15.0,Heavy Rain,1.83,45.72,83.67,upi,completed,4.3
RPD103361,CUST2843,DRV193,bangalore,MG Road,HSR Layout,22-Jun-2026 12:22 PM,BIKE,0.5,18.1,Medium,30.0,Rain,1.14,18.0,20.52,wallet,completed,3.2
RPD102200,CUST1291,,hyderabad ,Madhapur,Hitech City,2026-07-07 01:58:00,auto,7.85,23.4,Medium,25.0,Heavy Rain,1.15,85.65,98.5,Wallet,Cancelled by Customer,
RPD103032,CUST1266,DRV395,Pune,Kothrud,Viman Nagar,2026-06-05 17:54:00,BIKE,10.53,18.7,Low,24.0,Clear,1.0,78.18,78.18,Card,COMPLETED,4.6
RPD104156,CUST2815,,Hyderabad,Kukatpally,Hitech City,2026-07-14 06:55:00,Cab Premium,5.06,12.5,Low,17.0,Cloudy,1.01,106.08,107.14,upi,Cancelled by Customer,
RPD100080,CUST3789,,Bengaluru,Koramangala,Indiranagar,17/06/2026 06:11,BIKE,4.09,25.2,Low,12.0,,1.0,39.54,39.54,Wallet,Cancelled by Customer,
RPD102949,CUST1421,,Hyderabad,Banjara Hills,Hitech City,2026-06-08 19:52:00,bike,7.74,23.3,Very High,15.0,Cloudy,1.84,61.44,,wallet,Cancelled by Customer,
RPD101390,CUST1671,DRV126,mumbai,Borivali,Dadar,04-Jun-2026 05:15 AM,bike,1.01,12.0,Low,10.0,Fog,1.04,21.06,21.9,Wallet,Completed,3.9
RPD104653,CUST3875,,BANGALORE,MG Road,Whitefield,2026-07-03 18:06:00,Cab Economy,1.62,28.0,Very High,6.0,,1.85,34.44,63.71,Cash,Cancelled by Customer,
RPD103173,CUST3486,DRV180,BANGALORE,MG Road,HSR Layout,2026-06-01 05:56:00,Auto,3.1,21.6,Low,19.0,Clear,1.04,42.9,44.62,Wallet,Ongoing,
RPD101131,CUST1584,DRV430,mumbai,Powai,Powai,02-Jun-2026 05:44 PM,auto,10.7,14.8,Low,25.0,Fog,1.0,111.3,111.3,Wallet,Ongoing,
RPD103925,CUST1833,DRV262,mumbai,Powai,Dadar,10-Jul-2026 06:32 PM,bike,1.95,8.4,Very High,1.0,Fog,1.87,26.7,49.93,,Ongoing,
RPD100848,CUST1842,DRV304,Mumbai,Dadar,Andheri,2026-07-12 09:28:00,,9.16,23.8,High,8.0,Cloudy,1.54,124.92,192.38,Card,Completed,4.4
RPD102290,CUST3666,DRV755,Pune,Viman Nagar,Kothrud,2026-06-20 14:24:00,,4.46,16.4,Very High,14.0,Rain,1.87,68.52,128.13,Card,completed,5.0
RPD102148,CUST3487,DRV274,hyderabad ,Gachibowli,Madhapur,06-Jul-2026 04:31 PM,auto,7.59,24.3,Very High,24.0,Rain,1.92,83.31,159.96,,COMPLETED,
RPD100204,CUST2100,DRV481,Pune,Baner,Camp,2026-07-09 15:02:00,Cab Premium,7.07,26.8,Low,21.0,Clear,1.0,142.26,142.26,UPI,Completed,4.0
RPD104832,CUST1272,DRV345,Hyderabad,Gachibowli,Madhapur,2026-06-19 19:24:00,Cab Premium,10.85,14.7,Very High,5.0,Fog,1.87,210.3,393.26,Card,Completed,4.1
RPD101606,CUST1719,DRV391,Bengaluru,Whitefield,Indiranagar,01-Jul-2026 11:06 AM,auto,5.14,10.9,Low,15.0,,1.0,61.26,61.26,cash ,Cancelled by Driver,
RPD102390,CUST2135,DRV410,Bangalore,Whitefield,Electronic City,2026-06-01 10:18:00,Cab Economy,4.33,12.2,Low,24.0,Fog,1.0,66.96,66.96,Cash,Completed,5.0
RPD102969,CUST2210,DRV653,mumbai,Bandra,Colaba,2026-07-11 02:01:00,Auto,13.13,4.7,Low,9.0,Fog,1.0,133.17,133.17,UPI,completed,3.2
RPD101466,CUST2113,DRV320,Pune,Hinjewadi,Kothrud,2026-06-23 18:01:00,auto,2.51,13.9,High,8.0,,1.42,37.59,53.38,,completed,4.8
RPD102311,CUST3289,DRV579,Bangalore,Indiranagar,Electronic City,2026-06-23 07:38:00,Cab Premium,3.11,3.3,Low,14.0,Clear,1.0,70.98,70.98,cash ,completed,5.0
RPD100443,CUST1640,DRV720,BANGALORE,Whitefield,MG Road,16-Jul-2026 12:26 PM,cab economy,2.03,18.8,Medium,24.0,Rain,1.05,39.36,41.33,,completed,5.0
RPD102154,CUST2611,DRV800,bangalore,Electronic City,Electronic City,08-Jul-2026 03:49 AM,Cab Premium,2.47,8.6,Low,9.0,Fog,1.0,59.46,59.46,Card,completed,4.9
RPD100936,CUST3164,DRV103,bangalore,Electronic City,Koramangala,16-Jun-2026 09:16 AM,,5.42,4.0,Very High,10.0,Fog,1.89,80.04,151.28,Cash,COMPLETED,4.4
RPD102884,CUST3310,DRV655,Mumbai,Borivali,Powai,11-Jun-2026 10:20 AM,Cab Economy,1.68,10.6,Very High,18.0,Heavy Rain,1.91,35.16,67.16,,COMPLETED,4.1
RPD103306,CUST1368,DRV594,BANGALORE,Indiranagar,Koramangala,16/06/2026 03:35,Auto,2.75,20.4,Very High,14.0,Heavy Rain,1.95,39.75,77.51,Card,Cancelled by Driver,
RPD104664,CUST2412,DRV783,Pune,Baner,Kothrud,2026-07-07 00:36:00,BIKE,1.25,6.7,Medium,19.0,Fog,1.14,22.5,25.65,wallet,Completed,5.0
RPD101182,CUST2430,,BANGALORE,Electronic City,MG Road,2026-06-21 13:14:00,Cab Economy,13.01,18.9,Very High,21.0,Rain,1.83,171.12,313.15,upi,Cancelled by Customer,
RPD103513,CUST2845,DRV444,Bangalore,Koramangala,HSR Layout,28/06/2026 16:21,cab economy,2.5,10.0,Low,5.0,Fog,1.0,45.0,45.0,cash ,Ongoing,
RPD103158,CUST3690,,Bangalore,Whitefield,Jayanagar,14/06/2026 04:58,Bike,5.56,12.5,Very High,7.0,Heavy Rain,1.99,48.36,96.24,Wallet,Cancelled by Customer,
RPD104857,CUST3304,DRV504,hyderabad ,Madhapur,Madhapur,22-Jun-2026 01:02 AM,bike,4.29,31.4,Low,25.0,Clear,1.01,40.74,41.15,UPI,completed,5.0
RPD100908,CUST3261,DRV701,bangalore,HSR Layout,Indiranagar,2026-06-10 23:04:00,Auto,5.93,33.5,Medium,24.0,,1.16,68.37,79.31,Card,COMPLETED,5.0
RPD104953,CUST3875,DRV683,mumbai,Powai,Colaba,2026-06-01 01:22:00,BIKE,6.54,10.8,Low,18.0,Fog,1.0,54.24,54.24,Cash,Completed,3.8
RPD100235,CUST3303,DRV591,hyderabad ,Gachibowli,Gachibowli,2026-06-14 19:45:00,BIKE,2.39,16.2,High,4.0,Fog,1.43,29.34,41.96,wallet,Cancelled by Driver,
RPD102722,CUST1104,DRV615,Pune,Baner,Kothrud,02/07/2026 14:33,bike,10.91,29.1,Low,10.0,Fog,1.0,80.46,80.46,Card,Ongoing,
RPD102805,CUST1778,DRV222,Bengaluru,Indiranagar,HSR Layout,11-Jul-2026 02:18 AM,Auto,2.84,3.8,Low,26.0,Cloudy,1.0,40.56,40.56,UPI,Cancelled by Driver,
RPD104756,CUST3757,DRV223,Bangalore,HSR Layout,Electronic City,2026-07-12 19:31:00,Cab Premium,7.88,32.3,Very High,4.0,Cloudy,1.93,156.84,302.7,UPI,COMPLETED,3.8
RPD102769,CUST2334,DRV677,Pune,Camp,Viman Nagar,2026-07-12 03:54:00,bike,4.52,15.6,Very High,14.0,Rain,1.89,42.12,79.61,Card,Cancelled by Driver,
RPD102713,CUST3467,DRV675,hyderabad ,Gachibowli,Madhapur,01/06/2026 21:54,,1.32,11.4,Medium,12.0,Rain,1.1,30.84,Rs. 33.92,wallet,Ongoing,
RPD104822,CUST2312,,Bengaluru,Whitefield,MG Road,2026-07-04 10:52:00,auto,3.99,11.3,Low,15.0,Clear,1.07,50.91,54.47,Card,Cancelled by Customer,
RPD102895,CUST3718,DRV731,bangalore,Whitefield,HSR Layout,2026-06-20 09:11:00,,1.07,6.1,Very High,8.0,,1.95,27.84,Rs. 54.29,Cash,Cancelled by Driver,
RPD100058,CUST2225,DRV754,Bengaluru,HSR Layout,MG Road,17/06/2026 14:16,auto,3.89,23.9,Medium,27.0,,1.13,50.01,56.51,wallet,Ongoing,
RPD101473,CUST2552,DRV225,hyderabad ,Banjara Hills,Kukatpally,2026-06-25 09:55:00,bike,6.48,28.7,Very High,4.0,Clear,1.87,53.88,100.76,Card,Completed,3.8
RPD104277,CUST2002,DRV441,Bangalore,Koramangala,Electronic City,2026-07-06 23:30:00,cab economy,4.52,21.0,Medium,16.0,Clear,1.13,69.24,78.24,Card,Completed,4.0
RPD103256,CUST1726,,Hyderabad,Madhapur,Gachibowli,04-Jun-2026 01:09 PM,Cab Economy,1.34,10.0,Medium,19.0,Fog,1.17,31.08,36.36,Card,Cancelled by Customer,
RPD103689,CUST1675,DRV707,Pune,Hinjewadi,Kothrud,2026-06-16 09:01:00,BIKE,3.08,42.7,High,5.0,Rain,1.5,33.48,Rs. 50.22,Card,Completed,4.8
RPD104322,CUST2873,DRV266,hyderabad ,Banjara Hills,Gachibowli,2026-06-28 07:59:00,bike,3.07,16.4,Very High,18.0,Rain,1.95,33.42,65.17,,Cancelled by Driver,
RPD101475,CUST3223,DRV711,mumbai,Powai,Bandra,21/06/2026 05:48,Bike,3.43,26.7,Medium,25.0,Rain,1.25,35.58,44.47,Card,COMPLETED,3.9
RPD101569,CUST1341,DRV154,bangalore,MG Road,HSR Layout,09-Jul-2026 04:24 AM,cab economy,5.84,16.5,Low,22.0,Rain,1.0,85.08,85.08,,Ongoing,
RPD103059,CUST2392,DRV453,mumbai,Bandra,Colaba,08-Jul-2026 03:51 PM,cab economy,9.47,26.5,Medium,21.0,Fog,1.21,128.64,155.65,Card,Cancelled by Driver,
RPD101590,CUST3633,DRV113,Hyderabad,Madhapur,Madhapur,05-Jun-2026 02:36 AM,Bike,1.65,28.8,Medium,13.0,Cloudy,1.2,24.9,29.88,,Completed,5.0
RPD101009,CUST3526,DRV492,Bangalore,Whitefield,Whitefield,2026-07-01 01:33:00,BIKE,3.26,7.1,Low,23.0,,1.0,34.56,34.56,wallet,Ongoing,
RPD104704,CUST1759,DRV745,Bengaluru,Koramangala,MG Road,2026-06-13 02:13:00,,5.95,19.2,Medium,23.0,Heavy Rain,1.18,86.4,101.95,wallet,Completed,4.1
RPD101580,CUST2173,,BANGALORE,MG Road,HSR Layout,2026-06-25 14:34:00,Auto,5.0,18.8,Low,24.0,Cloudy,1.05,60.0,63.0,UPI,Cancelled by Customer,
RPD103844,CUST2924,DRV237,Bangalore,Electronic City,MG Road,2026-07-14 14:03:00,Auto,5.56,16.6,Very High,23.0,Rain,2.03,65.04,132.03,,completed,4.4
RPD100760,CUST1498,DRV266,Bengaluru,HSR Layout,Koramangala,2026-06-29 14:25:00,bike,4.49,24.2,Low,21.0,Clear,1.0,41.94,41.94,cash ,Ongoing,
RPD100347,CUST1314,DRV384,Mumbai,Borivali,Colaba,2026-06-17 01:40:00,auto,11.02,9.7,Low,16.0,,1.0,114.18,114.18,Card,Ongoing,
RPD100503,CUST1214,DRV712,Bengaluru,MG Road,Koramangala,2026-07-14 17:13:00,,14.52,3.0,Low,15.0,,1.0,189.24,189.24,UPI,COMPLETED,4.6
RPD101233,CUST2050,DRV170,BANGALORE,HSR Layout,Koramangala,2026-06-11 17:38:00,Bike,14.8,30.0,Low,23.0,Heavy Rain,1.0,103.8,103.8,wallet,Cancelled by Driver,
RPD101644,CUST3096,DRV757,Mumbai,Colaba,Powai,2026-07-10 15:47:00,bike,1.63,11.7,Medium,15.0,Rain,1.14,24.78,28.25,UPI,Completed,4.7
RPD100834,CUST3891,DRV588,Pune,Kothrud,Viman Nagar,2026-07-06 08:14:00,Cab Premium,3.52,32.1,Very High,13.0,Rain,1.92,78.36,150.45,Card,Cancelled by Driver,
RPD102624,CUST3663,DRV441,bangalore,Koramangala,HSR Layout,07/06/2026 09:38,Cab Premium,2.52,11.7,High,15.0,Clear,1.44,60.36,86.92,Card,Ongoing,
RPD104008,CUST1329,DRV771,mumbai,Bandra,Bandra,04-Jul-2026 03:38 PM,BIKE,5.85,5.1,Medium,31.0,Fog,1.19,50.1,59.62,,COMPLETED,4.1
RPD101165,CUST1645,,Bengaluru,Whitefield,MG Road,2026-06-21 12:24:00,,15.0,12.1,Very High,25.0,Heavy Rain,1.81,195.0,352.95,Cash,Cancelled by Customer,
RPD103418,CUST2622,DRV315,BANGALORE,MG Road,Indiranagar,12-Jul-2026 06:08 PM,BIKE,3.47,8.5,Very High,4.0,Fog,1.83,35.82,65.55,upi,Ongoing,
RPD102842,CUST3115,,hyderabad ,Gachibowli,Hitech City,2026-06-23 21:59:00,bike,3.96,11.1,Low,20.0,Fog,1.01,38.76,39.15,wallet,Cancelled by Customer,
RPD101426,CUST1589,DRV496,bangalore,Electronic City,Jayanagar,09-Jun-2026 12:41 AM,Bike,-8.39,7.5,Low,27.0,Clear,1.0,15.6,15.6,cash ,completed,5.0
RPD100543,CUST2366,DRV379,Pune,Kothrud,Viman Nagar,28-Jun-2026 12:01 PM,,3.81,11.9,Medium,22.0,Clear,1.18,60.72,71.65,Cash,Completed,4.6
RPD101492,CUST2469,DRV285,Pune,Kothrud,Baner,2026-07-07 12:00:00,Auto,5.47,20.3,Very High,19.0,Rain,1.91,64.23,122.68,cash ,Cancelled by Driver,
RPD102216,CUST3216,DRV525,bangalore,Indiranagar,Whitefield,01-Jun-2026 04:46 AM,auto,0.53,12.0,Medium,14.0,Clear,1.14,19.77,22.54,cash ,Ongoing,
RPD104083,CUST1654,DRV469,Mumbai,Dadar,Powai,01-Jun-2026 02:42 AM,Cab Premium,8.09,18.5,Low,10.0,Cloudy,1.0,160.62,160.62,Card,completed,5.0
RPD103412,CUST1619,,Mumbai,Colaba,Andheri,2026-07-07 19:22:00,cab economy,2.57,28.8,Very High,10.0,Heavy Rain,1.89,45.84,86.64,UPI,Cancelled by Customer,
RPD100566,CUST3504,DRV401,Bengaluru,Jayanagar,Indiranagar,05/07/2026 03:00,Cab Economy,5.31,4.6,Low,21.0,Clear,1.0,78.72,78.72,Wallet,completed,4.8
RPD100264,CUST3458,DRV545,bangalore,Indiranagar,Electronic City,26/06/2026 10:51,BIKE,0.7,5.9,Medium,10.0,Cloudy,1.19,19.2,Rs. 22.85,upi,completed,4.2
RPD102647,CUST2166,,bangalore,Koramangala,Jayanagar,05/07/2026 05:51,Cab Premium,5.44,14.5,Low,19.0,Clear,1.05,112.92,118.57,wallet,Cancelled by Customer,
RPD101325,CUST3699,,BANGALORE,Indiranagar,Whitefield,30-Jun-2026 02:05 AM,Bike,1.07,18.0,Low,16.0,Cloudy,1.0,21.42,21.42,UPI,Cancelled by Customer,
RPD100382,CUST2187,DRV687,hyderabad ,Banjara Hills,Hitech City,2026-06-02 12:59:00,Cab Economy,2.96,12.0,Very High,23.0,Rain,1.97,50.52,99.52,Cash,COMPLETED,5.0
RPD103871,CUST1535,DRV482,BANGALORE,MG Road,MG Road,02/06/2026 20:01,cab economy,6.88,5.2,Very High,6.0,Rain,1.8,97.56,175.61,Cash,completed,4.6
RPD100614,CUST3531,DRV205,mumbai,Powai,Dadar,2026-06-06 17:49:00,cab economy,16.19,44.5,Medium,19.0,Cloudy,1.21,209.28,253.23,UPI,Cancelled by Driver,
RPD104267,CUST3587,DRV386,Bengaluru,Koramangala,Whitefield,2026-06-05 14:42:00,BIKE,2.64,43.1,Very High,26.0,Rain,1.94,30.84,59.83,,Cancelled by Driver,
RPD104226,CUST1940,DRV259,Mumbai,Bandra,Bandra,2026-07-07 15:36:00,BIKE,2.78,22.9,Very High,20.0,Rain,1.85,31.68,58.61,Cash,COMPLETED,
RPD104514,CUST3413,DRV543,bangalore,MG Road,Whitefield,29-Jun-2026 09:29 PM,BIKE,1.29,18.2,Very High,18.0,Heavy Rain,1.93,22.74,43.89,cash ,completed,4.2
RPD101103,CUST3884,DRV295,mumbai,Bandra,Borivali,12/06/2026 11:51,Cab Economy,1.5,5.8,Medium,15.0,Clear,1.12,33.0,36.96,Cash,Completed,4.8
RPD101979,CUST3082,,bangalore,Jayanagar,HSR Layout,14/07/2026 15:13,Cab Premium,0.5,22.7,Medium,31.0,Clear,1.16,24.0,27.84,wallet,Cancelled by Customer,
RPD103692,CUST3336,DRV448,Hyderabad,Banjara Hills,Madhapur,02-Jul-2026 04:58 PM,Cab Economy,5.01,13.7,Very High,13.0,Rain,1.99,75.12,149.49,upi,COMPLETED,3.9
RPD104633,CUST3389,DRV612,Bangalore,HSR Layout,Koramangala,2026-07-02 15:06:00,BIKE,8.0,17.3,Medium,11.0,,1.17,63.0,73.71,Wallet,Ongoing,
RPD104047,CUST3609,,bangalore,Whitefield,Indiranagar,2026-06-16 17:28:00,Bike,6.64,19.4,Low,10.0,Clear,4.82,54.84,264.33,cash ,Cancelled by Customer,
RPD101694,CUST1133,DRV453,hyderabad ,Madhapur,Kukatpally,07-Jul-2026 06:00 PM,cab economy,2.61,36.5,Very High,0.0,Clear,1.92,46.32,88.93,wallet,COMPLETED,
RPD101618,CUST2057,DRV512,mumbai,Colaba,Dadar,2026-07-01 01:57:00,Auto,6.25,7.5,Medium,9.0,,1.09,71.25,77.66,wallet,completed,4.7
RPD100033,CUST3632,DRV538,Pune,Baner,Hinjewadi,25/06/2026 10:42,cab economy,6.68,27.3,Low,20.0,Rain,1.0,95.16,95.16,Cash,COMPLETED,
RPD104474,CUST2431,DRV573,hyderabad ,Kukatpally,Gachibowli,27-Jun-2026 01:56 AM,auto,3.05,15.6,Medium,20.0,Clear,1.22,42.45,51.79,Cash,completed,
RPD100115,CUST1921,DRV404,Hyderabad,Madhapur,Banjara Hills,05-Jul-2026 11:43 AM,auto,0.79,27.5,Low,26.0,Fog,1.0,22.11,22.11,Card,Cancelled by Driver,
RPD103088,CUST1831,DRV699,Bengaluru,Electronic City,Indiranagar,14-Jun-2026 12:28 PM,bike,7.04,31.6,Low,19.0,Clear,1.03,57.24,58.96,,Cancelled by Driver,
RPD103074,CUST2525,,Pune,Baner,Hinjewadi,25/06/2026 18:41,BIKE,-6.95,27.7,High,10.0,Cloudy,1.42,15.6,22.15,Wallet,Cancelled by Customer,
RPD100821,CUST3597,DRV428,Bangalore,HSR Layout,MG Road,2026-07-07 11:56:00,BIKE,3.99,39.4,Low,22.0,Rain,1.0,38.94,38.94,Card,COMPLETED,4.6
RPD103693,CUST3992,,mumbai,Powai,Andheri,19-Jun-2026 07:26 AM,BIKE,1.38,9.0,Very High,23.0,Heavy Rain,1.95,23.28,45.4,UPI,Cancelled by Customer,
RPD101348,CUST2336,DRV130,hyderabad ,Hitech City,Kukatpally,11/06/2026 12:09,BIKE,4.4,33.7,Low,15.0,,1.02,41.4,42.23,UPI,Ongoing,
RPD101099,CUST1748,DRV109,hyderabad ,Hitech City,Banjara Hills,22-Jun-2026 01:28 AM,Cab Premium,12.03,24.4,Very High,6.0,Heavy Rain,1.93,231.54,446.87,UPI,completed,5.0
RPD101364,CUST1027,DRV417,Bangalore,HSR Layout,Electronic City,27-Jun-2026 01:06 PM,cab economy,6.96,19.8,Medium,17.0,Rain,1.07,98.52,105.42,cash ,Cancelled by Driver,
RPD100394,CUST1395,DRV226,Bangalore,Jayanagar,HSR Layout,2026-06-28 01:12:00,Bike,1.29,36.7,Medium,16.0,Cloudy,1.14,22.74,25.92,cash ,COMPLETED,
RPD103112,CUST2759,DRV667,Bengaluru,Electronic City,Electronic City,25/06/2026 19:30,Auto,4.21,25.5,High,4.0,Fog,1.36,52.89,71.93,cash ,completed,3.4
RPD103456,CUST1540,DRV309,bangalore,HSR Layout,HSR Layout,2026-06-19 09:25:00,Cab Premium,4.89,4.5,Very High,9.0,Heavy Rain,1.91,103.02,196.77,cash ,completed,4.8
RPD104540,CUST2322,DRV473,Pune,Baner,Kothrud,01-Jun-2026 12:48 PM,Cab Economy,999.0,5.6,Low,14.0,Heavy Rain,1.0,12003.0,12003.0,,COMPLETED,4.1
RPD102146,CUST2614,,Mumbai,Powai,Dadar,12-Jul-2026 12:31 PM,Cab Premium,6.61,23.6,Low,16.0,Heavy Rain,1.0,133.98,133.98,UPI,Cancelled by Customer,
RPD101852,CUST2839,DRV136,Pune,Camp,Hinjewadi,2026-06-21 19:17:00,auto,1.18,20.4,Very High,21.0,Rain,1.81,25.62,46.37,Wallet,Cancelled by Driver,
RPD101523,CUST1732,,mumbai,Colaba,Powai,2026-06-28 13:35:00,Auto,999.0,19.5,Medium,14.0,Clear,1.11,9006.0,9996.66,,Cancelled by Customer,
RPD100218,CUST2403,DRV601,bangalore,HSR Layout,Electronic City,2026-07-08 09:10:00,cab economy,12.33,9.2,Very High,5.0,,1.83,162.96,298.22,Wallet,COMPLETED,3.4
RPD103565,CUST2428,,Bengaluru,HSR Layout,Koramangala,2026-07-08 02:26:00,bike,6.04,3.7,Medium,15.0,,1.19,51.24,60.98,Card,Cancelled by Customer,
RPD104915,CUST3014,DRV310,mumbai,Dadar,Borivali,26/06/2026 06:24,Bike,5.56,11.1,Medium,24.0,Clear,1.26,48.36,60.93,Card,Ongoing,
RPD100984,CUST1974,,hyderabad ,Hitech City,Kukatpally,01-Jun-2026 06:54 AM,bike,0.85,7.9,Low,17.0,Fog,1.0,20.1,20.1,Wallet,Cancelled by Customer,
RPD100190,CUST2395,DRV281,Bengaluru,Jayanagar,Jayanagar,2026-07-02 17:19:00,Auto,4.29,18.6,Medium,20.0,Clear,1.15,53.61,Rs. 61.65,Wallet,completed,5.0
RPD103912,CUST3700,DRV541,BANGALORE,Koramangala,HSR Layout,10/06/2026 16:46,auto,3.26,23.8,Very High,16.0,Rain,1.95,44.34,86.46,cash ,Completed,4.1
RPD104255,CUST1950,DRV294,mumbai,Dadar,Colaba,11/06/2026 07:10,Cab Economy,9.75,7.2,Medium,22.0,Cloudy,1.05,132.0,138.6,Wallet,completed,5.0
RPD101622,CUST3444,DRV555,Bangalore,Jayanagar,Jayanagar,2026-06-16 15:24:00,auto,5.43,41.0,Very High,31.0,Rain,1.97,63.87,125.82,Wallet,Cancelled by Driver,
RPD100554,CUST1486,DRV531,Bengaluru,Koramangala,Indiranagar,2026-06-19 01:08:00,BIKE,4.4,8.9,Medium,8.0,,1.1,41.4,45.54,,Cancelled by Driver,
RPD104362,CUST2547,DRV200,bangalore,HSR Layout,Indiranagar,30/06/2026 08:44,BIKE,2.85,24.2,Very High,14.0,Cloudy,1.91,32.1,61.31,,Cancelled by Driver,
RPD103743,CUST3608,DRV376,mumbai,Colaba,Colaba,2026-06-20 01:26:00,Cab Economy,1.07,22.1,Low,18.0,Clear,1.01,27.84,28.12,upi,Completed,3.3
RPD103022,CUST1922,DRV463,mumbai,Borivali,Borivali,2026-06-18 15:24:00,auto,1.49,27.3,Very High,26.0,Heavy Rain,1.98,28.41,56.25,Card,Cancelled by Driver,
RPD101381,CUST2074,DRV447,Pune,Viman Nagar,Hinjewadi,2026-07-10 17:37:00,bike,3.97,7.9,Very High,23.0,Rain,1.88,38.82,72.98,Cash,completed,
RPD101254,CUST1133,DRV602,Bangalore,Koramangala,Electronic City,2026-07-04 08:19:00,cab economy,11.03,35.1,High,14.0,,1.46,147.36,215.15,Card,Ongoing,
RPD102538,CUST2941,DRV788,mumbai,Borivali,Bandra,2026-07-05 11:04:00,Auto,5.84,22.5,Very High,22.0,Heavy Rain,1.99,67.56,134.44,Wallet,Ongoing,
RPD102270,CUST1515,DRV776,Bangalore,Electronic City,Electronic City,2026-06-18 03:13:00,Cab Premium,2.46,3.9,Medium,14.0,Cloudy,1.15,59.28,68.17,Card,Completed,4.0
RPD104363,CUST1642,DRV494,Bengaluru,Whitefield,Indiranagar,26/06/2026 01:26,Bike,3.98,30.9,Low,0.0,Cloudy,1.0,38.88,,UPI,COMPLETED,4.7
RPD103774,CUST2207,,hyderabad ,Kukatpally,Madhapur,2026-06-25 11:37:00,auto,6.59,22.6,Medium,26.0,Fog,1.15,74.31,85.46,Wallet,Cancelled by Customer,
RPD100405,CUST2687,DRV459,mumbai,Powai,Powai,2026-06-04 00:37:00,Bike,0.86,5.1,Low,17.0,,1.0,20.16,20.16,UPI,Cancelled by Driver,
RPD101784,CUST1964,,Pune,Kothrud,Baner,04/07/2026 15:59,bike,3.87,22.7,Low,23.0,,1.0,38.22,38.22,,Cancelled by Customer,
RPD100667,CUST2669,DRV790,mumbai,Colaba,Colaba,2026-06-05 11:41:00,Auto,3.42,7.0,Medium,21.0,Fog,1.1,45.78,50.36,Cash,completed,4.5
RPD102453,CUST1048,DRV608,bangalore,Koramangala,MG Road,14/06/2026 15:59,auto,1.58,13.0,Low,28.0,,1.0,29.22,29.22,UPI,Completed,3.8
RPD101414,CUST1912,DRV686,Mumbai,Powai,Andheri,30-Jun-2026 06:22 AM,auto,2.49,20.3,Low,26.0,Fog,1.0,37.41,Rs. 37.41,Card,COMPLETED,4.7
RPD102563,CUST1214,DRV179,hyderabad ,Banjara Hills,Gachibowli,2026-07-02 20:59:00,BIKE,9.22,8.1,Very High,16.0,Cloudy,1.84,70.32,129.39,Cash,COMPLETED,5.0
RPD103746,CUST3764,DRV313,Pune,Camp,Baner,19-Jun-2026 04:36 AM,cab economy,4.81,28.0,Low,8.0,Rain,1.0,72.72,72.72,upi,completed,5.0
RPD101387,CUST2082,,Bangalore,Whitefield,Electronic City,2026-06-29 18:03:00,Auto,4.52,19.8,Very High,21.0,Rain,1.86,55.68,103.56,Wallet,Cancelled by Customer,
RPD103920,CUST1440,DRV393,Hyderabad,Madhapur,Hitech City,23-Jun-2026 08:43 PM,BIKE,12.54,7.2,Very High,16.0,Fog,1.8,90.24,162.43,UPI,Ongoing,
RPD102442,CUST1179,DRV476,bangalore,Koramangala,HSR Layout,2026-06-27 10:47:00,Auto,6.75,20.7,Medium,27.0,Heavy Rain,1.11,75.75,84.08,,Ongoing,
RPD102061,CUST2594,DRV737,Pune,Viman Nagar,Kothrud,25-Jun-2026 05:19 AM,Cab Premium,5.58,23.3,Very High,12.0,Rain,1.92,115.44,221.64,Cash,COMPLETED,4.8
RPD100486,CUST3026,DRV585,bangalore,Jayanagar,HSR Layout,2026-07-13 19:04:00,,6.08,47.9,Very High,18.0,Heavy Rain,1.85,87.96,162.73,Card,COMPLETED,5.0
RPD103539,CUST2650,DRV664,bangalore,Electronic City,MG Road,17-Jun-2026 07:28 AM,Auto,4.44,9.7,Low,15.0,,1.02,54.96,56.06,Wallet,Cancelled by Driver,
RPD104580,CUST3927,DRV613,Pune,Kothrud,Kothrud,25-Jun-2026 03:34 AM,cab economy,2.44,19.2,Medium,21.0,Cloudy,1.14,44.28,50.48,Wallet,Ongoing,
RPD104830,CUST3397,DRV299,bangalore,Electronic City,Electronic City,2026-07-11 20:42:00,,1.25,10.7,Very High,11.0,Heavy Rain,1.89,30.0,56.7,Wallet,COMPLETED,3.5
RPD102297,CUST3112,DRV483,hyderabad ,Madhapur,Gachibowli,2026-06-23 08:47:00,bike,4.06,44.2,Very High,7.0,,1.82,39.36,71.64,UPI,Ongoing,
RPD104075,CUST3868,DRV769,mumbai,Dadar,Bandra,2026-07-07 01:12:00,Cab Economy,5.56,16.3,Low,14.0,Clear,1.0,81.72,81.72,cash ,COMPLETED,4.1
RPD104275,CUST3776,DRV652,BANGALORE,MG Road,MG Road,2026-06-02 10:26:00,Cab Economy,3.84,12.2,Very High,9.0,Rain,1.87,61.08,114.22,UPI,Ongoing,
RPD104496,CUST1136,,Mumbai,Colaba,Powai,2026-07-10 13:56:00,Auto,4.41,20.8,Medium,24.0,,1.12,54.69,61.25,Wallet,Cancelled by Customer,
RPD101598,CUST2251,DRV235,Bengaluru,Indiranagar,Electronic City,2026-07-01 06:59:00,bike,0.81,18.5,Low,26.0,Cloudy,1.0,19.86,19.86,Cash,COMPLETED,4.6
RPD100599,CUST2900,DRV522,Hyderabad,Madhapur,Madhapur,03-Jun-2026 09:18 PM,,11.72,34.3,Low,17.0,Cloudy,1.0,155.64,155.64,wallet,Cancelled by Driver,
RPD100159,CUST3028,DRV662,Pune,Baner,Baner,2026-07-16 14:31:00,Auto,2.16,12.2,Very High,23.0,Heavy Rain,1.94,34.44,66.81,upi,Ongoing,
RPD102426,CUST1794,DRV173,Pune,Viman Nagar,Camp,2026-06-01 05:15:00,Auto,4.27,6.0,Low,20.0,Fog,1.0,53.43,53.43,upi,COMPLETED,3.7
RPD104025,CUST1014,DRV388,Pune,Viman Nagar,Viman Nagar,27-Jun-2026 10:38 AM,Cab Economy,6.68,25.7,Low,28.0,Fog,1.0,95.16,95.16,,Completed,4.1
RPD104802,CUST3312,DRV429,Bengaluru,Koramangala,Koramangala,03/06/2026 05:20,cab economy,3.22,3.7,Medium,20.0,Cloudy,1.18,53.64,63.3,upi,Cancelled by Driver,
RPD102605,CUST1205,,bangalore,HSR Layout,MG Road,2026-06-28 23:24:00,BIKE,1.49,31.3,Low,24.0,Fog,1.0,23.94,23.94,UPI,Cancelled by Customer,
RPD103082,CUST1096,DRV292,Hyderabad,Gachibowli,Kukatpally,07/06/2026 10:16,bike,0.5,8.5,Low,13.0,,1.0,18.0,18.0,cash ,Cancelled by Driver,
RPD102874,CUST2195,,Pune,Hinjewadi,Camp,02-Jun-2026 02:26 AM,Cab Economy,-9.6,20.0,Medium,19.0,,1.23,16.2,19.93,cash ,Cancelled by Customer,
RPD101124,CUST1772,DRV330,bangalore,Electronic City,Electronic City,2026-06-26 11:23:00,auto,1.46,13.2,Low,10.0,Heavy Rain,1.07,28.14,30.11,wallet,COMPLETED,5.0
RPD104893,CUST3344,DRV183,hyderabad ,Kukatpally,Gachibowli,2026-06-29 20:48:00,cab economy,11.72,41.2,Very High,7.0,Clear,1.93,155.64,300.39,wallet,Cancelled by Driver,
RPD100227,CUST1608,DRV671,hyderabad ,Madhapur,Madhapur,2026-06-15 21:55:00,bike,5.51,11.9,Medium,13.0,Cloudy,1.17,48.06,56.23,UPI,COMPLETED,4.6
RPD103452,CUST3094,DRV515,Bangalore,Electronic City,Koramangala,02/06/2026 04:54,Auto,0.98,11.9,Medium,25.0,Rain,1.11,23.82,26.44,Card,Completed,3.9
RPD102523,CUST2683,,Hyderabad,Hitech City,Hitech City,28-Jun-2026 05:04 PM,cab economy,5.66,20.5,Medium,19.0,Rain,1.15,82.92,95.36,upi,Cancelled by Customer,
RPD100556,CUST1765,DRV355,Bangalore,MG Road,Jayanagar,22/06/2026 13:38,cab economy,3.16,20.4,Medium,12.0,Clear,1.13,52.92,59.8,Card,Ongoing,
RPD102677,CUST1010,DRV328,mumbai,Colaba,Colaba,2026-07-05 02:58:00,Auto,999.0,17.6,Medium,9.0,Cloudy,1.21,9006.0,10897.26,UPI,Cancelled by Driver,
RPD103276,CUST2349,DRV145,Bengaluru,Indiranagar,Indiranagar,21/06/2026 23:42,Cab Premium,1.46,22.1,Medium,28.0,Rain,1.14,41.28,47.06,upi,Cancelled by Driver,
RPD102387,CUST2036,DRV368,hyderabad ,Kukatpally,Banjara Hills,03/07/2026 23:38,Cab Economy,7.6,34.0,Medium,26.0,Cloudy,1.17,106.2,124.25,Card,Ongoing,
RPD104417,CUST1613,DRV328,BANGALORE,Koramangala,Whitefield,2026-06-14 16:18:00,auto,14.18,26.1,Low,14.0,Fog,1.0,142.62,142.62,Cash,Cancelled by Driver,
RPD102714,CUST2544,DRV755,mumbai,Borivali,Borivali,2026-07-08 21:33:00,Bike,6.47,27.8,Medium,23.0,Cloudy,1.18,53.82,63.51,,COMPLETED,5.0
RPD100708,CUST3696,,hyderabad ,Gachibowli,Banjara Hills,2026-06-14 14:16:00,BIKE,2.92,12.0,Medium,15.0,Cloudy,1.2,32.52,39.02,UPI,Cancelled by Customer,
RPD104286,CUST1449,DRV486,bangalore,Whitefield,Indiranagar,2026-06-25 03:16:00,,8.3,18.6,Very High,17.0,Rain,1.92,114.6,220.03,,Ongoing,
RPD103821,CUST2006,DRV758,Mumbai,Colaba,Andheri,2026-06-15 00:53:00,Cab Premium,4.75,43.4,Low,19.0,Rain,1.0,100.5,100.5,cash ,Cancelled by Driver,
RPD104369,CUST3125,DRV212,Bangalore,HSR Layout,Indiranagar,14/06/2026 15:40,BIKE,3.14,26.8,Medium,18.0,,1.13,33.84,38.24,cash ,completed,3.8
RPD103067,CUST2800,DRV462,hyderabad ,Kukatpally,Madhapur,19/06/2026 04:42,Auto,7.8,8.2,Low,13.0,Cloudy,1.0,85.2,85.2,UPI,Ongoing,
RPD101172,CUST1067,DRV193,Hyderabad,Gachibowli,Gachibowli,02/06/2026 06:17,BIKE,12.86,16.9,Low,22.0,Fog,1.0,92.16,92.16,,Ongoing,
RPD101456,CUST2655,,Hyderabad,Gachibowli,Banjara Hills,13/07/2026 18:35,Auto,8.25,26.1,Very High,10.0,Heavy Rain,1.91,89.25,170.47,Wallet,Cancelled by Customer,
RPD104929,CUST2927,DRV369,Pune,Camp,Camp,11/06/2026 08:34,cab economy,2.83,17.3,High,12.0,,1.28,48.96,62.67,upi,Ongoing,
RPD104834,CUST1558,DRV758,BANGALORE,Koramangala,Koramangala,2026-07-12 03:57:00,,5.72,13.3,Low,14.0,Fog,1.01,83.64,84.48,Cash,COMPLETED,4.3
RPD104955,CUST2991,DRV749,Mumbai,Powai,Dadar,2026-06-04 18:32:00,bike,5.2,18.2,High,5.0,Clear,1.4,46.2,64.68,UPI,Cancelled by Driver,
RPD100327,CUST2372,DRV573,Bangalore,Jayanagar,Indiranagar,2026-06-13 10:53:00,Bike,3.44,24.9,Low,19.0,,1.08,35.64,38.49,wallet,Ongoing,
RPD102268,CUST2912,DRV113,mumbai,Powai,Dadar,2026-07-03 01:43:00,Bike,6.81,26.5,Medium,34.0,Clear,1.21,55.86,67.59,UPI,Ongoing,
RPD100477,CUST1414,DRV447,Bangalore,Electronic City,Koramangala,2026-06-19 12:25:00,Bike,2.01,18.9,Medium,28.0,Cloudy,1.21,27.06,32.74,UPI,Ongoing,
RPD104117,CUST1878,DRV743,Mumbai,Bandra,Dadar,03-Jun-2026 06:13 PM,bike,4.33,17.6,Very High,4.0,Rain,1.94,40.98,79.5,Cash,Cancelled by Driver,
RPD103649,CUST3299,DRV474,Bangalore,Whitefield,Whitefield,2026-07-11 16:05:00,bike,6.76,29.5,Low,17.0,Fog,1.0,55.56,Rs. 55.56,UPI,Completed,4.7
RPD104521,CUST1909,DRV277,hyderabad ,Kukatpally,Hitech City,12-Jul-2026 08:22 PM,BIKE,4.07,14.9,Very High,4.0,Clear,1.95,39.42,76.87,Cash,Ongoing,
RPD104161,CUST1229,,mumbai,Andheri,Andheri,13/06/2026 01:34,cab economy,6.82,15.3,Low,21.0,Cloudy,1.0,96.84,96.84,cash ,Cancelled by Customer,
RPD102858,CUST3829,DRV220,Hyderabad,Gachibowli,Kukatpally,01/07/2026 02:15,auto,7.42,28.0,Medium,34.0,Clear,1.14,81.78,93.23,wallet,Ongoing,
RPD101420,CUST1625,,hyderabad ,Hitech City,Kukatpally,2026-07-05 16:09:00,Cab Economy,5.57,34.4,Very High,19.0,Heavy Rain,1.84,81.84,150.59,cash ,Cancelled by Customer,
RPD102421,CUST1513,,Mumbai,Andheri,Borivali,13/07/2026 05:42,Auto,1.73,25.4,Very High,19.0,Rain,1.86,30.57,56.86,,Cancelled by Customer,
RPD102709,CUST3294,,mumbai,Powai,Borivali,02-Jun-2026 01:37 AM,Auto,1.71,3.1,Medium,24.0,Clear,1.12,30.39,34.04,,Cancelled by Customer,
RPD104900,CUST1119,DRV258,bangalore,Indiranagar,Jayanagar,15-Jul-2026 09:43 PM,cab economy,3.29,10.5,Low,27.0,,1.0,54.48,54.48,,Ongoing,
RPD100524,CUST2576,DRV400,mumbai,Andheri,Borivali,2026-06-21 21:28:00,bike,14.49,20.8,Very High,20.0,Heavy Rain,1.86,101.94,189.61,cash ,COMPLETED,5.0
RPD100993,CUST2850,DRV741,hyderabad ,Kukatpally,Madhapur,16/07/2026 22:16,Cab Economy,2.03,8.4,Medium,21.0,,1.13,39.36,44.48,,Completed,4.1
RPD101831,CUST2990,DRV205,bangalore,Electronic City,Electronic City,06/06/2026 19:35,Bike,5.63,19.9,Very High,21.0,,1.96,48.78,Rs. 95.61,Wallet,COMPLETED,4.0
RPD103274,CUST1491,DRV384,Mumbai,Borivali,Borivali,2026-06-21 13:57:00,Cab Premium,0.58,21.5,Low,25.0,,1.0,25.44,25.44,Cash,Ongoing,
RPD100731,CUST3803,,Bangalore,Electronic City,Indiranagar,09/06/2026 19:39,Cab Premium,3.05,7.9,Very High,11.0,Clear,1.89,69.9,132.11,upi,Cancelled by Customer,
RPD103595,CUST3936,DRV403,BANGALORE,Electronic City,MG Road,2026-06-22 10:34:00,Cab Premium,4.79,11.7,Low,10.0,Clear,1.04,101.22,105.27,,completed,3.3
RPD102336,CUST2767,DRV443,bangalore,Electronic City,HSR Layout,2026-06-28 22:10:00,bike,8.2,15.6,Medium,28.0,Cloudy,1.14,64.2,73.19,cash ,COMPLETED,5.0
RPD102307,CUST1432,DRV656,Mumbai,Colaba,Dadar,2026-06-26 12:00:00,Bike,9.17,9.0,Medium,13.0,Heavy Rain,1.1,70.02,77.02,UPI,Ongoing,
RPD104987,CUST2877,DRV265,Bangalore,Koramangala,Jayanagar,28-Jun-2026 04:18 AM,Bike,4.67,28.1,Medium,13.0,Fog,1.1,43.02,47.32,Card,Cancelled by Driver,
RPD101940,CUST3517,DRV723,BANGALORE,Koramangala,Koramangala,06-Jul-2026 01:03 PM,bike,2.15,25.0,Low,22.0,,1.01,27.9,28.18,cash ,completed,4.8
RPD101397,CUST3981,DRV138,Mumbai,Borivali,Dadar,2026-06-02 14:00:00,Bike,6.42,26.4,Low,11.0,Heavy Rain,1.0,53.52,53.52,,COMPLETED,2.8
RPD100752,CUST3175,DRV398,Hyderabad,Gachibowli,Hitech City,21-Jun-2026 11:26 PM,Auto,5.21,16.1,Medium,7.0,Fog,1.19,61.89,73.65,UPI,COMPLETED,5.0
RPD103766,CUST3287,DRV484,Mumbai,Andheri,Dadar,2026-06-23 03:32:00,Cab Premium,-3.77,29.2,Very High,24.0,Heavy Rain,1.84,16.8,30.91,upi,completed,4.4
RPD100489,CUST1292,DRV468,Pune,Hinjewadi,Kothrud,29/06/2026 07:16,,0.87,7.2,Low,29.0,Fog,1.0,25.44,25.44,UPI,completed,5.0
RPD104518,CUST3047,DRV588,BANGALORE,Whitefield,Jayanagar,2026-06-04 09:42:00,bike,0.85,43.7,Very High,15.0,Cloudy,1.86,20.1,37.39,,Completed,4.6
RPD101017,CUST1739,DRV557,Hyderabad,Kukatpally,Kukatpally,2026-06-15 05:51:00,Cab Economy,4.6,17.0,Low,16.0,Heavy Rain,1.01,70.2,70.9,,COMPLETED,4.6
RPD102107,CUST3930,DRV725,mumbai,Bandra,Colaba,2026-06-17 21:08:00,Cab Premium,9.93,26.0,Medium,10.0,Clear,1.09,193.74,211.18,Card,Ongoing,
RPD104798,CUST2693,DRV421,Pune,Baner,Hinjewadi,24/06/2026 08:22,Cab Premium,2.99,9.7,Very High,6.0,Clear,1.81,68.82,124.56,upi,Completed,4.8
RPD102004,CUST1124,DRV622,Mumbai,Borivali,Colaba,30/06/2026 12:06,auto,7.09,17.7,Low,20.0,Fog,1.0,78.81,78.81,Cash,COMPLETED,5.0
RPD104094,CUST2869,DRV676,BANGALORE,Koramangala,Whitefield,2026-06-04 12:53:00,Cab Premium,1.76,19.5,Low,19.0,Rain,1.0,46.68,46.68,upi,Ongoing,
RPD103289,CUST2851,,Mumbai,Andheri,Dadar,08-Jul-2026 09:40 PM,bike,3.16,13.9,Medium,23.0,Fog,1.14,33.96,38.71,upi,Cancelled by Customer,
RPD104000,CUST3399,,hyderabad ,Banjara Hills,Kukatpally,2026-06-11 14:43:00,BIKE,1.61,14.7,Medium,19.0,Fog,1.19,24.66,29.35,Card,Cancelled by Customer,
RPD101725,CUST3597,DRV167,Hyderabad,Gachibowli,Hitech City,2026-07-16 03:48:00,bike,3.4,14.2,Very High,13.0,Heavy Rain,1.92,35.4,67.97,Card,Completed,4.8
RPD100011,CUST1290,DRV626,bangalore,Indiranagar,Indiranagar,05/06/2026 10:01,bike,10.92,10.5,Low,22.0,,1.0,80.52,80.52,cash ,Cancelled by Driver,
RPD102201,CUST2911,,BANGALORE,Whitefield,Electronic City,2026-06-26 23:01:00,bike,7.96,6.9,Low,17.0,Cloudy,1.02,62.76,64.02,UPI,Cancelled by Customer,
RPD102098,CUST2272,DRV665,Mumbai,Dadar,Andheri,2026-06-08 05:18:00,cab economy,2.02,16.2,Medium,14.0,Fog,1.1,39.24,43.16,wallet,Completed,4.7
RPD100979,CUST2371,DRV126,hyderabad ,Kukatpally,Madhapur,26-Jun-2026 12:04 PM,Cab Premium,8.61,23.7,Medium,28.0,Fog,1.16,169.98,197.18,UPI,Ongoing,
RPD100775,CUST1505,,Hyderabad,Gachibowli,Gachibowli,2026-06-26 05:41:00,Cab Economy,3.03,8.2,Low,26.0,Clear,1.01,51.36,51.87,Cash,Cancelled by Customer,
RPD100760,CUST1498,DRV266,Bengaluru,HSR Layout,Koramangala,2026-06-29 14:25:00,bike,4.49,24.2,Low,21.0,Clear,1.0,41.94,41.94,cash ,Ongoing,
RPD101612,CUST3962,DRV799,Pune,Baner,Viman Nagar,2026-06-01 20:21:00,Bike,12.35,26.4,Very High,5.0,,1.96,89.1,174.64,Cash,Ongoing,
RPD103200,CUST3163,DRV740,Bengaluru,Whitefield,MG Road,01-Jul-2026 11:53 PM,bike,6.5,7.2,Very High,22.0,Rain,1.95,54.0,Rs. 105.3,Wallet,completed,4.6
RPD102221,CUST3591,DRV519,hyderabad ,Hitech City,Banjara Hills,01-Jun-2026 08:52 AM,Cab Economy,3.3,22.7,Very High,5.0,Cloudy,1.86,54.6,101.56,wallet,Ongoing,
RPD102890,CUST2526,DRV696,Pune,Camp,Kothrud,26-Jun-2026 04:21 AM,,4.85,19.4,Low,27.0,Cloudy,1.0,73.2,73.2,upi,Completed,4.9
RPD102076,CUST2881,DRV662,Bengaluru,Electronic City,Electronic City,2026-06-21 22:11:00,BIKE,3.45,7.6,Low,19.0,Fog,1.05,35.7,37.49,wallet,COMPLETED,3.6
RPD100111,CUST3431,DRV444,Bangalore,Koramangala,Indiranagar,2026-07-16 10:51:00,,1.18,9.9,Very High,23.0,Rain,1.97,29.16,57.45,,COMPLETED,4.0
RPD104162,CUST3149,DRV539,Bengaluru,Indiranagar,Jayanagar,08-Jun-2026 08:21 PM,Cab Premium,2.89,5.7,Very High,11.0,Rain,1.87,67.02,125.33,,Cancelled by Driver,
RPD104338,CUST3513,DRV212,Bangalore,Electronic City,MG Road,2026-07-10 23:57:00,bike,4.45,5.2,Medium,10.0,Fog,1.16,41.7,48.37,wallet,COMPLETED,4.2
RPD100491,CUST3263,DRV579,Mumbai,Powai,Dadar,26/06/2026 18:48,BIKE,1.81,4.5,High,2.0,Cloudy,1.43,25.86,36.98,,completed,4.5
RPD101191,CUST1022,DRV456,hyderabad ,Hitech City,Gachibowli,2026-07-03 22:12:00,Cab Premium,15.63,22.6,Medium,20.0,Cloudy,1.12,296.34,331.9,cash ,COMPLETED,
RPD103699,CUST1509,DRV525,Pune,Hinjewadi,Baner,2026-06-24 06:58:00,Cab Premium,2.02,12.6,Low,24.0,Cloudy,1.0,51.36,51.36,wallet,Ongoing,
RPD103381,CUST2780,DRV405,bangalore,Indiranagar,Whitefield,15-Jun-2026 08:43 AM,Cab Premium,0.84,17.6,High,12.0,Fog,1.37,30.12,41.26,Card,Cancelled by Driver,
RPD101480,CUST1053,DRV648,Hyderabad,Kukatpally,Gachibowli,2026-06-13 16:46:00,BIKE,4.28,3.0,Very High,18.0,Rain,1.92,40.68,78.11,Card,Cancelled by Driver,
RPD100637,CUST3239,DRV366,bangalore,Electronic City,Koramangala,2026-06-16 06:06:00,Bike,3.14,10.8,Medium,26.0,Clear,1.17,33.84,39.59,,completed,4.1
RPD102928,CUST2182,,Pune,Hinjewadi,Viman Nagar,2026-07-01 00:39:00,cab economy,4.29,21.9,Low,22.0,Clear,1.09,66.48,72.46,,Cancelled by Customer,
RPD101907,CUST2433,DRV103,mumbai,Dadar,Powai,2026-06-29 04:27:00,,6.7,6.7,Very High,14.0,Rain,1.97,95.4,187.94,UPI,Ongoing,
RPD104479,CUST2709,DRV641,mumbai,Dadar,Bandra,2026-06-02 04:03:00,auto,6.76,18.5,Low,13.0,Fog,1.0,75.84,75.84,upi,Cancelled by Driver,
RPD101299,CUST1603,DRV593,Bangalore,Indiranagar,Jayanagar,04-Jul-2026 08:09 AM,BIKE,2.34,17.9,High,11.0,Cloudy,1.41,29.04,40.95,upi,completed,4.3
RPD102073,CUST2924,,Hyderabad,Kukatpally,Kukatpally,2026-06-02 09:49:00,,7.37,17.3,Very High,7.0,Cloudy,1.93,103.44,199.64,Card,Cancelled by Customer,
RPD103440,CUST2243,DRV356,Hyderabad,Gachibowli,Kukatpally,09-Jun-2026 05:39 AM,,1.67,15.4,Low,16.0,Clear,1.0,35.04,35.04,UPI,Cancelled by Driver,
RPD100072,CUST1443,DRV458,hyderabad ,Madhapur,Banjara Hills,2026-07-13 03:26:00,Bike,11.08,29.7,Low,5.0,Heavy Rain,1.0,81.48,81.48,Wallet,COMPLETED,4.5
RPD103471,CUST1860,DRV249,BANGALORE,Whitefield,Indiranagar,30/06/2026 14:24,Cab Premium,0.5,18.9,Very High,18.0,Heavy Rain,1.89,24.0,45.36,Wallet,Completed,5.0
RPD103709,CUST3000,,mumbai,Borivali,Colaba,01-Jul-2026 08:54 AM,Cab Premium,5.79,6.1,Very High,19.0,Heavy Rain,1.92,119.22,228.9,upi,Cancelled by Customer,
RPD101853,CUST1068,DRV312,BANGALORE,Koramangala,Indiranagar,06-Jun-2026 09:14 PM,,1.6,12.4,Low,26.0,Cloudy,1.04,34.2,35.57,wallet,completed,5.0
RPD101943,CUST3873,DRV177,Pune,Hinjewadi,Camp,2026-06-08 12:50:00,,4.63,8.8,Low,27.0,Clear,1.05,70.56,74.09,,Completed,4.7
RPD101255,CUST1943,DRV385,BANGALORE,Koramangala,HSR Layout,2026-06-20 01:03:00,Auto,2.4,7.3,Medium,24.0,Cloudy,1.14,36.6,41.72,Card,completed,5.0
RPD102470,CUST3260,DRV203,mumbai,Powai,Powai,2026-06-02 14:54:00,Auto,5.96,21.2,Very High,16.0,Heavy Rain,1.91,68.64,131.1,upi,Cancelled by Driver,
RPD100185,CUST2774,DRV504,Bangalore,Koramangala,Indiranagar,2026-07-12 14:51:00,Cab Economy,12.33,13.6,Low,23.0,Clear,1.0,162.96,162.96,,Ongoing,
RPD100825,CUST1266,DRV257,Mumbai,Andheri,Dadar,13/07/2026 02:51,bike,3.97,29.8,Low,10.0,Clear,1.0,38.82,38.82,cash ,Completed,4.6
RPD100387,CUST1630,DRV368,hyderabad ,Kukatpally,Madhapur,09-Jun-2026 06:11 AM,auto,7.55,23.9,Medium,12.0,Fog,1.12,82.95,92.9,Card,Completed,4.8
RPD101720,CUST2966,DRV275,hyderabad ,Madhapur,Gachibowli,2026-07-15 02:11:00,cab economy,6.46,30.9,Medium,14.0,,1.15,92.52,106.4,Card,COMPLETED,4.4
RPD103444,CUST3914,DRV723,hyderabad ,Banjara Hills,Banjara Hills,26/06/2026 06:59,Cab Premium,5.79,27.2,Medium,15.0,Clear,1.07,119.22,127.57,,Ongoing,
RPD103818,CUST3033,DRV698,bangalore,MG Road,Whitefield,16/07/2026 01:02,auto,0.93,7.0,Low,18.0,Fog,1.0,23.37,23.37,Cash,Completed,4.2
RPD103933,CUST3499,DRV695,hyderabad ,Hitech City,Madhapur,2026-07-11 09:19:00,BIKE,1.29,8.0,Very High,11.0,Clear,1.93,22.74,43.89,upi,Cancelled by Driver,
RPD100469,CUST2466,DRV496,Pune,Camp,Hinjewadi,12/07/2026 20:04,cab economy,1.77,9.6,Very High,12.0,,1.91,36.24,69.22,Cash,Ongoing,
RPD101419,CUST1354,DRV480,Pune,Baner,Viman Nagar,04-Jul-2026 06:06 AM,Cab Premium,7.14,19.4,Low,14.0,Cloudy,1.0,143.52,143.52,upi,COMPLETED,4.7
RPD103087,CUST3043,,mumbai,Dadar,Bandra,10-Jul-2026 11:46 PM,Cab Premium,3.7,15.0,Very High,21.0,Heavy Rain,2.04,81.6,166.46,UPI,Cancelled by Customer,
RPD100537,CUST1757,DRV515,bangalore,Jayanagar,Electronic City,12-Jun-2026 12:30 PM,BIKE,5.53,28.8,Medium,23.0,Clear,1.15,48.18,55.41,UPI,Ongoing,
RPD102288,CUST2829,DRV693,Mumbai,Andheri,Andheri,2026-06-15 11:25:00,,12.88,7.5,Very High,31.0,Rain,1.88,169.56,318.77,wallet,Completed,4.5
RPD100342,CUST3744,DRV228,Pune,Viman Nagar,Baner,26/06/2026 12:27,Auto,8.56,8.0,Low,23.0,Fog,1.06,92.04,97.56,Cash,completed,4.7
RPD104229,CUST3884,DRV328,BANGALORE,Koramangala,HSR Layout,05-Jul-2026 10:45 AM,BIKE,6.68,10.4,Low,22.0,Fog,1.05,55.08,57.83,wallet,Cancelled by Driver,
RPD102984,CUST3340,DRV145,bangalore,HSR Layout,Electronic City,23-Jun-2026 07:22 AM,Cab Economy,8.05,24.0,Very High,27.0,Rain,1.98,111.6,220.97,upi,completed,3.9
RPD103939,CUST1841,DRV577,Hyderabad,Madhapur,Hitech City,03-Jul-2026 05:31 PM,bike,16.19,5.7,Very High,22.0,Heavy Rain,1.94,112.14,217.55,Card,completed,5.0
RPD101996,CUST1098,DRV304,bangalore,HSR Layout,HSR Layout,04/07/2026 10:47,auto,2.8,12.3,Low,15.0,Clear,1.0,40.2,40.2,Cash,COMPLETED,3.9
RPD104114,CUST1910,DRV796,hyderabad ,Madhapur,Kukatpally,24-Jun-2026 11:41 PM,BIKE,10.52,41.5,Medium,19.0,,1.05,78.12,82.03,wallet,Completed,5.0
RPD101620,CUST3515,DRV667,Hyderabad,Banjara Hills,Banjara Hills,23-Jun-2026 02:29 PM,BIKE,10.06,6.2,Low,21.0,Cloudy,1.0,75.36,75.36,,COMPLETED,
RPD104501,CUST2964,DRV301,hyderabad ,Gachibowli,Madhapur,2026-07-12 01:46:00,Cab Economy,1.05,13.6,Low,24.0,Cloudy,1.0,27.6,27.6,UPI,Cancelled by Driver,
RPD102588,CUST3669,DRV493,bangalore,Whitefield,Jayanagar,12/07/2026 09:16,bike,2.34,10.7,Very High,7.0,Fog,1.89,29.04,54.89,Cash,COMPLETED,4.3
RPD103611,CUST1021,DRV502,Pune,Viman Nagar,Baner,14-Jul-2026 03:13 PM,BIKE,5.75,20.2,Medium,14.0,Fog,1.12,49.5,55.44,upi,Cancelled by Driver,
RPD104638,CUST3803,DRV713,Hyderabad,Madhapur,Kukatpally,2026-07-15 20:35:00,Cab Economy,4.16,10.4,Very High,0.0,Rain,1.82,64.92,118.15,,Completed,3.9
RPD101928,CUST3095,DRV684,Hyderabad,Banjara Hills,Gachibowli,17/06/2026 11:02,Auto,0.81,12.1,Medium,28.0,Fog,1.08,22.29,24.07,wallet,completed,4.1
RPD104088,CUST1114,DRV156,Hyderabad,Madhapur,Gachibowli,2026-06-01 22:57:00,cab economy,5.57,32.0,Medium,23.0,Fog,1.23,81.84,100.66,wallet,completed,4.1
RPD100720,CUST3592,DRV605,Pune,Hinjewadi,Baner,2026-06-21 09:40:00,,5.55,36.1,Very High,6.0,,1.95,81.6,159.12,wallet,completed,4.5
RPD101084,CUST1297,DRV472,Hyderabad,Hitech City,Madhapur,15/06/2026 17:27,bike,4.4,25.3,Low,24.0,Cloudy,1.0,41.4,41.4,UPI,Ongoing,
RPD102698,CUST3079,DRV267,Mumbai,Andheri,Bandra,2026-06-07 20:29:00,Bike,0.73,14.1,Very High,1.0,Clear,1.87,19.38,36.24,UPI,Cancelled by Driver,
RPD103999,CUST2497,DRV377,Mumbai,Colaba,Bandra,2026-07-02 17:13:00,Auto,4.06,26.3,Low,9.0,Rain,1.03,51.54,53.09,wallet,Cancelled by Driver,
RPD100750,CUST3960,DRV591,mumbai,Andheri,Powai,28/06/2026 12:20,,3.91,30.9,Low,18.0,Cloudy,1.11,61.92,68.73,,Cancelled by Driver,
RPD103222,CUST2301,,mumbai,Colaba,Powai,12-Jul-2026 01:51 AM,Cab Economy,14.27,9.9,Low,15.0,,1.01,186.24,188.1,wallet,Cancelled by Customer,
RPD104466,CUST1095,,BANGALORE,MG Road,MG Road,2026-07-11 15:16:00,bike,2.91,26.4,Very High,8.0,Rain,1.91,32.46,62.0,cash ,Cancelled by Customer,
RPD102791,CUST2682,DRV288,Mumbai,Borivali,Bandra,22/06/2026 01:41,Auto,4.57,10.3,Very High,21.0,Heavy Rain,1.92,56.13,107.77,Card,COMPLETED,4.9
RPD101559,CUST1750,DRV783,BANGALORE,Indiranagar,MG Road,2026-06-23 18:01:00,BIKE,3.07,27.9,Very High,0.0,Cloudy,1.79,33.42,59.82,Wallet,COMPLETED,3.8
RPD101082,CUST3422,DRV375,Pune,Viman Nagar,Viman Nagar,06/06/2026 22:05,auto,2.92,5.7,Low,22.0,Clear,1.0,41.28,41.28,,Ongoing,
RPD100921,CUST1149,DRV563,Bengaluru,Electronic City,MG Road,01/07/2026 18:47,cab economy,0.62,19.0,High,13.0,Fog,1.4,22.44,31.42,cash ,completed,4.5
RPD104552,CUST3950,DRV185,Hyderabad,Gachibowli,Kukatpally,2026-06-02 21:11:00,bike,0.99,39.2,Low,18.0,Cloudy,1.01,20.94,21.15,,Cancelled by Driver,
RPD101854,CUST1589,,Pune,Camp,Baner,2026-06-19 04:50:00,Cab Premium,5.39,41.2,Very High,24.0,Rain,1.94,112.02,217.32,,Cancelled by Customer,
RPD103113,CUST2427,,hyderabad ,Kukatpally,Madhapur,2026-07-08 16:09:00,,8.38,18.8,Medium,25.0,,1.16,115.56,134.05,Cash,Cancelled by Customer,
RPD104835,CUST1164,,mumbai,Andheri,Colaba,2026-06-11 21:01:00,Cab Economy,6.05,34.8,Very High,4.0,Rain,1.91,87.6,167.32,Cash,Cancelled by Customer,
RPD100849,CUST1845,DRV611,Bengaluru,Electronic City,Jayanagar,2026-06-20 11:29:00,auto,10.61,29.4,Very High,20.0,Rain,1.86,110.49,205.51,wallet,Cancelled by Driver,
RPD101604,CUST3772,DRV116,BANGALORE,Jayanagar,Indiranagar,2026-07-07 11:14:00,bike,2.59,20.6,Medium,17.0,Clear,1.09,30.54,33.29,cash ,Ongoing,
RPD104017,CUST1438,,mumbai,Bandra,Andheri,2026-06-10 13:16:00,Cab Premium,2.97,10.6,Low,26.0,Cloudy,1.03,68.46,70.51,,Cancelled by Customer,
RPD104305,CUST1585,DRV658,mumbai,Dadar,Colaba,2026-07-03 21:36:00,bike,4.19,8.3,Low,27.0,,1.0,40.14,40.14,upi,Completed,4.0
RPD103031,CUST3964,DRV250,BANGALORE,Jayanagar,Whitefield,27/06/2026 15:04,BIKE,1.06,15.6,Medium,19.0,Cloudy,1.19,21.36,25.42,Wallet,Completed,3.9
RPD102786,CUST3506,DRV749,Bangalore,Whitefield,Whitefield,2026-06-30 11:01:00,Cab Premium,1.31,3.0,Low,29.0,,1.04,38.58,40.12,UPI,Ongoing,
RPD104477,CUST3910,DRV695,Mumbai,Dadar,Powai,26-Jun-2026 04:30 PM,,7.6,5.4,Very High,25.0,Heavy Rain,1.85,106.2,196.47,,Cancelled by Driver,
RPD104389,CUST3896,DRV269,Bangalore,MG Road,HSR Layout,11/07/2026 03:00,,4.38,26.4,Medium,16.0,,1.14,67.56,77.02,Cash,completed,3.8
RPD102335,CUST3170,DRV761,mumbai,Andheri,Colaba,13/06/2026 15:56,BIKE,0.51,7.7,Medium,17.0,Cloudy,1.12,18.06,20.23,UPI,Cancelled by Driver,
RPD104916,CUST3430,DRV553,hyderabad ,Gachibowli,Madhapur,2026-06-04 08:23:00,Cab Premium,3.61,14.3,High,13.0,,1.38,79.98,110.37,Cash,COMPLETED,5.0
RPD104579,CUST3643,DRV701,Bengaluru,Jayanagar,HSR Layout,06/07/2026 01:07,bike,3.28,32.1,Low,6.0,Rain,4.49,34.68,155.71,Cash,Completed,3.5
RPD101295,CUST3472,DRV228,Bangalore,HSR Layout,MG Road,2026-06-25 21:13:00,Auto,11.82,23.8,Very High,13.0,Heavy Rain,1.89,121.38,229.41,cash ,COMPLETED,3.8
RPD102190,CUST1765,DRV561,bangalore,Indiranagar,Jayanagar,2026-06-14 05:07:00,Auto,6.37,22.2,Very High,13.0,Rain,1.81,72.33,130.92,wallet,Cancelled by Driver,
RPD101532,CUST3336,DRV512,Hyderabad,Banjara Hills,Madhapur,30-Jun-2026 05:58 PM,,1.79,26.6,Low,14.0,,1.0,36.48,36.48,,completed,3.9
RPD102587,CUST3468,,Pune,Camp,Camp,2026-07-01 10:12:00,auto,7.8,14.3,Very High,7.0,Rain,1.94,85.2,165.29,cash ,Cancelled by Customer,
RPD101388,CUST3610,DRV689,Bengaluru,Koramangala,MG Road,2026-06-21 22:58:00,bike,1.95,8.4,Medium,23.0,Fog,1.22,26.7,32.57,wallet,Ongoing,
RPD103063,CUST1973,,BANGALORE,Whitefield,Whitefield,2026-07-04 23:53:00,bike,2.44,30.8,Medium,23.0,,1.19,29.64,35.27,cash ,Cancelled by Customer,
RPD101252,CUST3381,DRV193,BANGALORE,Whitefield,Whitefield,15/07/2026 11:37,bike,3.96,54.3,Low,15.0,Clear,1.03,38.76,39.92,Cash,Ongoing,
RPD101893,CUST3359,,Pune,Kothrud,Baner,07/07/2026 10:45,auto,9.22,11.7,Very High,28.0,Rain,1.98,97.98,194.0,Wallet,Cancelled by Customer,
RPD100569,CUST2746,DRV351,BANGALORE,HSR Layout,Indiranagar,2026-06-12 06:36:00,Bike,11.96,29.3,Very High,14.0,Heavy Rain,1.97,86.76,170.92,,Completed,3.7
RPD103272,CUST1081,DRV344,Pune,Baner,Viman Nagar,04/06/2026 23:25,cab economy,2.64,26.5,Low,11.0,,1.0,46.68,46.68,Wallet,completed,5.0
RPD100437,CUST2884,DRV514,Mumbai,Powai,Bandra,14/06/2026 05:05,bike,6.4,16.8,Medium,8.0,Cloudy,1.11,53.4,Rs. 59.27,,completed,4.3
RPD101560,CUST3563,DRV182,bangalore,MG Road,Koramangala,2026-07-04 11:31:00,Cab Economy,5.44,5.0,Very High,19.0,Heavy Rain,1.83,80.28,146.91,cash ,Completed,4.3
RPD103998,CUST2690,,Pune,Baner,Kothrud,12-Jun-2026 12:31 AM,bike,4.14,9.5,Low,11.0,Rain,1.03,39.84,41.04,Card,Cancelled by Customer,
RPD100656,CUST1755,DRV775,Hyderabad,Hitech City,Banjara Hills,2026-06-18 18:24:00,Cab Premium,1.99,15.3,High,4.0,Cloudy,1.47,50.82,74.71,wallet,completed,4.3
RPD102554,CUST1911,DRV755,bangalore,MG Road,Electronic City,15/07/2026 00:27,Bike,7.04,18.3,Low,12.0,Heavy Rain,1.07,57.24,61.25,UPI,Cancelled by Driver,
RPD100781,CUST1884,DRV680,Pune,Baner,Hinjewadi,2026-06-23 20:50:00,Bike,4.84,8.6,High,14.0,Cloudy,1.32,44.04,58.13,Cash,COMPLETED,4.0
RPD102528,CUST1528,,Mumbai,Borivali,Dadar,11/07/2026 12:37,Bike,3.43,7.3,Medium,23.0,Clear,1.21,35.58,43.05,UPI,Cancelled by Customer,
RPD104654,CUST3404,DRV160,Bangalore,Whitefield,Koramangala,28/06/2026 16:51,auto,1.31,30.5,Medium,16.0,Clear,1.11,26.79,29.74,UPI,Ongoing,
RPD104994,CUST2581,DRV335,hyderabad ,Madhapur,Kukatpally,02/06/2026 15:40,Cab Economy,3.99,25.0,Very High,29.0,Rain,1.78,62.88,111.93,Cash,Ongoing,
RPD101198,CUST3850,DRV508,Pune,Camp,Camp,12/07/2026 07:34,Bike,4.37,20.9,Low,8.0,,1.0,41.22,41.22,wallet,Cancelled by Driver,
RPD102615,CUST2884,DRV482,hyderabad ,Kukatpally,Gachibowli,2026-06-25 00:33:00,BIKE,5.05,13.3,Low,25.0,Cloudy,1.0,45.3,45.3,UPI,Completed,5.0
RPD104071,CUST1384,,bangalore,HSR Layout,Indiranagar,2026-06-30 14:20:00,Cab Economy,4.77,32.4,Medium,16.0,Heavy Rain,1.24,72.24,89.58,upi,Cancelled by Customer,
RPD101988,CUST2074,DRV706,bangalore,Koramangala,Koramangala,2026-06-02 05:40:00,bike,6.18,10.9,Medium,19.0,,1.11,52.08,57.81,,Ongoing,
RPD100846,CUST2507,DRV621,Bangalore,Electronic City,Jayanagar,19/06/2026 15:01,Bike,2.13,37.3,Very High,10.0,Rain,1.77,27.78,,Cash,COMPLETED,4.7
RPD100603,CUST3193,DRV351,Bangalore,Electronic City,MG Road,2026-07-05 02:36:00,cab economy,8.79,14.8,Medium,16.0,,1.16,120.48,139.76,wallet,completed,4.5
RPD103695,CUST3893,DRV776,Bangalore,Koramangala,Whitefield,23/06/2026 00:33,Cab Economy,1.02,24.5,Low,26.0,Fog,1.0,27.24,,Cash,Cancelled by Driver,
RPD102632,CUST3258,DRV107,bangalore,Jayanagar,MG Road,16-Jun-2026 12:02 PM,BIKE,10.37,22.3,Low,27.0,Clear,1.0,77.22,77.22,wallet,COMPLETED,4.4
RPD100109,CUST2182,DRV175,Mumbai,Colaba,Andheri,07-Jun-2026 01:08 PM,Cab Economy,14.18,8.2,Medium,24.0,Clear,1.23,185.16,227.75,wallet,Ongoing,
RPD104335,CUST2491,DRV478,hyderabad ,Kukatpally,Banjara Hills,2026-06-01 12:26:00,Cab Economy,4.61,10.6,Very High,10.0,Heavy Rain,1.9,70.32,133.61,upi,Completed,4.9
RPD104293,CUST3455,,Pune,Kothrud,Camp,2026-06-19 22:37:00,BIKE,2.58,11.8,Low,26.0,Cloudy,1.03,30.48,31.39,,Cancelled by Customer,
RPD104313,CUST3948,DRV708,hyderabad ,Hitech City,Madhapur,2026-06-27 02:09:00,bike,5.59,8.2,Medium,7.0,Fog,1.17,48.54,56.79,,Cancelled by Driver,
RPD101303,CUST1654,,Hyderabad,Hitech City,Banjara Hills,2026-07-14 00:02:00,cab economy,4.13,19.2,Very High,24.0,Rain,1.87,64.56,120.73,Card,Cancelled by Customer,
RPD100829,CUST2747,DRV356,bangalore,MG Road,Jayanagar,05-Jun-2026 06:11 AM,Cab Premium,3.31,8.4,Medium,16.0,,1.11,74.58,82.78,Wallet,COMPLETED,3.5
RPD100152,CUST2412,DRV125,mumbai,Dadar,Andheri,2026-06-01 03:16:00,Auto,1.81,22.8,Low,26.0,Cloudy,1.0,31.29,31.29,,COMPLETED,5.0
RPD104665,CUST2078,DRV689,Hyderabad,Gachibowli,Banjara Hills,2026-06-03 21:34:00,auto,999.0,10.8,Low,15.0,Cloudy,1.0,9006.0,9006.0,UPI,Completed,4.3
RPD103156,CUST1194,DRV623,Hyderabad,Hitech City,Banjara Hills,2026-06-25 08:16:00,Cab Premium,1.98,12.4,Very High,8.0,,4.39,50.64,222.31,upi,Ongoing,
RPD102644,CUST1052,DRV271,Mumbai,Powai,Andheri,2026-07-12 16:07:00,Bike,2.08,29.0,Low,17.0,Rain,1.0,27.48,27.48,Cash,Completed,4.6
RPD104429,CUST3750,DRV320,Bengaluru,Electronic City,Jayanagar,2026-06-28 11:34:00,bike,1.19,11.0,Low,15.0,,1.03,22.14,22.8,,Completed,5.0
RPD102085,CUST2710,DRV404,BANGALORE,Indiranagar,Koramangala,2026-06-28 23:49:00,Bike,4.13,21.4,Low,12.0,Clear,1.0,39.78,39.78,Wallet,Completed,4.9
RPD102074,CUST2517,DRV174,Bangalore,Electronic City,MG Road,2026-07-02 15:55:00,BIKE,6.29,33.8,Medium,14.0,Heavy Rain,1.15,52.74,60.65,UPI,Completed,5.0
RPD103708,CUST3531,DRV205,Hyderabad,Kukatpally,Hitech City,17/06/2026 20:49,Bike,4.99,16.4,High,10.0,,1.4,44.94,62.92,cash ,Cancelled by Driver,
RPD100398,CUST2948,DRV795,mumbai,Dadar,Andheri,25/06/2026 09:29,cab economy,12.93,12.4,Very High,17.0,Rain,1.94,170.16,330.11,Wallet,Completed,4.7
RPD100167,CUST1365,DRV204,Bengaluru,HSR Layout,Koramangala,09/06/2026 18:14,Cab Economy,999.0,19.6,Very High,15.0,Clear,1.84,12003.0,22085.52,upi,Completed,4.9
RPD102557,CUST3525,DRV589,Pune,Kothrud,Viman Nagar,2026-07-01 19:38:00,bike,0.62,11.2,Very High,7.0,Cloudy,1.94,18.72,36.32,wallet,Completed,4.3
RPD101226,CUST2741,DRV533,Mumbai,Powai,Colaba,01-Jun-2026 12:47 AM,BIKE,4.94,17.6,Medium,13.0,Clear,1.13,44.64,50.44,cash ,completed,3.8
RPD101797,CUST3653,,mumbai,Bandra,Borivali,22/06/2026 11:10,,1.94,21.9,Medium,27.0,Clear,1.15,38.28,44.02,,Cancelled by Customer,
RPD101643,CUST3643,DRV776,Bengaluru,Indiranagar,MG Road,11-Jul-2026 08:59 PM,BIKE,2.4,21.5,High,0.0,Fog,1.39,29.4,40.87,,completed,
RPD100143,CUST3265,DRV484,bangalore,Electronic City,MG Road,2026-06-23 01:06:00,Cab Premium,4.14,7.9,Very High,19.0,Heavy Rain,1.83,89.52,163.82,wallet,Cancelled by Driver,
RPD101241,CUST2144,DRV167,mumbai,Powai,Bandra,03/06/2026 08:04,bike,4.91,27.1,Very High,3.0,Fog,1.9,44.46,84.47,UPI,completed,
RPD101987,CUST1600,DRV154,Pune,Viman Nagar,Baner,2026-06-28 23:02:00,cab economy,1.56,11.0,Medium,23.0,Rain,1.19,33.72,40.13,Card,Ongoing,
RPD104667,CUST3689,DRV207,Mumbai,Borivali,Dadar,15/06/2026 23:17,BIKE,3.44,18.1,Low,26.0,Clear,1.04,35.64,37.07,Wallet,Completed,5.0
RPD102224,CUST2321,DRV569,Pune,Viman Nagar,Kothrud,2026-06-22 05:51:00,Cab Economy,2.11,16.7,Medium,10.0,Clear,1.14,40.32,45.96,cash ,COMPLETED,5.0
RPD100238,CUST3471,DRV301,hyderabad ,Hitech City,Hitech City,17-Jun-2026 06:39 AM,Auto,0.73,30.1,Low,21.0,,1.06,21.57,22.86,cash ,Ongoing,
RPD100990,CUST2372,DRV652,Bangalore,HSR Layout,Electronic City,10-Jun-2026 02:42 AM,Cab Economy,9.29,27.8,Low,20.0,,1.03,126.48,130.27,,COMPLETED,4.2
RPD104264,CUST2788,DRV699,Bengaluru,Electronic City,Electronic City,2026-06-09 21:28:00,Bike,3.94,26.7,Low,20.0,Fog,1.04,38.64,40.19,Cash,Cancelled by Driver,
RPD101759,CUST3405,,bangalore,Jayanagar,Jayanagar,2026-07-06 20:06:00,bike,4.26,14.9,Very High,7.0,,2.0,40.56,81.12,UPI,Cancelled by Customer,
RPD101022,CUST1804,DRV105,BANGALORE,MG Road,Electronic City,11/06/2026 23:37,Auto,7.97,29.6,Medium,24.0,Cloudy,1.12,86.73,97.14,wallet,Completed,4.5
RPD104198,CUST2889,DRV324,Bengaluru,Jayanagar,Electronic City,2026-06-17 01:55:00,Bike,5.9,31.1,Medium,16.0,Heavy Rain,1.16,50.4,58.46,Cash,Completed,4.8
RPD100867,CUST1266,DRV189,Hyderabad,Kukatpally,Banjara Hills,15/07/2026 13:01,,10.13,20.7,Low,30.0,Clear,1.0,136.56,136.56,Card,COMPLETED,4.4
RPD104516,CUST1268,DRV595,BANGALORE,MG Road,Electronic City,12-Jun-2026 05:05 PM,Cab Economy,2.64,13.1,Low,11.0,Clear,1.07,46.68,49.95,Cash,COMPLETED,4.0
RPD102392,CUST3434,DRV513,Bengaluru,MG Road,Whitefield,10-Jul-2026 03:20 PM,Bike,3.53,9.3,Medium,22.0,Fog,1.12,36.18,40.52,UPI,COMPLETED,4.6
RPD104453,CUST2261,DRV500,Bengaluru,MG Road,Jayanagar,2026-06-23 05:15:00,Cab Economy,0.83,17.1,Low,21.0,Fog,1.0,24.96,24.96,UPI,COMPLETED,4.2
RPD102667,CUST3741,DRV349,Hyderabad,Gachibowli,Kukatpally,15/07/2026 21:16,Bike,4.06,4.9,Very High,22.0,Rain,1.93,39.36,75.96,,Ongoing,
RPD101698,CUST1479,DRV654,Hyderabad,Banjara Hills,Kukatpally,17-Jun-2026 10:07 AM,,0.61,32.5,Low,10.0,Clear,1.0,22.32,22.32,upi,COMPLETED,4.1
RPD104898,CUST1017,DRV701,Mumbai,Andheri,Borivali,2026-06-12 11:56:00,Auto,3.17,10.1,Medium,24.0,Clear,1.19,43.53,51.8,Card,COMPLETED,3.4
RPD102218,CUST3184,DRV533,hyderabad ,Banjara Hills,Gachibowli,2026-06-03 01:41:00,BIKE,1.56,19.7,Very High,21.0,Heavy Rain,1.94,24.36,47.26,upi,completed,4.4
RPD103118,CUST3480,DRV213,BANGALORE,HSR Layout,Koramangala,2026-06-04 22:15:00,cab economy,3.8,5.1,Low,22.0,Cloudy,1.13,60.6,68.48,wallet,Cancelled by Driver,
RPD103923,CUST1953,DRV443,Pune,Kothrud,Kothrud,2026-06-27 05:54:00,BIKE,2.52,13.1,Medium,14.0,Heavy Rain,1.09,30.12,32.83,,COMPLETED,4.1
RPD104257,CUST2320,DRV712,Pune,Camp,Baner,07/07/2026 12:56,Cab Economy,1.51,8.6,Low,14.0,Cloudy,1.0,33.12,33.12,wallet,Ongoing,
RPD101583,CUST2139,DRV654,Mumbai,Dadar,Andheri,2026-06-17 12:20:00,,10.52,21.1,Medium,19.0,Cloudy,1.1,141.24,155.36,cash ,completed,
RPD100804,CUST3908,DRV741,mumbai,Bandra,Dadar,15-Jun-2026 11:58 AM,Auto,9.25,26.0,Medium,10.0,Fog,1.18,98.25,115.93,Card,Ongoing,
RPD101227,CUST1518,DRV789,Bengaluru,Jayanagar,Jayanagar,24-Jun-2026 02:40 AM,Bike,4.91,14.0,Low,14.0,,1.0,44.46,44.46,wallet,COMPLETED,4.7
RPD101204,CUST3347,DRV668,Pune,Baner,Viman Nagar,2026-07-06 19:57:00,,6.55,3.6,Very High,12.0,Heavy Rain,2.01,93.6,188.14,cash ,Ongoing,
RPD103251,CUST2896,DRV227,BANGALORE,MG Road,MG Road,2026-07-09 11:45:00,Auto,4.34,9.5,Very High,15.0,Heavy Rain,1.72,54.06,92.98,upi,completed,4.2
RPD103250,CUST2580,DRV483,mumbai,Colaba,Bandra,2026-07-10 13:29:00,Cab Economy,6.72,8.5,Medium,20.0,Heavy Rain,1.11,95.64,106.16,Wallet,completed,5.0
RPD103677,CUST1988,,Bangalore,MG Road,HSR Layout,2026-07-08 10:34:00,bike,5.59,15.5,Low,17.0,Fog,1.13,48.54,54.85,Wallet,Cancelled by Customer,
RPD103572,CUST1208,DRV200,Pune,Hinjewadi,Hinjewadi,2026-06-29 11:23:00,bike,-2.94,20.2,Medium,18.0,,1.17,15.6,18.25,upi,Ongoing,
RPD104778,CUST1096,DRV526,mumbai,Andheri,Andheri,27/06/2026 21:43,bike,6.69,7.1,Very High,29.0,Heavy Rain,1.95,55.14,107.52,,Cancelled by Driver,
RPD100402,CUST3238,DRV118,BANGALORE,Whitefield,Electronic City,2026-07-10 03:48:00,cab economy,7.77,18.2,Very High,16.0,Rain,1.91,108.24,206.74,UPI,Ongoing,
RPD102988,CUST3350,DRV309,hyderabad ,Kukatpally,Banjara Hills,18-Jun-2026 06:02 PM,Cab Economy,5.84,12.1,Very High,4.0,Clear,1.95,85.08,165.91,,Completed,3.7
RPD103970,CUST3998,DRV776,bangalore,Jayanagar,Indiranagar,2026-06-30 10:56:00,cab economy,4.29,19.3,Low,9.0,Fog,1.02,66.48,67.81,Card,completed,3.9
RPD101268,CUST2716,DRV324,Hyderabad,Kukatpally,Kukatpally,21-Jun-2026 07:52 AM,auto,2.24,21.7,Very High,20.0,Heavy Rain,1.8,35.16,63.29,Card,completed,3.5
RPD100806,CUST2166,,bangalore,MG Road,Koramangala,08-Jun-2026 05:57 AM,BIKE,7.61,10.7,Medium,18.0,,1.14,60.66,69.15,Card,Cancelled by Customer,
RPD101444,CUST2324,DRV102,BANGALORE,HSR Layout,MG Road,29-Jun-2026 12:54 PM,Bike,5.06,10.5,Low,23.0,Clear,1.02,45.36,46.27,Cash,Ongoing,
RPD100960,CUST2055,DRV701,Hyderabad,Madhapur,Hitech City,2026-07-14 22:21:00,auto,1.84,10.7,Very High,22.0,Rain,1.88,31.56,59.33,Wallet,completed,4.3
RPD104397,CUST1282,DRV729,Mumbai,Borivali,Borivali,27-Jun-2026 06:12 PM,BIKE,2.3,23.3,Very High,11.0,Heavy Rain,1.94,28.8,55.87,cash ,COMPLETED,3.9
RPD100186,CUST2687,,Bangalore,HSR Layout,MG Road,2026-06-28 05:22:00,BIKE,1.21,17.7,Medium,27.0,Clear,1.09,22.26,24.26,,Cancelled by Customer,
RPD103840,CUST2711,DRV111,bangalore,Koramangala,HSR Layout,2026-06-03 12:07:00,BIKE,1.96,15.9,Low,14.0,,1.01,26.76,27.03,wallet,Ongoing,
RPD102086,CUST1256,,bangalore,MG Road,Koramangala,03/06/2026 04:04,Bike,1.4,20.0,Low,14.0,Fog,1.05,23.4,24.57,wallet,Cancelled by Customer,
RPD100097,CUST1173,,Pune,Camp,Kothrud,2026-07-05 09:20:00,cab economy,8.9,41.8,High,3.0,Fog,1.39,121.8,169.3,Wallet,Cancelled by Customer,
RPD103943,CUST1213,DRV196,bangalore,Indiranagar,HSR Layout,2026-07-14 00:47:00,BIKE,1.14,7.4,Medium,27.0,Fog,1.18,21.84,25.77,cash ,completed,4.4
RPD104809,CUST3046,DRV750,hyderabad ,Banjara Hills,Gachibowli,2026-06-04 18:16:00,Cab Premium,4.48,15.4,Very High,1.0,,1.94,95.64,185.54,,completed,4.1
RPD102120,CUST1747,DRV311,Hyderabad,Banjara Hills,Banjara Hills,08-Jul-2026 11:10 AM,BIKE,4.2,53.3,Medium,26.0,Cloudy,1.14,40.2,45.83,cash ,Cancelled by Driver,
RPD103772,CUST3881,DRV251,Bangalore,HSR Layout,Electronic City,04-Jul-2026 09:13 AM,Cab Premium,7.18,5.3,High,0.0,Clear,1.38,144.24,199.05,cash ,Ongoing,
RPD102573,CUST3344,DRV552,BANGALORE,Jayanagar,Jayanagar,03-Jul-2026 06:42 AM,Cab Premium,6.17,45.1,Low,18.0,Cloudy,1.09,126.06,137.41,Card,Completed,
RPD100670,CUST2453,DRV559,BANGALORE,HSR Layout,MG Road,2026-07-06 07:45:00,Cab Economy,7.91,32.3,Low,21.0,Fog,1.0,109.92,109.92,wallet,Completed,5.0
RPD101753,CUST1470,DRV284,hyderabad ,Madhapur,Hitech City,17/06/2026 03:59,,5.48,21.4,Low,17.0,Clear,1.02,80.76,82.38,cash ,COMPLETED,5.0
RPD103248,CUST1956,DRV633,Pune,Kothrud,Kothrud,2026-06-05 12:13:00,Cab Premium,3.01,11.5,Medium,23.0,Heavy Rain,1.14,69.18,78.87,Cash,Completed,3.9
RPD102579,CUST1734,DRV361,Bangalore,HSR Layout,Koramangala,2026-06-24 00:28:00,Bike,3.66,13.0,Low,27.0,,1.0,36.96,36.96,cash ,completed,4.4
RPD102889,CUST1662,DRV637,Mumbai,Borivali,Colaba,12-Jul-2026 01:20 AM,Bike,6.9,11.6,Low,15.0,Heavy Rain,1.0,56.4,56.4,upi,COMPLETED,4.9
RPD101660,CUST2069,DRV379,bangalore,Jayanagar,Jayanagar,22/06/2026 07:28,Cab Premium,11.12,13.1,Medium,16.0,Cloudy,1.15,215.16,247.43,wallet,Cancelled by Driver,
RPD103474,CUST2978,DRV579,Bengaluru,Electronic City,HSR Layout,2026-07-16 06:24:00,cab economy,7.28,29.5,Medium,35.0,Heavy Rain,1.09,102.36,111.57,wallet,Cancelled by Driver,
RPD102958,CUST2671,DRV205,Hyderabad,Banjara Hills,Hitech City,13/07/2026 20:00,bike,1.62,19.3,Very High,2.0,Fog,1.92,24.72,Rs. 47.46,Wallet,completed,4.9
RPD102704,CUST3783,DRV315,Pune,Baner,Kothrud,28/06/2026 08:19,,6.87,23.8,Very High,12.0,Fog,1.88,97.44,183.19,Wallet,Completed,5.0
RPD103357,CUST1189,DRV577,mumbai,Colaba,Dadar,2026-06-05 12:24:00,Auto,3.08,8.5,Very High,28.0,Rain,1.9,42.72,81.17,UPI,Ongoing,
RPD101378,CUST2671,,Bengaluru,Koramangala,HSR Layout,05/06/2026 09:24,Auto,2.31,11.6,Very High,8.0,Fog,1.98,35.79,70.86,Cash,Cancelled by Customer,
RPD104754,CUST3576,DRV482,Pune,Camp,Baner,06-Jul-2026 05:25 AM,BIKE,3.33,30.2,Medium,21.0,Fog,1.09,34.98,Rs. 38.13,cash ,Ongoing,
RPD102831,CUST1039,,Bengaluru,HSR Layout,Electronic City,2026-06-06 00:07:00,Bike,5.46,16.1,Low,22.0,Fog,1.06,47.76,50.63,UPI,Cancelled by Customer,
RPD103347,CUST3697,DRV242,Hyderabad,Kukatpally,Kukatpally,2026-06-07 11:54:00,auto,3.12,18.6,Very High,19.0,Heavy Rain,1.88,43.08,80.99,Wallet,Completed,3.9
RPD102639,CUST3652,DRV263,mumbai,Andheri,Dadar,22-Jun-2026 03:58 AM,cab economy,2.55,29.6,Medium,11.0,Cloudy,1.16,45.6,52.9,Cash,Completed,5.0
RPD103602,CUST2018,DRV243,Bangalore,Whitefield,Indiranagar,2026-07-07 15:37:00,BIKE,5.98,40.2,Medium,22.0,,1.17,50.88,59.53,Wallet,completed,4.4
RPD104666,CUST3409,DRV118,Hyderabad,Banjara Hills,Madhapur,2026-07-04 05:17:00,Auto,4.57,31.5,Very High,9.0,Heavy Rain,1.9,56.13,106.65,upi,Completed,4.8
,,,,,,,,,,,,,,,,,,
RPD102765,CUST2409,,mumbai,Colaba,Dadar,2026-06-23 14:15:00,,1.62,14.0,Medium,15.0,,1.08,34.44,37.2,,Cancelled by Customer,
RPD104703,CUST2340,DRV326,BANGALORE,Whitefield,Jayanagar,2026-07-06 16:03:00,Cab Economy,7.14,11.6,Very High,14.0,Rain,1.86,100.68,187.26,Wallet,completed,4.9
RPD100944,CUST3130,DRV668,Bangalore,Indiranagar,Whitefield,03/06/2026 17:11,BIKE,0.52,10.3,Very High,25.0,Rain,1.84,18.12,33.34,Wallet,completed,3.9
RPD104084,CUST3377,DRV388,mumbai,Bandra,Colaba,13-Jun-2026 11:55 PM,BIKE,2.12,21.2,Very High,25.0,Rain,1.92,27.72,53.22,cash ,Completed,4.0
RPD104153,CUST1137,DRV598,BANGALORE,HSR Layout,Electronic City,2026-06-09 11:11:00,Cab Premium,1.47,11.9,Low,28.0,Cloudy,1.0,41.46,41.46,UPI,Cancelled by Driver,
RPD100242,CUST3965,DRV389,mumbai,Dadar,Bandra,12/07/2026 19:58,Cab Economy,5.88,15.2,Very High,0.0,Cloudy,1.89,85.56,161.71,UPI,Ongoing,
RPD101790,CUST3792,DRV264,Pune,Viman Nagar,Viman Nagar,2026-07-05 11:09:00,cab economy,999.0,20.7,Low,17.0,Clear,1.0,12003.0,12003.0,,COMPLETED,3.0
RPD101927,CUST1370,DRV707,hyderabad ,Hitech City,Banjara Hills,2026-06-09 16:36:00,bike,1.43,29.0,Medium,27.0,Fog,1.15,23.58,27.12,cash ,COMPLETED,4.5
RPD100527,CUST3301,DRV547,bangalore,Jayanagar,MG Road,22/06/2026 07:59,Cab Economy,4.44,3.4,Medium,16.0,Cloudy,1.08,68.28,73.74,cash ,COMPLETED,4.0
RPD104943,CUST1443,DRV477,mumbai,Dadar,Colaba,29/06/2026 03:26,Cab Economy,1.59,24.9,Low,18.0,,1.02,34.08,34.76,upi,Ongoing,
RPD102594,CUST2213,DRV268,Pune,Kothrud,Hinjewadi,20/06/2026 22:31,Cab Premium,4.37,23.4,Very High,18.0,Heavy Rain,1.94,93.66,181.7,UPI,Completed,4.4
RPD104207,CUST1158,DRV457,Hyderabad,Gachibowli,Banjara Hills,2026-06-06 13:35:00,auto,6.18,6.4,Medium,19.0,Heavy Rain,1.15,70.62,81.21,cash ,COMPLETED,4.5
RPD102253,CUST3754,DRV696,mumbai,Bandra,Borivali,2026-06-15 10:53:00,BIKE,3.93,3.0,Low,26.0,Clear,1.05,38.58,40.51,Wallet,COMPLETED,3.7
RPD104152,CUST1233,DRV592,mumbai,Borivali,Colaba,2026-06-10 00:23:00,cab economy,10.09,15.1,Very High,11.0,Rain,1.84,136.08,250.39,,COMPLETED,4.5
RPD102137,CUST1080,,Bangalore,Electronic City,Jayanagar,22/06/2026 14:42,bike,14.04,17.7,Very High,12.0,Heavy Rain,1.86,99.24,184.59,UPI,Cancelled by Customer,
RPD103378,CUST2747,DRV517,Bangalore,Electronic City,Electronic City,2026-07-04 19:45:00,BIKE,3.47,29.5,High,7.0,Rain,1.31,35.82,46.92,,Completed,4.4
RPD100430,CUST3331,DRV232,Bangalore,Koramangala,HSR Layout,2026-07-16 21:30:00,Bike,7.23,31.0,Medium,23.0,Heavy Rain,1.18,58.38,68.89,cash ,COMPLETED,4.9
RPD104988,CUST2906,DRV681,BANGALORE,Jayanagar,Whitefield,2026-06-15 01:22:00,Bike,5.55,24.2,Low,14.0,Heavy Rain,1.0,48.3,48.3,Cash,Completed,
RPD102067,CUST3102,DRV470,bangalore,Jayanagar,Electronic City,2026-06-08 20:43:00,auto,3.75,20.3,Very High,13.0,Fog,1.98,48.75,,wallet,Completed,4.8
RPD102326,CUST3946,,mumbai,Andheri,Dadar,2026-06-19 05:44:00,Bike,4.75,25.0,Low,24.0,,1.0,43.5,43.5,wallet,Cancelled by Customer,
RPD103894,CUST3918,DRV556,Bengaluru,Electronic City,Koramangala,25-Jun-2026 09:49 PM,cab economy,3.61,8.3,Low,19.0,,1.0,58.32,58.32,wallet,completed,3.7
RPD104222,CUST1069,DRV632,mumbai,Powai,Powai,03/06/2026 17:34,cab economy,999.0,7.1,Very High,21.0,Rain,1.92,12003.0,23045.76,Card,Completed,4.7
RPD101479,CUST3196,DRV244,Mumbai,Andheri,Borivali,03-Jul-2026 02:49 PM,Cab Premium,999.0,22.2,Low,31.0,Cloudy,1.01,17997.0,18176.97,UPI,Completed,5.0
RPD100339,CUST1600,DRV776,Pune,Hinjewadi,Camp,07/06/2026 21:52,Bike,4.07,13.3,Medium,19.0,Clear,1.17,39.42,46.12,Cash,COMPLETED,5.0
RPD102075,CUST1728,DRV597,Hyderabad,Gachibowli,Banjara Hills,2026-06-30 04:22:00,bike,1.12,3.5,Medium,21.0,Cloudy,1.14,21.72,24.76,wallet,COMPLETED,3.7
RPD102012,CUST3939,DRV152,mumbai,Borivali,Dadar,15/07/2026 13:26,Cab Economy,7.46,11.5,Medium,12.0,Clear,1.08,104.52,112.88,Card,Completed,5.0
RPD100254,CUST3882,DRV633,Bengaluru,Jayanagar,HSR Layout,2026-06-15 02:16:00,Cab Economy,0.68,12.8,Low,18.0,Cloudy,1.05,23.16,24.32,Card,COMPLETED,4.0
RPD100321,CUST1607,DRV156,Hyderabad,Gachibowli,Gachibowli,2026-07-08 21:30:00,Bike,3.38,6.9,Low,19.0,Rain,1.0,35.28,35.28,Wallet,completed,
RPD102049,CUST3044,DRV561,Mumbai,Borivali,Colaba,2026-06-27 20:30:00,bike,3.83,29.1,High,4.0,Cloudy,1.44,37.98,54.69,cash ,Cancelled by Driver,
RPD100947,CUST2360,DRV662,hyderabad ,Gachibowli,Gachibowli,16-Jun-2026 01:32 AM,,5.8,41.3,Low,25.0,Fog,1.06,84.6,89.68,Cash,Cancelled by Driver,
RPD104204,CUST1408,DRV120,Pune,Hinjewadi,Viman Nagar,08-Jul-2026 03:37 AM,cab economy,2.44,25.5,Low,14.0,Clear,1.01,44.28,44.72,UPI,COMPLETED,5.0
RPD101085,CUST3873,DRV467,mumbai,Colaba,Dadar,12-Jun-2026 11:29 AM,Bike,3.54,31.4,Low,13.0,,1.0,36.24,36.24,,completed,5.0
RPD101192,CUST3907,DRV101,BANGALORE,Electronic City,Whitefield,2026-06-13 17:25:00,Bike,3.04,12.4,Low,30.0,Heavy Rain,1.07,33.24,35.57,Wallet,Ongoing,
RPD100621,CUST3169,DRV722,Pune,Camp,Baner,2026-07-03 10:03:00,Cab Premium,7.93,7.3,Low,10.0,,1.0,157.74,157.74,,completed,4.4
RPD102099,CUST2697,DRV581,Pune,Baner,Hinjewadi,04-Jul-2026 01:16 PM,auto,4.34,6.8,Low,15.0,Heavy Rain,1.0,54.06,54.06,upi,Ongoing,
RPD100751,CUST2794,DRV391,Bangalore,Jayanagar,MG Road,25/06/2026 22:58,Cab Premium,4.17,9.0,Low,9.0,Clear,1.0,90.06,90.06,upi,Cancelled by Driver,
RPD102996,CUST3126,DRV400,hyderabad ,Kukatpally,Madhapur,12/07/2026 01:53,BIKE,2.7,4.7,Low,24.0,Rain,1.0,31.2,31.2,cash ,Completed,4.1
RPD104965,CUST2950,DRV402,mumbai,Colaba,Colaba,2026-06-13 12:20:00,Cab Premium,1.35,15.7,Medium,24.0,Fog,1.07,39.3,42.05,Card,COMPLETED,3.9
RPD101865,CUST1548,DRV676,Hyderabad,Madhapur,Banjara Hills,23/06/2026 15:21,Cab Economy,4.31,7.1,Medium,25.0,Clear,1.08,66.72,72.06,upi,COMPLETED,5.0
RPD101959,CUST3905,DRV239,bangalore,MG Road,MG Road,2026-06-09 01:40:00,Auto,5.45,4.3,Low,19.0,,1.07,64.05,68.53,wallet,Completed,3.8
RPD103527,CUST3626,DRV345,Hyderabad,Kukatpally,Hitech City,2026-06-10 06:37:00,Bike,3.42,3.0,Medium,23.0,Fog,1.2,35.52,42.62,,Completed,
RPD103744,CUST3297,DRV377,hyderabad ,Hitech City,Hitech City,2026-07-15 13:03:00,Cab Premium,7.53,22.8,Low,28.0,Fog,1.09,150.54,164.09,,completed,4.7
RPD101778,CUST3240,DRV239,Hyderabad,Kukatpally,Gachibowli,11-Jul-2026 01:54 PM,Cab Premium,11.31,12.8,Low,37.0,Clear,1.02,218.58,222.95,Cash,Ongoing,
RPD100578,CUST2546,DRV126,Bangalore,Whitefield,Whitefield,2026-06-09 09:29:00,Cab Premium,5.48,19.6,Very High,8.0,Rain,1.93,113.64,219.33,wallet,COMPLETED,5.0
RPD101668,CUST2893,DRV565,Hyderabad,Kukatpally,Gachibowli,2026-06-20 03:22:00,Bike,3.29,6.6,Medium,12.0,,1.09,34.74,37.87,cash ,Cancelled by Driver,
RPD101396,CUST1138,DRV507,Bengaluru,MG Road,Indiranagar,12/06/2026 13:40,cab economy,2.2,11.6,Low,22.0,Cloudy,1.0,41.4,41.4,wallet,COMPLETED,4.6
RPD102184,CUST1407,DRV472,hyderabad ,Hitech City,Hitech City,14-Jul-2026 05:10 AM,bike,10.78,9.4,Low,11.0,Fog,1.03,79.68,,Cash,completed,5.0
RPD101806,CUST3097,DRV506,Bengaluru,Electronic City,MG Road,02-Jul-2026 11:34 PM,BIKE,5.34,6.1,Low,18.0,Fog,1.01,47.04,47.51,upi,Ongoing,
RPD104416,CUST2710,DRV660,Hyderabad,Madhapur,Banjara Hills,2026-07-03 20:52:00,Auto,4.38,20.6,Very High,10.0,Rain,1.88,54.42,102.31,Cash,completed,4.8
RPD100271,CUST3514,,Hyderabad,Gachibowli,Gachibowli,2026-06-16 08:13:00,Cab Economy,3.55,33.9,Very High,0.0,Rain,1.87,57.6,107.71,UPI,Cancelled by Customer,
RPD100171,CUST1298,DRV117,bangalore,Indiranagar,HSR Layout,11/07/2026 19:04,Cab Economy,8.37,5.2,Very High,22.0,Rain,1.93,115.44,222.8,upi,completed,5.0
RPD102042,CUST1611,DRV442,Mumbai,Borivali,Dadar,02/06/2026 16:38,Cab Premium,6.96,10.6,Medium,22.0,Heavy Rain,1.14,140.28,159.92,cash ,Cancelled by Driver,
RPD103151,CUST2431,DRV283,bangalore,HSR Layout,Jayanagar,2026-06-06 21:28:00,auto,7.81,8.0,Low,28.0,Fog,1.0,85.29,85.29,UPI,completed,3.8
RPD103594,CUST1478,DRV729,Bengaluru,MG Road,Electronic City,2026-06-27 00:31:00,BIKE,7.97,18.0,Low,11.0,Fog,1.01,62.82,63.45,,completed,4.5
RPD101816,CUST2330,,Pune,Hinjewadi,Kothrud,2026-06-07 17:36:00,BIKE,5.25,14.2,Low,19.0,Cloudy,1.0,46.5,46.5,UPI,Cancelled by Customer,
RPD103668,CUST1488,,bangalore,Jayanagar,Jayanagar,2026-07-10 00:07:00,auto,1.93,21.3,Medium,27.0,Rain,1.07,32.37,34.64,cash ,Cancelled by Customer,
RPD104921,CUST2682,DRV227,bangalore,Electronic City,Electronic City,2026-06-24 20:20:00,Auto,12.99,30.7,Very High,13.0,Heavy Rain,1.95,131.91,257.22,upi,completed,4.7
RPD101497,CUST2266,DRV102,mumbai,Dadar,Andheri,25-Jun-2026 04:11 AM,auto,2.05,25.3,Low,16.0,,1.08,33.45,36.13,,Ongoing,
RPD104441,CUST1658,DRV773,bangalore,Electronic City,Indiranagar,26/06/2026 02:31,,4.31,3.8,Medium,13.0,Cloudy,1.17,66.72,78.06,UPI,Cancelled by Driver,
RPD101276,CUST1803,DRV772,hyderabad ,Hitech City,Kukatpally,26-Jun-2026 08:55 AM,bike,0.5,7.4,High,15.0,Clear,1.34,18.0,24.12,Card,Cancelled by Driver,
RPD103923,CUST1953,DRV443,Pune,Kothrud,Kothrud,2026-06-27 05:54:00,BIKE,2.52,13.1,Medium,14.0,Heavy Rain,1.09,30.12,32.83,,COMPLETED,4.1
RPD101787,CUST2765,,bangalore,Koramangala,HSR Layout,14-Jul-2026 06:25 AM,,4.57,23.2,Low,22.0,Cloudy,1.03,69.84,71.94,upi,Cancelled by Customer,
RPD103062,CUST1432,DRV279,BANGALORE,MG Road,Whitefield,2026-06-23 06:38:00,Cab Economy,5.09,4.5,Low,17.0,Cloudy,1.01,76.08,76.84,Wallet,COMPLETED,4.1
RPD103833,CUST3639,DRV631,Bangalore,Jayanagar,Jayanagar,03/07/2026 04:35,,0.76,5.0,Medium,7.0,,1.28,24.12,30.87,wallet,Cancelled by Driver,
RPD103315,CUST1501,,Pune,Kothrud,Kothrud,2026-07-05 03:32:00,BIKE,3.94,3.3,Very High,24.0,Heavy Rain,1.83,38.64,70.71,wallet,Cancelled by Customer,
RPD103967,CUST1245,DRV633,Bangalore,MG Road,MG Road,20-Jun-2026 03:10 AM,bike,3.04,13.1,Low,11.0,Clear,1.0,33.24,33.24,Cash,Cancelled by Driver,
RPD102171,CUST3375,DRV518,Hyderabad,Gachibowli,Banjara Hills,2026-06-05 16:23:00,Cab Premium,5.75,30.1,Low,16.0,Fog,1.0,118.5,118.5,Wallet,Cancelled by Driver,
RPD102302,CUST2609,DRV463,Hyderabad,Banjara Hills,Madhapur,26-Jun-2026 04:50 AM,auto,4.72,8.3,Very High,16.0,Heavy Rain,1.96,57.48,112.66,Card,completed,4.2
RPD102524,CUST3199,DRV106,Bangalore,Whitefield,Whitefield,2026-06-08 14:50:00,Cab Premium,0.73,16.2,Medium,12.0,Clear,1.12,28.14,31.52,UPI,Completed,4.2
RPD102887,CUST3664,,Bangalore,Koramangala,Koramangala,2026-06-11 22:13:00,cab economy,3.94,7.3,Low,15.0,Fog,1.0,62.28,62.28,,Cancelled by Customer,
RPD100296,CUST3762,DRV569,hyderabad ,Hitech City,Hitech City,2026-06-15 17:24:00,BIKE,1.59,21.5,Low,20.0,Fog,1.0,24.54,24.54,wallet,COMPLETED,4.5
RPD101071,CUST1940,DRV412,Mumbai,Powai,Borivali,2026-07-11 06:02:00,Cab Economy,1.37,8.6,Medium,15.0,,1.19,31.44,37.41,UPI,completed,3.3
RPD100054,CUST1411,DRV550,Bangalore,Whitefield,MG Road,01-Jul-2026 10:58 PM,BIKE,4.47,21.1,Low,32.0,Cloudy,1.0,41.82,41.82,upi,Cancelled by Driver,
RPD104730,CUST1947,DRV697,bangalore,Electronic City,HSR Layout,2026-07-15 16:53:00,bike,3.46,3.7,Low,19.0,Heavy Rain,1.0,35.76,35.76,upi,COMPLETED,4.0
RPD104561,CUST1138,DRV582,Bangalore,Electronic City,MG Road,2026-06-28 19:25:00,Bike,3.48,31.2,Very High,18.0,Clear,1.9,35.88,68.17,,Completed,3.8
RPD103086,CUST1357,DRV126,hyderabad ,Kukatpally,Banjara Hills,2026-06-19 15:56:00,Cab Economy,4.44,19.7,Medium,13.0,,1.14,68.28,77.84,wallet,COMPLETED,5.0
RPD103114,CUST1545,DRV216,BANGALORE,Indiranagar,Whitefield,03-Jun-2026 03:51 PM,Auto,5.0,11.5,Low,30.0,Cloudy,1.0,60.0,60.0,UPI,Cancelled by Driver,
RPD102007,CUST2355,DRV472,mumbai,Powai,Borivali,08/06/2026 04:13,Auto,4.2,17.9,Low,28.0,Cloudy,1.0,52.8,52.8,Card,Completed,4.4
RPD100302,CUST3356,DRV616,Bangalore,Whitefield,Electronic City,03/06/2026 10:34,BIKE,3.03,14.7,Low,11.0,Clear,1.0,33.18,33.18,upi,Ongoing,
RPD100366,CUST1858,DRV545,Hyderabad,Gachibowli,Banjara Hills,04-Jun-2026 06:07 AM,cab economy,6.0,26.8,Low,13.0,Cloudy,1.02,87.0,88.74,Card,COMPLETED,3.9
RPD100103,CUST3905,DRV330,Hyderabad,Madhapur,Banjara Hills,09/06/2026 17:40,,7.39,24.1,Medium,14.0,Clear,1.23,103.68,127.53,Wallet,completed,3.9
RPD104542,CUST2039,,Pune,Viman Nagar,Kothrud,2026-07-10 13:22:00,Bike,5.53,22.0,Medium,17.0,Fog,1.08,48.18,52.03,upi,Cancelled by Customer,
RPD102531,CUST2130,DRV468,hyderabad ,Kukatpally,Gachibowli,25-Jun-2026 01:08 AM,,2.1,9.6,Low,29.0,Cloudy,1.0,40.2,40.2,UPI,completed,4.3
RPD103183,CUST2639,DRV640,Bangalore,Jayanagar,Whitefield,09/06/2026 08:01,auto,7.95,8.5,Very High,20.0,Rain,2.03,86.55,175.7,Wallet,COMPLETED,4.9
RPD102804,CUST2761,DRV427,Bangalore,MG Road,Whitefield,2026-07-07 12:19:00,auto,5.81,17.5,Low,26.0,Rain,1.09,67.29,73.35,Card,COMPLETED,4.0
RPD102645,CUST2418,DRV406,mumbai,Bandra,Powai,21/06/2026 06:42,cab economy,12.03,10.1,Low,18.0,Cloudy,1.0,159.36,159.36,upi,Ongoing,
RPD103020,CUST1842,DRV188,Bangalore,Indiranagar,Koramangala,2026-06-12 18:51:00,cab economy,7.27,20.2,Very High,7.0,Rain,1.93,102.24,197.32,UPI,Completed,4.1
RPD101488,CUST1381,,Bangalore,HSR Layout,Koramangala,2026-06-04 12:21:00,auto,6.83,16.3,Very High,18.0,Heavy Rain,1.88,76.47,143.76,cash ,Cancelled by Customer,
RPD103812,CUST3492,DRV344,Mumbai,Bandra,Dadar,05/07/2026 10:47,Cab Premium,6.49,17.8,Medium,20.0,Fog,1.18,131.82,155.55,Cash,Ongoing,
RPD100375,CUST3658,DRV589,Bangalore,Koramangala,HSR Layout,2026-06-24 14:39:00,bike,5.45,19.8,Low,12.0,Fog,1.0,47.7,47.7,cash ,completed,4.0
RPD101214,CUST1379,DRV364,bangalore,HSR Layout,Koramangala,2026-07-03 10:31:00,Cab Economy,2.93,20.0,Low,22.0,Clear,1.04,50.16,52.17,,Ongoing,
RPD100545,CUST2953,,Mumbai,Colaba,Powai,2026-07-09 03:57:00,BIKE,3.97,5.5,Low,17.0,Heavy Rain,1.1,38.82,42.7,Cash,Cancelled by Customer,
RPD101352,CUST2848,DRV514,Mumbai,Bandra,Borivali,24/06/2026 06:26,BIKE,8.65,21.3,Very High,19.0,Rain,1.89,66.9,126.44,UPI,Ongoing,
RPD100292,CUST2491,DRV735,hyderabad ,Gachibowli,Hitech City,2026-07-04 04:28:00,Bike,3.75,9.3,Low,20.0,,1.0,37.5,37.5,cash ,Ongoing,
RPD103405,CUST1384,DRV621,hyderabad ,Gachibowli,Gachibowli,2026-06-14 21:12:00,Cab Premium,11.08,9.0,Low,11.0,Cloudy,1.03,214.44,220.87,wallet,Completed,4.7
RPD100390,CUST2321,DRV423,mumbai,Dadar,Borivali,2026-06-23 01:18:00,Auto,5.37,19.5,Low,26.0,,1.0,63.33,63.33,Card,Ongoing,
RPD104445,CUST3726,DRV239,bangalore,MG Road,HSR Layout,2026-06-25 01:25:00,,4.19,32.8,Low,24.0,Fog,1.0,65.28,65.28,Card,Cancelled by Driver,
RPD102608,CUST2652,DRV337,Pune,Viman Nagar,Hinjewadi,10-Jul-2026 08:37 AM,Auto,2.71,18.9,Very High,8.0,Rain,2.0,39.39,78.78,cash ,completed,4.8
RPD101871,CUST3989,DRV338,bangalore,Indiranagar,Jayanagar,2026-07-12 07:57:00,,999.0,19.2,Low,20.0,Fog,1.03,12003.0,12363.09,Card,Cancelled by Driver,
RPD103436,CUST2940,DRV268,mumbai,Borivali,Colaba,2026-06-14 22:16:00,cab economy,0.79,9.2,Low,20.0,Heavy Rain,1.0,24.48,24.48,Cash,Ongoing,
RPD100248,CUST1222,DRV662,Mumbai,Bandra,Borivali,23-Jun-2026 06:26 AM,BIKE,3.15,30.7,Low,23.0,Rain,1.07,33.9,36.27,,Ongoing,
RPD102826,CUST1448,DRV417,Mumbai,Bandra,Dadar,2026-06-05 12:03:00,Bike,2.91,13.3,Low,15.0,Cloudy,1.09,32.46,35.38,cash ,Ongoing,
RPD102165,CUST3892,DRV500,mumbai,Colaba,Bandra,2026-07-07 22:50:00,auto,3.09,13.6,Very High,27.0,Rain,1.92,42.81,82.2,Wallet,completed,
,,,,,,,,,,,,,,,,,,
RPD103660,CUST3525,DRV537,Bengaluru,MG Road,Koramangala,2026-06-20 04:54:00,Bike,1.85,3.0,Low,10.0,,1.0,26.1,Rs. 26.1,Card,COMPLETED,5.0
RPD104731,CUST1262,DRV728,hyderabad ,Madhapur,Hitech City,03/06/2026 18:07,BIKE,-1.84,4.2,Very High,15.0,Clear,1.89,15.6,29.48,,Completed,5.0
RPD100411,CUST2093,DRV393,hyderabad ,Gachibowli,Banjara Hills,2026-06-30 04:15:00,Cab Premium,12.17,25.8,Low,19.0,Cloudy,1.0,234.06,234.06,Cash,completed,5.0
RPD102006,CUST2524,DRV688,hyderabad ,Madhapur,Hitech City,04/06/2026 16:48,Cab Economy,5.31,38.0,Very High,6.0,Heavy Rain,1.9,78.72,149.57,Cash,Cancelled by Driver,
RPD104381,CUST1924,DRV586,Pune,Viman Nagar,Viman Nagar,20-Jun-2026 03:56 PM,Bike,4.96,17.5,Low,28.0,Heavy Rain,1.06,44.76,47.45,upi,Completed,4.7
RPD101895,CUST2730,DRV385,Bengaluru,Whitefield,Whitefield,30-Jun-2026 06:42 PM,BIKE,1.71,12.6,Very High,15.0,Rain,1.83,25.26,46.23,,completed,5.0
RPD101185,CUST3350,DRV647,Pune,Hinjewadi,Viman Nagar,13/07/2026 08:39,bike,3.86,18.1,Very High,13.0,Rain,1.81,38.16,69.07,cash ,Completed,
RPD103582,CUST2325,DRV126,Pune,Viman Nagar,Viman Nagar,23/06/2026 05:21,Cab Economy,4.27,5.2,Medium,15.0,Cloudy,1.12,66.24,74.19,Cash,Ongoing,
RPD100833,CUST1810,DRV122,mumbai,Dadar,Borivali,2026-06-10 12:23:00,BIKE,0.56,14.0,Very High,23.0,Rain,1.92,18.36,35.25,,completed,5.0
RPD102228,CUST1288,,Hyderabad,Banjara Hills,Gachibowli,2026-07-15 17:21:00,cab economy,3.68,20.5,Low,25.0,Cloudy,1.0,59.16,59.16,Card,Cancelled by Customer,
RPD101804,CUST3030,DRV387,Bangalore,Koramangala,Electronic City,2026-06-13 08:29:00,,7.92,11.3,Very High,0.0,,1.94,110.04,213.48,wallet,completed,
RPD100691,CUST2712,DRV508,Bangalore,Indiranagar,Electronic City,2026-06-08 05:12:00,Cab Premium,1.1,10.4,Low,27.0,Cloudy,1.0,34.8,34.8,UPI,COMPLETED,4.9
RPD104171,CUST1480,DRV531,Mumbai,Borivali,Dadar,07-Jun-2026 04:40 AM,,0.62,16.9,Low,17.0,,1.03,22.44,23.11,UPI,completed,4.5
RPD102519,CUST3749,DRV438,hyderabad ,Gachibowli,Kukatpally,2026-07-02 03:50:00,bike,22.98,46.7,Medium,6.0,Cloudy,1.07,152.88,163.58,Wallet,Completed,4.2
RPD103346,CUST3663,DRV219,Bangalore,HSR Layout,MG Road,04/07/2026 03:29,BIKE,9.61,41.9,Very High,24.0,Heavy Rain,1.9,72.66,138.05,Cash,COMPLETED,4.2
RPD103773,CUST1786,DRV779,bangalore,Electronic City,Indiranagar,08-Jul-2026 09:30 AM,cab economy,1.38,14.1,Very High,16.0,Heavy Rain,1.95,31.56,61.54,upi,COMPLETED,5.0
RPD104458,CUST1675,DRV764,hyderabad ,Kukatpally,Madhapur,2026-07-05 03:30:00,,2.56,22.8,Very High,19.0,Heavy Rain,1.87,45.72,85.5,UPI,Completed,4.7
RPD104279,CUST3710,DRV667,Mumbai,Dadar,Powai,2026-06-06 18:34:00,Auto,6.09,33.4,High,1.0,,1.35,69.81,94.24,Card,completed,5.0
RPD101076,CUST3047,DRV130,Mumbai,Bandra,Powai,09/06/2026 06:53,,3.37,12.9,Very High,21.0,Rain,1.96,55.44,108.66,wallet,COMPLETED,4.5
RPD102941,CUST2559,DRV335,Bengaluru,MG Road,Whitefield,06/06/2026 06:20,auto,6.92,19.8,Very High,17.0,Rain,1.92,77.28,148.38,cash ,COMPLETED,4.1
RPD103352,CUST2713,DRV525,Bangalore,Jayanagar,HSR Layout,2026-06-29 17:14:00,Cab Premium,11.95,44.1,Low,27.0,,1.0,230.1,230.1,Cash,completed,4.4
RPD102440,CUST1953,,Mumbai,Andheri,Powai,08/06/2026 19:42,Bike,4.32,27.9,Very High,6.0,Clear,1.92,40.92,78.57,Wallet,Cancelled by Customer,
RPD102112,CUST1851,DRV608,Bangalore,HSR Layout,Koramangala,25-Jun-2026 06:34 PM,,7.67,16.6,Very High,7.0,Cloudy,1.93,107.04,206.59,,Cancelled by Driver,
RPD100770,CUST2869,DRV779,Hyderabad,Madhapur,Banjara Hills,05/07/2026 14:07,Cab Economy,2.58,3.0,Low,23.0,Heavy Rain,1.08,45.96,49.64,upi,Ongoing,
RPD102878,CUST3038,,Mumbai,Andheri,Andheri,2026-07-11 18:13:00,Auto,4.9,15.3,Very High,14.0,Fog,1.93,59.1,114.06,,Cancelled by Customer,
RPD103601,CUST2904,,BANGALORE,Koramangala,Jayanagar,2026-07-02 14:31:00,bike,8.11,25.7,Very High,19.0,Heavy Rain,1.89,63.66,120.32,,Cancelled by Customer,
RPD101947,CUST2311,DRV696,mumbai,Bandra,Andheri,07-Jun-2026 12:54 PM,Cab Premium,8.46,10.4,Low,21.0,Clear,1.0,167.28,167.28,UPI,Ongoing,
RPD100555,CUST3048,DRV113,hyderabad ,Kukatpally,Gachibowli,21/06/2026 12:32,BIKE,3.64,20.5,Medium,15.0,Clear,1.14,36.84,42.0,cash ,Cancelled by Driver,
RPD100753,CUST2483,,BANGALORE,Jayanagar,Jayanagar,05/06/2026 22:45,cab economy,3.84,11.6,Medium,14.0,,1.12,61.08,68.41,Wallet,Cancelled by Customer,
RPD104728,CUST2476,DRV735,Bangalore,Whitefield,Indiranagar,03-Jun-2026 08:17 AM,cab economy,7.7,46.8,Very High,14.0,Heavy Rain,1.83,107.4,196.54,UPI,Ongoing,
RPD104184,CUST2030,DRV300,Bengaluru,Koramangala,Jayanagar,2026-07-05 20:06:00,Bike,2.5,12.1,High,12.0,Fog,1.33,30.0,39.9,UPI,completed,4.4
RPD101042,CUST1702,DRV208,Hyderabad,Hitech City,Hitech City,16-Jul-2026 08:10 AM,BIKE,0.78,24.2,High,4.0,Clear,1.37,19.68,26.96,upi,Ongoing,
RPD104054,CUST2703,DRV198,BANGALORE,Electronic City,Koramangala,2026-06-18 21:14:00,auto,10.56,11.8,Low,18.0,Heavy Rain,1.02,110.04,112.24,Wallet,Cancelled by Driver,
RPD104794,CUST3855,,Hyderabad,Madhapur,Gachibowli,2026-07-16 23:58:00,Cab Premium,7.5,6.5,Medium,21.0,Fog,1.11,150.0,166.5,upi,Cancelled by Customer,
RPD100364,CUST2687,,BANGALORE,Koramangala,MG Road,2026-07-12 18:56:00,cab economy,2.99,28.6,Very High,7.0,,1.92,50.88,97.69,cash ,Cancelled by Customer,
RPD104251,CUST2449,DRV799,mumbai,Bandra,Powai,05-Jun-2026 04:00 AM,Cab Economy,2.48,28.6,Very High,18.0,Heavy Rain,1.89,44.76,84.6,,Completed,5.0
RPD101136,CUST1253,DRV761,hyderabad ,Kukatpally,Banjara Hills,2026-06-10 07:57:00,Cab Premium,2.49,9.1,Low,28.0,,1.0,59.82,59.82,UPI,Completed,3.2
RPD103396,CUST3842,,Mumbai,Dadar,Borivali,01/06/2026 16:01,,4.05,26.3,Low,20.0,,1.01,63.6,64.24,Card,Cancelled by Customer,
RPD101680,CUST1651,DRV486,bangalore,Indiranagar,Electronic City,04-Jul-2026 12:27 PM,BIKE,0.5,15.7,Low,23.0,Rain,1.0,18.0,18.0,upi,Cancelled by Driver,
RPD100551,CUST2999,DRV158,Mumbai,Powai,Dadar,2026-06-19 08:13:00,auto,2.06,11.2,Very High,9.0,,1.92,33.54,64.4,Wallet,Ongoing,
RPD104471,CUST3421,,Bangalore,HSR Layout,Koramangala,02-Jul-2026 02:11 PM,cab economy,2.21,20.9,Very High,29.0,Heavy Rain,1.86,41.52,77.23,wallet,Cancelled by Customer,
RPD104797,CUST3186,DRV106,mumbai,Colaba,Dadar,2026-07-07 09:56:00,cab economy,3.26,5.2,Very High,9.0,Clear,1.93,54.12,104.45,,Completed,5.0
RPD101623,CUST2137,DRV134,Bengaluru,Whitefield,Koramangala,2026-06-05 10:48:00,Bike,3.96,31.0,Medium,19.0,Fog,1.09,38.76,42.25,wallet,Completed,4.3
RPD102521,CUST3694,DRV525,BANGALORE,MG Road,HSR Layout,02/07/2026 20:01,Bike,5.03,12.3,Very High,1.0,Clear,1.92,45.18,86.75,Cash,Ongoing,
RPD104068,CUST3088,DRV120,bangalore,Electronic City,Electronic City,02-Jul-2026 01:56 AM,,5.27,12.4,Very High,10.0,Rain,1.85,78.24,144.74,upi,Completed,3.6
RPD102707,CUST3957,DRV457,Mumbai,Andheri,Powai,2026-07-13 10:49:00,Bike,2.29,9.6,Low,17.0,Cloudy,1.04,28.74,29.89,,Completed,4.1
RPD103860,CUST2296,,bangalore,Indiranagar,MG Road,2026-06-30 05:42:00,auto,4.17,16.8,Low,21.0,Clear,1.02,52.53,53.58,,Cancelled by Customer,
RPD103989,CUST3193,,bangalore,MG Road,MG Road,29-Jun-2026 02:08 AM,cab economy,12.12,15.4,Very High,16.0,Heavy Rain,1.93,160.44,309.65,Cash,Cancelled by Customer,
RPD100843,CUST2462,DRV446,mumbai,Colaba,Colaba,03/06/2026 16:03,bike,1.02,15.2,Very High,37.0,Rain,1.87,21.12,39.49,upi,Cancelled by Driver,
RPD102496,CUST3039,DRV161,Bengaluru,Jayanagar,Koramangala,2026-07-14 14:10:00,BIKE,5.69,18.8,Medium,25.0,Cloudy,1.15,49.14,56.51,Card,Ongoing,
RPD102069,CUST1510,DRV353,Mumbai,Dadar,Colaba,2026-07-03 16:33:00,bike,3.21,14.6,Medium,7.0,,1.14,34.26,39.06,wallet,Ongoing,
RPD104055,CUST2033,DRV684,BANGALORE,MG Road,Electronic City,2026-06-27 17:07:00,Cab Premium,1.04,4.8,Low,19.0,Cloudy,1.07,33.72,36.08,upi,COMPLETED,4.1
RPD100880,CUST3557,DRV383,Mumbai,Andheri,Colaba,05-Jul-2026 08:08 AM,Auto,3.95,27.5,High,6.0,Clear,1.4,50.55,,Card,Cancelled by Driver,
RPD104575,CUST1787,DRV244,Mumbai,Dadar,Andheri,12-Jul-2026 09:20 PM,BIKE,3.84,43.1,Low,14.0,Clear,1.0,38.04,38.04,Card,Cancelled by Driver,
RPD104475,CUST3375,DRV525,Bengaluru,Electronic City,Whitefield,14-Jun-2026 05:28 AM,Auto,1.59,25.3,Low,17.0,Clear,1.01,29.31,29.6,upi,Ongoing,
RPD100864,CUST3194,DRV769,Mumbai,Colaba,Borivali,2026-06-29 06:39:00,Bike,-5.94,17.0,Low,24.0,Fog,1.0,15.6,15.6,UPI,COMPLETED,4.9
RPD103669,CUST3293,DRV308,Bangalore,HSR Layout,MG Road,12-Jul-2026 09:52 AM,Bike,3.55,9.7,Very High,15.0,Fog,1.88,36.3,68.24,Cash,Ongoing,
RPD103715,CUST1661,DRV380,bangalore,Whitefield,Whitefield,12/07/2026 11:00,Auto,3.73,18.1,Medium,22.0,Clear,1.15,48.57,55.86,Cash,Ongoing,
RPD102403,CUST3518,DRV614,Mumbai,Andheri,Andheri,21/06/2026 23:48,BIKE,1.88,32.3,Medium,21.0,Heavy Rain,1.15,26.28,30.22,upi,COMPLETED,4.4
RPD102060,CUST1217,,mumbai,Dadar,Powai,14-Jun-2026 04:19 PM,bike,7.89,25.2,Low,15.0,Heavy Rain,1.0,62.34,62.34,upi,Cancelled by Customer,
RPD104306,CUST2397,DRV380,Mumbai,Andheri,Bandra,13/06/2026 08:36,Auto,3.62,23.7,Very High,7.0,Rain,1.99,47.58,94.68,UPI,Cancelled by Driver,
RPD102578,CUST3603,,bangalore,Indiranagar,HSR Layout,2026-06-20 20:09:00,auto,3.32,21.2,High,11.0,Heavy Rain,1.39,44.88,62.38,,Cancelled by Customer,
RPD101912,CUST1139,DRV309,BANGALORE,Whitefield,Jayanagar,2026-07-08 06:06:00,Bike,2.16,19.5,Medium,27.0,Clear,1.11,27.96,31.04,,completed,4.0
RPD104537,CUST2451,,BANGALORE,Jayanagar,Electronic City,2026-07-12 02:34:00,cab economy,3.41,27.9,Low,19.0,Heavy Rain,1.0,55.92,55.92,upi,Cancelled by Customer,
RPD104519,CUST3953,,Bengaluru,Electronic City,HSR Layout,2026-06-20 00:16:00,BIKE,4.17,6.1,Medium,23.0,Clear,1.1,40.02,44.02,Card,Cancelled by Customer,
RPD101074,CUST3161,DRV626,Bengaluru,MG Road,Electronic City,2026-06-08 04:34:00,,10.93,9.5,Medium,17.0,,1.05,146.16,153.47,Cash,Ongoing,
RPD101754,CUST2601,,BANGALORE,HSR Layout,Electronic City,2026-07-06 09:49:00,,7.37,23.9,High,20.0,Cloudy,1.44,103.44,148.95,Wallet,Cancelled by Customer,
RPD101160,CUST3961,DRV588,Bengaluru,Electronic City,Whitefield,27/06/2026 08:01,,2.24,42.6,Very High,9.0,Rain,1.92,41.88,80.41,cash ,Ongoing,
RPD100059,CUST1033,DRV679,Mumbai,Dadar,Powai,2026-06-13 12:54:00,auto,3.94,33.3,Medium,27.0,,1.15,50.46,58.03,UPI,Cancelled by Driver,
RPD101327,CUST1469,DRV112,Bangalore,Electronic City,Whitefield,2026-06-15 14:11:00,Cab Premium,2.87,14.9,Low,22.0,,1.05,66.66,69.99,Card,completed,4.8
RPD104888,CUST2900,DRV759,Mumbai,Colaba,Colaba,04/06/2026 08:38,auto,2.46,7.3,Very High,10.0,Clear,1.98,37.14,73.54,Cash,COMPLETED,3.8
RPD102295,CUST1549,,BANGALORE,Jayanagar,HSR Layout,01/06/2026 09:26,Cab Economy,1.47,18.0,Very High,14.0,Rain,1.88,32.64,61.36,Card,Cancelled by Customer,
RPD103029,CUST2971,,Hyderabad,Banjara Hills,Kukatpally,03-Jul-2026 08:37 AM,Bike,2.34,29.8,High,5.0,,1.39,29.04,40.37,Cash,Cancelled by Customer,
RPD101239,CUST2163,DRV586,Mumbai,Bandra,Colaba,2026-07-03 16:57:00,cab economy,3.35,4.3,Medium,21.0,,1.11,55.2,61.27,,completed,3.6
RPD102399,CUST2589,DRV660,mumbai,Andheri,Dadar,2026-07-15 00:22:00,Cab Premium,6.64,10.7,Medium,15.0,Cloudy,1.16,134.52,156.04,cash ,Cancelled by Driver,
RPD102610,CUST2132,DRV202,Bengaluru,MG Road,Whitefield,2026-06-17 17:50:00,bike,7.26,9.5,Low,14.0,Clear,1.01,58.56,59.15,Wallet,Ongoing,
RPD102530,CUST3345,DRV515,Bengaluru,HSR Layout,Koramangala,2026-06-15 11:59:00,bike,1.2,19.8,Very High,8.0,Heavy Rain,1.86,22.2,41.29,Wallet,COMPLETED,4.2
RPD104460,CUST1106,DRV484,Pune,Kothrud,Kothrud,16-Jun-2026 05:06 PM,,2.48,23.1,Very High,33.0,Heavy Rain,1.95,44.76,87.28,UPI,Completed,4.5
RPD104060,CUST3210,DRV122,Mumbai,Bandra,Bandra,2026-07-04 21:18:00,Cab Economy,13.33,17.1,Low,22.0,Clear,1.01,174.96,176.71,Card,Cancelled by Driver,
RPD101514,CUST1035,,Pune,Baner,Camp,25/06/2026 00:50,Cab Premium,6.09,8.4,Low,8.0,Cloudy,1.0,124.62,124.62,Wallet,Cancelled by Customer,
RPD102197,CUST3187,DRV131,Bangalore,Koramangala,Jayanagar,2026-07-15 17:58:00,BIKE,-1.58,32.4,Medium,19.0,Clear,1.14,15.6,17.78,upi,completed,3.9
RPD103816,CUST1254,DRV588,hyderabad ,Banjara Hills,Kukatpally,2026-07-08 00:48:00,cab economy,1.45,17.9,Low,21.0,Clear,1.08,32.4,34.99,Wallet,completed,3.5
RPD102790,CUST1701,DRV657,BANGALORE,Indiranagar,Whitefield,2026-06-16 00:09:00,Bike,5.92,9.1,Medium,17.0,Clear,1.18,50.52,59.61,Cash,Ongoing,
RPD101069,CUST1695,,Mumbai,Colaba,Colaba,02/07/2026 21:39,Cab Premium,2.97,6.0,Very High,23.0,Rain,1.9,68.46,130.07,UPI,Cancelled by Customer,
RPD102196,CUST1563,DRV661,Mumbai,Andheri,Powai,2026-07-03 07:20:00,BIKE,3.25,16.3,Medium,20.0,Cloudy,1.18,34.5,40.71,Cash,completed,4.3
RPD103953,CUST1911,,hyderabad ,Madhapur,Kukatpally,2026-06-02 13:42:00,cab economy,7.57,10.3,Very High,15.0,Heavy Rain,1.93,105.84,204.27,,Cancelled by Customer,
RPD100077,CUST1318,,bangalore,Koramangala,HSR Layout,2026-06-28 05:08:00,Cab Economy,5.64,23.7,Medium,19.0,Clear,1.11,82.68,91.77,Wallet,Cancelled by Customer,
RPD100517,CUST1773,DRV533,Hyderabad,Gachibowli,Banjara Hills,16-Jun-2026 07:37 PM,bike,999.0,19.6,Very High,13.0,,1.85,6009.0,11116.65,Cash,Completed,4.5
RPD102723,CUST2493,DRV560,Hyderabad,Madhapur,Madhapur,03/06/2026 23:06,Cab Premium,13.87,12.4,Very High,36.0,Heavy Rain,1.88,264.66,497.56,UPI,COMPLETED,4.0
RPD101800,CUST1537,DRV282,Bengaluru,Koramangala,Whitefield,23-Jun-2026 05:57 PM,cab economy,-2.46,32.3,Low,19.0,Clear,1.09,16.2,17.66,cash ,Cancelled by Driver,
RPD103680,CUST3735,DRV152,Bengaluru,Koramangala,Jayanagar,2026-07-15 10:04:00,Cab Economy,7.38,8.0,Low,16.0,,1.0,103.56,103.56,Wallet,COMPLETED,4.6
RPD104201,CUST1214,DRV138,hyderabad ,Hitech City,Banjara Hills,2026-07-04 17:00:00,Cab Economy,3.65,52.6,Medium,12.0,Cloudy,1.14,58.8,67.03,wallet,completed,4.2
RPD102501,CUST2152,DRV200,Mumbai,Borivali,Colaba,02-Jun-2026 04:13 AM,Cab Premium,7.11,28.9,Low,23.0,Fog,1.02,142.98,145.84,UPI,Ongoing,
RPD104917,CUST3803,DRV538,BANGALORE,Jayanagar,Indiranagar,01-Jul-2026 12:37 AM,,2.67,9.1,Medium,21.0,Fog,1.15,47.04,54.1,UPI,completed,5.0
RPD104936,CUST4000,DRV697,mumbai,Borivali,Colaba,2026-06-09 15:14:00,,6.86,18.5,Medium,11.0,Cloudy,1.09,97.32,106.08,Cash,Ongoing,
RPD100193,CUST1363,DRV786,Bangalore,Indiranagar,Electronic City,21/06/2026 19:14,Cab Economy,0.5,22.1,High,8.0,,1.43,21.0,30.03,Wallet,COMPLETED,4.5
RPD102854,CUST1920,DRV125,Mumbai,Bandra,Colaba,05/07/2026 10:57,bike,2.69,14.7,Low,15.0,Heavy Rain,1.12,31.14,34.88,Cash,Cancelled by Driver,
RPD101039,CUST3035,DRV504,Mumbai,Colaba,Andheri,21-Jun-2026 07:42 AM,Bike,0.69,29.3,Low,14.0,Heavy Rain,1.0,19.14,19.14,,Ongoing,
RPD102179,CUST3752,DRV796,BANGALORE,HSR Layout,Indiranagar,11-Jul-2026 09:45 AM,BIKE,3.19,24.9,Very High,9.0,Cloudy,1.94,34.14,66.23,cash ,completed,3.8
RPD101960,CUST2172,DRV464,BANGALORE,Koramangala,MG Road,12-Jul-2026 01:30 AM,auto,9.69,18.4,Very High,17.0,Heavy Rain,1.83,102.21,187.04,Cash,Completed,4.9
RPD104613,CUST2348,DRV558,Hyderabad,Banjara Hills,Madhapur,2026-06-06 03:40:00,Auto,4.19,32.0,Low,11.0,Clear,1.06,52.71,55.87,UPI,Cancelled by Driver,
RPD104187,CUST1990,,Bangalore,Indiranagar,Koramangala,25-Jun-2026 06:28 PM,,3.87,23.4,Very High,3.0,Fog,1.9,61.44,116.74,Card,Cancelled by Customer,
RPD102506,CUST3767,DRV623,Hyderabad,Madhapur,Gachibowli,2026-06-05 12:10:00,Auto,2.34,10.5,Very High,30.0,Rain,1.82,36.06,65.63,cash ,COMPLETED,3.6
RPD101304,CUST2331,DRV211,Hyderabad,Kukatpally,Gachibowli,2026-07-06 00:34:00,Cab Economy,3.9,25.3,Very High,15.0,Heavy Rain,1.87,61.8,115.57,cash ,Ongoing,
RPD100627,CUST3567,DRV795,hyderabad ,Hitech City,Gachibowli,27-Jun-2026 07:42 AM,Cab Premium,2.99,14.1,Very High,20.0,Heavy Rain,1.91,68.82,131.45,,Completed,5.0
RPD103733,CUST3912,DRV465,Hyderabad,Kukatpally,Hitech City,2026-06-18 00:36:00,Cab Premium,10.63,25.2,Medium,13.0,Rain,1.16,206.34,239.35,cash ,Ongoing,
RPD102929,CUST2706,,BANGALORE,HSR Layout,Jayanagar,2026-07-07 07:37:00,,6.4,34.5,Medium,5.0,Fog,1.19,91.8,109.24,Cash,Cancelled by Customer,
RPD101100,CUST1388,,hyderabad ,Banjara Hills,Banjara Hills,07/06/2026 01:31,bike,9.89,5.2,Very High,19.0,Rain,1.82,74.34,135.3,UPI,Cancelled by Customer,
RPD104590,CUST2798,DRV523,Mumbai,Dadar,Powai,26/06/2026 06:40,BIKE,1.66,7.6,Low,27.0,Fog,1.03,24.96,25.71,upi,Ongoing,
RPD101909,CUST2404,DRV250,Hyderabad,Gachibowli,Gachibowli,01/06/2026 19:58,auto,2.41,12.7,High,9.0,Clear,1.36,36.69,49.9,Cash,Ongoing,
RPD104390,CUST3579,DRV648,Bengaluru,Whitefield,Indiranagar,30/06/2026 10:20,Bike,2.85,17.6,Medium,25.0,Heavy Rain,1.19,32.1,38.2,,Ongoing,
RPD103846,CUST2715,DRV244,BANGALORE,HSR Layout,Indiranagar,2026-06-11 06:58:00,,3.48,16.5,Low,20.0,,1.05,56.76,59.6,UPI,COMPLETED,4.6
RPD103617,CUST3495,,hyderabad ,Kukatpally,Kukatpally,07/06/2026 04:48,BIKE,6.01,6.6,Medium,19.0,Heavy Rain,1.15,51.06,58.72,Card,Cancelled by Customer,
RPD101911,CUST1897,DRV609,Bengaluru,Indiranagar,HSR Layout,28-Jun-2026 07:13 AM,Cab Economy,8.91,23.3,Low,29.0,,1.03,121.92,125.58,Cash,completed,4.5
RPD102199,CUST3804,DRV182,Pune,Camp,Camp,26/06/2026 06:40,auto,0.81,25.1,Low,25.0,Clear,1.04,22.29,23.18,cash ,COMPLETED,3.7
RPD104512,CUST3287,DRV333,mumbai,Bandra,Borivali,22/06/2026 18:45,Cab Economy,3.02,39.8,Very High,11.0,,1.95,51.24,99.92,Wallet,COMPLETED,4.6
RPD104684,CUST2705,DRV399,Hyderabad,Banjara Hills,Banjara Hills,2026-06-15 14:17:00,auto,1.71,17.1,Low,15.0,Fog,1.0,30.39,30.39,cash ,Cancelled by Driver,
RPD104984,CUST2238,DRV670,hyderabad ,Banjara Hills,Madhapur,2026-06-07 13:37:00,Cab Premium,4.63,12.0,Medium,8.0,,1.17,98.34,115.06,UPI,Ongoing,
RPD100310,CUST3777,DRV727,hyderabad ,Banjara Hills,Hitech City,2026-07-11 08:56:00,,2.73,12.8,Very High,0.0,Heavy Rain,1.91,47.76,91.22,cash ,COMPLETED,5.0
RPD101413,CUST3496,DRV376,Pune,Hinjewadi,Camp,01-Jul-2026 07:31 PM,cab economy,5.7,26.9,Very High,11.0,Rain,1.87,83.4,155.96,UPI,completed,4.2
RPD100776,CUST2223,,Bengaluru,HSR Layout,Indiranagar,2026-07-14 08:48:00,,4.26,18.0,Very High,0.0,Clear,1.87,66.12,123.64,upi,Cancelled by Customer,
RPD100485,CUST3392,DRV600,Pune,Kothrud,Hinjewadi,10-Jul-2026 06:12 PM,Auto,5.47,5.1,High,15.0,Clear,1.37,64.23,88.0,cash ,Ongoing,
RPD104683,CUST1875,DRV690,Bangalore,Jayanagar,MG Road,11-Jun-2026 01:46 PM,BIKE,11.58,25.6,Low,24.0,,1.15,84.48,97.15,cash ,Cancelled by Driver,
RPD100368,CUST1593,DRV321,Pune,Kothrud,Viman Nagar,2026-06-15 03:20:00,Auto,3.47,26.8,Low,22.0,Cloudy,1.01,46.23,46.69,,Completed,3.6
RPD100571,CUST2358,DRV590,Bangalore,Jayanagar,Koramangala,07-Jun-2026 05:47 PM,BIKE,5.04,41.9,Low,24.0,Cloudy,1.0,45.24,45.24,Cash,Cancelled by Driver,
RPD103122,CUST3478,DRV751,Hyderabad,Banjara Hills,Banjara Hills,2026-06-15 09:50:00,Cab Premium,4.8,13.8,High,5.0,Clear,1.41,101.4,142.97,,Ongoing,
RPD100650,CUST2553,DRV798,Bangalore,Koramangala,Koramangala,02/07/2026 16:14,Auto,5.39,21.0,Medium,27.0,Clear,1.19,63.51,Rs. 75.58,UPI,completed,4.8
RPD102947,CUST1364,DRV667,BANGALORE,Koramangala,HSR Layout,04-Jul-2026 07:19 PM,cab economy,5.48,11.9,High,15.0,Rain,1.42,80.76,114.68,wallet,Cancelled by Driver,
RPD100442,CUST3466,DRV772,bangalore,HSR Layout,Electronic City,12/07/2026 11:28,Auto,4.82,10.4,Low,20.0,Cloudy,1.0,58.38,58.38,,COMPLETED,4.1
RPD101594,CUST1746,DRV292,bangalore,Jayanagar,Electronic City,2026-07-15 23:11:00,auto,2.91,7.9,Low,24.0,Cloudy,1.04,41.19,42.84,wallet,Completed,5.0
RPD102264,CUST1915,DRV402,hyderabad ,Madhapur,Hitech City,05-Jun-2026 05:00 AM,cab economy,1.22,24.8,Low,16.0,Cloudy,1.04,29.64,30.83,Card,completed,4.1
RPD100897,CUST1049,DRV236,BANGALORE,Jayanagar,HSR Layout,2026-06-22 21:45:00,BIKE,15.65,32.9,Very High,15.0,Rain,1.86,108.9,202.55,cash ,Cancelled by Driver,
RPD103936,CUST1220,,Bengaluru,HSR Layout,HSR Layout,10/06/2026 19:09,Cab Economy,4.12,8.3,Very High,16.0,Heavy Rain,1.88,64.44,121.15,cash ,Cancelled by Customer,
RPD101542,CUST2644,DRV276,Pune,Kothrud,Camp,05-Jul-2026 06:26 AM,Cab Economy,5.43,29.7,Low,21.0,Clear,1.0,80.16,80.16,Cash,COMPLETED,5.0
RPD101405,CUST2915,DRV688,Bangalore,Whitefield,MG Road,2026-07-05 09:04:00,Auto,2.99,9.5,Very High,6.0,,1.91,41.91,80.05,Card,Cancelled by Driver,
RPD103849,CUST2646,DRV752,hyderabad ,Gachibowli,Madhapur,2026-07-06 04:29:00,auto,1.25,5.7,Low,30.0,Cloudy,1.0,26.25,26.25,cash ,COMPLETED,4.4
RPD102973,CUST1705,,Bangalore,MG Road,Whitefield,2026-06-07 23:03:00,bike,2.43,27.9,Medium,20.0,Clear,1.25,29.58,36.97,Wallet,Cancelled by Customer,
RPD104290,CUST1766,DRV312,Hyderabad,Banjara Hills,Madhapur,24-Jun-2026 07:06 PM,cab economy,3.55,19.6,Very High,9.0,Heavy Rain,1.85,57.6,106.56,upi,Ongoing,
RPD103850,CUST3818,DRV766,mumbai,Powai,Dadar,2026-06-15 14:18:00,cab economy,7.08,12.0,Very High,12.0,Rain,1.82,99.96,181.93,UPI,completed,4.5
RPD101853,CUST1068,DRV312,BANGALORE,Koramangala,Indiranagar,06-Jun-2026 09:14 PM,,1.6,12.4,Low,26.0,Cloudy,1.04,34.2,35.57,wallet,completed,5.0
RPD102990,CUST2676,DRV697,bangalore,Indiranagar,Jayanagar,05-Jul-2026 08:50 AM,Cab Economy,5.35,28.7,Very High,12.0,Heavy Rain,1.91,79.2,151.27,Cash,COMPLETED,5.0
RPD102032,CUST1090,DRV528,Hyderabad,Banjara Hills,Gachibowli,2026-06-06 05:26:00,BIKE,1.99,9.6,Very High,21.0,Rain,1.87,26.94,50.38,Cash,Ongoing,
RPD100946,CUST1216,DRV630,bangalore,Jayanagar,Electronic City,08-Jun-2026 10:08 PM,bike,1.18,13.0,Low,20.0,Fog,1.0,22.08,22.08,Cash,COMPLETED,4.6
RPD101690,CUST2396,DRV275,Bengaluru,HSR Layout,Electronic City,2026-06-10 18:25:00,bike,-3.55,15.5,Very High,7.0,Heavy Rain,1.95,15.6,30.42,wallet,COMPLETED,5.0
RPD104413,CUST3491,,BANGALORE,Jayanagar,Koramangala,03/07/2026 22:38,BIKE,5.39,9.1,Low,24.0,,1.1,47.34,52.07,wallet,Cancelled by Customer,
RPD100073,CUST3878,DRV416,bangalore,Jayanagar,Whitefield,2026-07-07 07:51:00,,2.55,7.7,Medium,30.0,Clear,1.19,45.6,54.26,Wallet,Completed,4.5
RPD104243,CUST1576,DRV566,mumbai,Andheri,Dadar,2026-07-12 19:10:00,bike,12.38,29.8,Very High,8.0,Clear,1.94,89.28,173.2,upi,completed,4.6
RPD104854,CUST1461,,Bengaluru,Koramangala,MG Road,11-Jun-2026 06:23 AM,Auto,2.67,12.4,Low,18.0,Cloudy,1.0,39.03,39.03,cash ,Cancelled by Customer,
RPD100995,CUST3071,,Pune,Hinjewadi,Camp,05/06/2026 23:40,cab economy,1.12,3.4,Low,30.0,Cloudy,1.03,28.44,29.29,,Cancelled by Customer,
RPD100763,CUST3529,DRV524,mumbai,Andheri,Bandra,2026-06-16 05:36:00,cab economy,3.54,7.7,Low,24.0,Clear,1.0,57.48,57.48,Cash,COMPLETED,4.0
RPD102138,CUST2661,DRV446,hyderabad ,Hitech City,Banjara Hills,2026-07-02 17:13:00,Auto,9.9,9.7,Medium,19.0,Clear,1.13,104.1,117.63,cash ,completed,5.0
RPD100174,CUST2523,DRV229,Mumbai,Borivali,Borivali,2026-07-13 23:11:00,BIKE,2.66,5.0,Medium,10.0,Cloudy,1.1,30.96,34.06,Card,COMPLETED,4.8
RPD102066,CUST3427,DRV282,mumbai,Dadar,Borivali,2026-06-21 17:07:00,cab economy,4.04,10.1,Medium,22.0,Fog,1.17,63.48,74.27,Cash,COMPLETED,4.1
RPD101735,CUST3503,DRV360,Bengaluru,Electronic City,Jayanagar,03/06/2026 15:49,Cab Economy,7.34,7.3,Medium,27.0,Clear,1.02,103.08,105.14,upi,Cancelled by Driver,
RPD104564,CUST2763,DRV252,hyderabad ,Madhapur,Gachibowli,08-Jun-2026 02:27 PM,Bike,8.92,5.4,Low,24.0,Rain,1.0,68.52,68.52,wallet,Ongoing,
RPD104969,CUST3358,DRV743,bangalore,Jayanagar,Electronic City,09-Jun-2026 08:40 AM,Bike,3.07,32.0,Very High,10.0,Rain,1.87,33.42,62.5,Cash,Ongoing,
RPD102512,CUST1955,DRV106,Bangalore,MG Road,Koramangala,15-Jul-2026 10:04 PM,Auto,4.44,15.4,Low,14.0,Clear,1.08,54.96,59.36,Cash,Completed,5.0
RPD104662,CUST2669,DRV583,bangalore,Koramangala,Indiranagar,16/06/2026 13:11,Cab Economy,8.26,27.6,Medium,29.0,Cloudy,1.16,114.12,132.38,upi,COMPLETED,4.0
RPD102352,CUST3258,DRV335,Hyderabad,Madhapur,Hitech City,2026-06-28 13:40:00,BIKE,5.12,34.1,Medium,24.0,Clear,1.09,45.72,49.83,Card,Completed,3.0
RPD101776,CUST3277,DRV624,Pune,Hinjewadi,Baner,2026-06-05 18:29:00,,5.34,8.8,High,11.0,Clear,1.39,79.08,109.92,Cash,Completed,4.2
RPD101535,CUST3029,DRV217,Bangalore,Electronic City,HSR Layout,2026-07-13 01:05:00,Cab Economy,2.39,21.4,Low,12.0,Clear,1.02,43.68,44.55,wallet,completed,3.8
RPD100839,CUST1819,DRV761,mumbai,Andheri,Dadar,2026-06-16 07:40:00,,1.45,17.0,Low,23.0,Rain,1.01,32.4,32.72,cash ,Ongoing,
RPD100865,CUST2991,DRV355,Mumbai,Colaba,Andheri,2026-07-15 16:31:00,Bike,4.83,7.5,Low,13.0,Heavy Rain,1.05,43.98,46.18,UPI,Completed,3.5
RPD103447,CUST2696,DRV390,Mumbai,Dadar,Borivali,2026-06-30 00:25:00,Cab Economy,5.38,20.2,Low,30.0,Fog,1.0,79.56,79.56,cash ,Cancelled by Driver,
RPD103542,CUST2807,DRV347,Mumbai,Andheri,Andheri,2026-06-29 14:50:00,Bike,4.96,6.1,Low,25.0,Clear,1.0,44.76,44.76,Card,completed,3.9
RPD101904,CUST1086,DRV557,bangalore,HSR Layout,Whitefield,2026-06-26 21:33:00,Bike,4.22,8.6,Medium,18.0,Rain,1.12,40.32,Rs. 45.16,UPI,Ongoing,
RPD100299,CUST2456,DRV259,Mumbai,Andheri,Powai,2026-06-15 06:54:00,auto,2.28,13.5,Low,21.0,Fog,1.01,35.52,35.88,Cash,Completed,
RPD100372,CUST1979,DRV763,Pune,Camp,Baner,2026-07-01 22:52:00,Bike,3.13,8.7,Medium,19.0,,1.16,33.78,39.18,upi,Cancelled by Driver,
RPD101900,CUST3067,DRV346,Bangalore,HSR Layout,MG Road,07-Jul-2026 03:07 AM,Cab Premium,9.89,35.1,Very High,20.0,Heavy Rain,1.9,193.02,366.74,UPI,Ongoing,
RPD101294,CUST2755,DRV356,Pune,Hinjewadi,Kothrud,2026-07-07 05:21:00,Cab Premium,2.25,5.2,Medium,25.0,Rain,1.11,55.5,61.61,Cash,Completed,3.3
RPD100267,CUST1796,DRV565,Pune,Camp,Kothrud,04/07/2026 00:47,,5.84,17.7,Low,21.0,Fog,1.04,85.08,88.48,wallet,Ongoing,
RPD104180,CUST1268,DRV776,hyderabad ,Kukatpally,Hitech City,2026-06-14 00:48:00,Bike,2.58,24.4,Medium,10.0,Heavy Rain,1.16,30.48,35.36,Cash,completed,3.8
RPD101785,CUST2308,DRV452,BANGALORE,Koramangala,HSR Layout,2026-06-12 23:25:00,Cab Economy,2.04,10.7,Low,18.0,Fog,1.08,39.48,,,Ongoing,
RPD101030,CUST3803,DRV746,Bangalore,HSR Layout,MG Road,06-Jun-2026 01:27 PM,BIKE,2.77,25.2,Very High,26.0,Heavy Rain,1.83,31.62,57.86,UPI,completed,4.7
RPD100520,CUST1351,DRV486,Hyderabad,Madhapur,Gachibowli,12/06/2026 06:03,Cab Premium,5.38,20.2,Low,21.0,Cloudy,1.0,111.84,111.84,upi,completed,4.1
RPD102733,CUST3646,,BANGALORE,MG Road,MG Road,16/06/2026 21:30,Bike,9.03,5.0,Low,8.0,Fog,1.0,69.18,69.18,upi,Cancelled by Customer,
RPD102447,CUST1359,DRV565,Bangalore,HSR Layout,Koramangala,2026-06-14 20:56:00,Auto,5.47,13.3,Very High,2.0,Fog,1.95,64.23,125.25,Cash,COMPLETED,5.0
RPD102783,CUST2369,DRV474,hyderabad ,Madhapur,Gachibowli,01/07/2026 11:54,cab economy,6.13,13.6,Medium,12.0,Clear,1.06,88.56,93.87,Wallet,COMPLETED,4.7
RPD101915,CUST2185,DRV130,Mumbai,Powai,Borivali,23/06/2026 09:19,cab economy,9.58,17.4,Very High,7.0,,1.91,129.96,248.22,Wallet,COMPLETED,5.0
RPD102944,CUST2238,DRV429,hyderabad ,Kukatpally,Madhapur,14/07/2026 03:48,Cab Premium,1.79,13.2,Low,13.0,,1.06,47.22,50.05,cash ,completed,4.6
RPD103805,CUST3765,DRV722,mumbai,Powai,Colaba,2026-07-06 02:46:00,cab economy,5.28,12.5,Medium,14.0,Cloudy,1.11,78.36,86.98,UPI,Ongoing,
RPD101610,CUST2774,DRV698,Pune,Camp,Baner,28/06/2026 14:37,Cab Premium,6.71,20.3,Medium,5.0,,1.17,135.78,158.86,UPI,Completed,3.9
RPD104108,CUST2375,,Pune,Hinjewadi,Kothrud,01-Jul-2026 05:17 PM,auto,3.61,7.7,Low,26.0,Clear,1.01,47.49,47.96,Card,Cancelled by Customer,
RPD104760,CUST2300,DRV280,Bengaluru,HSR Layout,Indiranagar,2026-06-16 18:05:00,Cab Economy,4.94,35.9,Very High,9.0,Clear,1.9,74.28,141.13,Wallet,Cancelled by Driver,
RPD100396,CUST1439,DRV285,hyderabad ,Gachibowli,Gachibowli,19-Jun-2026 05:57 AM,Auto,-1.75,10.4,Low,28.0,Fog,1.1,15.9,17.49,Wallet,completed,4.5
RPD100095,CUST1195,DRV771,Bengaluru,Koramangala,Jayanagar,13-Jun-2026 01:20 AM,,4.53,25.5,Medium,10.0,Cloudy,1.14,69.36,79.07,Wallet,Cancelled by Driver,
RPD104883,CUST2282,DRV646,Bengaluru,Whitefield,Whitefield,03/07/2026 19:06,bike,2.83,27.0,Very High,7.0,Clear,1.98,31.98,Rs. 63.32,upi,Cancelled by Driver,
RPD103808,CUST3728,DRV691,Hyderabad,Madhapur,Madhapur,05/07/2026 02:06,Bike,2.26,26.1,Medium,23.0,Cloudy,1.14,28.56,32.56,Wallet,Cancelled by Driver,
RPD101786,CUST2103,,Hyderabad,Gachibowli,Kukatpally,07-Jul-2026 06:38 AM,Cab Economy,3.3,25.3,Very High,16.0,Heavy Rain,1.86,54.6,101.56,upi,Cancelled by Customer,
RPD101984,CUST1495,DRV353,Hyderabad,Banjara Hills,Banjara Hills,06-Jul-2026 01:49 AM,,3.23,29.2,Very High,10.0,Rain,1.95,53.76,104.83,wallet,completed,5.0
RPD101937,CUST1169,DRV781,bangalore,Indiranagar,Electronic City,2026-06-15 06:52:00,Cab Economy,0.5,12.8,Medium,22.0,Rain,1.14,21.0,23.94,UPI,Cancelled by Driver,
RPD100902,CUST2938,,Pune,Camp,Viman Nagar,2026-06-20 02:15:00,bike,2.39,13.2,Medium,19.0,Heavy Rain,1.21,29.34,35.5,UPI,Cancelled by Customer,
RPD103053,CUST3611,,BANGALORE,Electronic City,Koramangala,2026-06-08 11:34:00,Bike,2.76,21.1,Medium,19.0,Fog,1.09,31.56,34.4,Wallet,Cancelled by Customer,
RPD104584,CUST2257,DRV368,Mumbai,Andheri,Andheri,2026-07-06 23:06:00,,4.91,13.8,Medium,32.0,Cloudy,1.21,73.92,89.44,,Completed,4.9
RPD102920,CUST3509,,mumbai,Borivali,Powai,2026-06-09 14:37:00,Bike,4.09,8.2,Very High,21.0,Rain,1.96,39.54,77.5,UPI,Cancelled by Customer,
RPD103409,CUST2299,DRV579,Bangalore,MG Road,HSR Layout,02/07/2026 07:27,,9.28,18.1,Very High,23.0,Heavy Rain,1.84,126.36,232.5,cash ,COMPLETED,4.3
RPD104782,CUST3679,DRV434,Hyderabad,Hitech City,Gachibowli,21/06/2026 22:33,bike,3.38,8.2,Low,6.0,Cloudy,1.04,35.28,36.69,,Ongoing,
RPD103659,CUST2889,,hyderabad ,Madhapur,Gachibowli,15-Jun-2026 01:30 AM,BIKE,2.92,17.5,Medium,16.0,Fog,1.18,32.52,38.37,upi,Cancelled by Customer,
RPD102997,CUST1578,DRV784,mumbai,Andheri,Colaba,02-Jul-2026 04:49 PM,auto,6.23,27.8,Low,30.0,Fog,1.01,71.07,71.78,Wallet,Cancelled by Driver,
RPD103301,CUST3712,DRV764,Bengaluru,Koramangala,Electronic City,2026-07-04 17:13:00,bike,6.69,16.5,Low,27.0,,1.08,55.14,59.55,upi,completed,5.0
RPD100882,CUST3749,DRV415,BANGALORE,Koramangala,Electronic City,2026-07-10 08:51:00,Auto,2.42,16.7,Very High,8.0,Rain,1.93,36.78,70.99,wallet,Completed,
RPD101432,CUST1892,DRV237,Pune,Camp,Viman Nagar,17/06/2026 13:30,Auto,5.38,16.8,Low,19.0,Cloudy,1.0,63.42,63.42,Wallet,Completed,5.0
RPD104285,CUST2048,DRV759,bangalore,Koramangala,HSR Layout,07-Jul-2026 11:48 PM,cab economy,4.53,30.3,Low,8.0,Clear,1.0,69.36,69.36,Card,Completed,4.7
RPD103126,CUST3353,DRV482,Mumbai,Powai,Powai,2026-06-23 13:21:00,,1.87,29.1,Medium,27.0,Fog,1.21,37.44,45.3,upi,Ongoing,
RPD103085,CUST3304,DRV539,Hyderabad,Banjara Hills,Hitech City,23-Jun-2026 01:13 AM,Cab Premium,7.2,4.0,Very High,15.0,Heavy Rain,1.92,144.6,277.63,cash ,Ongoing,
RPD100113,CUST2284,,Hyderabad,Gachibowli,Madhapur,11-Jul-2026 11:39 PM,Auto,4.69,11.0,Medium,17.0,Clear,1.16,57.21,66.36,wallet,Cancelled by Customer,
RPD102366,CUST3088,DRV130,mumbai,Andheri,Bandra,2026-07-13 02:00:00,bike,12.15,3.0,Very High,21.0,Heavy Rain,1.95,87.9,171.41,wallet,COMPLETED,3.9
RPD101322,CUST2120,DRV189,BANGALORE,Jayanagar,Whitefield,2026-06-29 05:35:00,BIKE,6.22,19.0,Medium,18.0,,1.1,52.32,57.55,Card,completed,5.0
RPD103402,CUST2286,DRV746,Bengaluru,MG Road,Electronic City,2026-06-10 00:43:00,cab economy,2.45,9.6,Medium,17.0,Fog,5.09,44.4,226.0,Wallet,COMPLETED,3.5
RPD102577,CUST1669,DRV175,Mumbai,Bandra,Powai,29-Jun-2026 05:47 PM,Bike,4.35,16.6,Medium,11.0,,1.15,41.1,47.27,upi,Completed,4.5
RPD100948,CUST2887,DRV268,BANGALORE,Koramangala,HSR Layout,02-Jul-2026 06:08 AM,,3.26,15.4,Low,24.0,Rain,1.01,54.12,54.66,Card,COMPLETED,3.7
RPD104361,CUST1938,DRV446,Pune,Kothrud,Kothrud,2026-06-18 21:18:00,Cab Economy,5.82,26.5,Low,26.0,Cloudy,1.0,84.84,84.84,Wallet,completed,4.1
RPD101588,CUST1996,DRV196,mumbai,Colaba,Borivali,07/06/2026 17:39,Bike,4.61,4.0,Low,17.0,Cloudy,1.09,42.66,46.5,wallet,COMPLETED,3.8
RPD101178,CUST2861,DRV286,mumbai,Bandra,Colaba,21-Jun-2026 11:56 PM,BIKE,0.69,11.7,Low,33.0,Rain,1.0,19.14,19.14,Cash,Ongoing,
RPD102642,CUST3944,,Mumbai,Powai,Bandra,05/06/2026 09:23,Bike,6.79,26.7,Very High,10.0,Clear,1.85,55.74,103.12,Wallet,Cancelled by Customer,
RPD103671,CUST2973,,BANGALORE,Indiranagar,Indiranagar,2026-06-18 13:36:00,cab economy,2.25,26.1,Low,22.0,Fog,1.01,42.0,42.42,Cash,Cancelled by Customer,
RPD102593,CUST1998,DRV155,Bengaluru,MG Road,Indiranagar,2026-07-08 20:30:00,Cab Economy,7.45,28.7,Very High,10.0,Clear,1.91,104.4,199.4,Card,COMPLETED,4.5
RPD100631,CUST2730,,bangalore,MG Road,Whitefield,2026-06-10 23:12:00,Bike,3.37,3.1,Low,21.0,Cloudy,1.11,35.22,39.09,wallet,Cancelled by Customer,
RPD104095,CUST3432,,bangalore,Jayanagar,Koramangala,2026-06-14 00:30:00,Cab Premium,4.54,19.4,Low,26.0,Cloudy,1.02,96.72,98.65,,Cancelled by Customer,
RPD103625,CUST3072,DRV720,BANGALORE,Koramangala,Koramangala,2026-06-27 17:47:00,BIKE,8.03,3.0,Low,19.0,Fog,1.05,63.18,66.34,wallet,Completed,4.0
RPD103325,CUST3627,,mumbai,Bandra,Colaba,2026-07-14 21:15:00,Bike,4.63,7.4,Low,26.0,Fog,1.07,42.78,45.77,UPI,Cancelled by Customer,
RPD102684,CUST1472,DRV626,hyderabad ,Madhapur,Gachibowli,11/07/2026 09:38,Cab Premium,15.18,17.5,High,12.0,,1.39,288.24,400.65,,COMPLETED,5.0
RPD101615,CUST3106,DRV173,Bangalore,Jayanagar,Indiranagar,22/06/2026 01:55,cab economy,2.29,12.8,Medium,18.0,Cloudy,1.08,42.48,45.88,wallet,Cancelled by Driver,
RPD103881,CUST3732,DRV612,hyderabad ,Gachibowli,Hitech City,07/06/2026 14:56,auto,2.12,25.3,Low,24.0,Heavy Rain,1.02,34.08,34.76,,COMPLETED,4.3
RPD104829,CUST3913,DRV301,hyderabad ,Banjara Hills,Madhapur,22-Jun-2026 02:26 PM,Cab Economy,2.65,11.0,Medium,19.0,Cloudy,1.15,46.8,53.82,Cash,Cancelled by Driver,
RPD102157,CUST3777,DRV461,Mumbai,Powai,Borivali,2026-06-25 05:52:00,BIKE,0.67,12.7,Very High,27.0,Rain,1.97,19.02,37.47,UPI,completed,3.9
RPD101743,CUST3451,DRV698,Hyderabad,Gachibowli,Banjara Hills,2026-06-27 09:01:00,Bike,3.29,13.9,Very High,5.0,Fog,1.85,34.74,64.27,Wallet,Ongoing,
RPD103624,CUST2534,DRV600,mumbai,Colaba,Colaba,03/06/2026 18:20,,8.61,15.0,Very High,0.0,Clear,1.83,118.32,216.53,UPI,completed,4.8
RPD103535,CUST1826,DRV271,Bengaluru,Whitefield,Jayanagar,2026-06-02 13:11:00,Cab Economy,2.39,23.4,Medium,13.0,Cloudy,1.08,43.68,47.17,wallet,Ongoing,
RPD101878,CUST1314,DRV195,BANGALORE,Whitefield,MG Road,2026-07-12 14:09:00,Auto,3.91,28.4,Medium,25.0,Clear,1.15,50.19,57.72,UPI,COMPLETED,5.0
RPD103636,CUST1665,,Pune,Hinjewadi,Kothrud,2026-06-08 01:37:00,BIKE,5.56,8.5,Low,21.0,Cloudy,1.0,48.36,48.36,,Cancelled by Customer,
RPD102090,CUST2734,,bangalore,HSR Layout,HSR Layout,05-Jun-2026 10:33 PM,,15.08,18.0,Medium,30.0,Cloudy,1.09,195.96,213.6,,Cancelled by Customer,
RPD104528,CUST1699,DRV507,Hyderabad,Madhapur,Hitech City,26-Jun-2026 12:16 PM,Cab Premium,16.52,27.2,Medium,22.0,Cloudy,1.15,312.36,359.21,Wallet,Ongoing,
RPD102163,CUST3510,DRV759,BANGALORE,Koramangala,Whitefield,2026-06-04 20:06:00,Auto,13.49,18.8,Very High,4.0,Fog,1.9,136.41,259.18,Wallet,COMPLETED,4.9
RPD103757,CUST1153,DRV228,Bangalore,Electronic City,Koramangala,02-Jul-2026 11:02 AM,Auto,3.59,32.4,Very High,23.0,Heavy Rain,1.94,47.31,91.78,Card,Cancelled by Driver,
RPD101924,CUST3338,DRV743,Mumbai,Colaba,Colaba,28-Jun-2026 12:46 PM,BIKE,6.3,11.4,Medium,15.0,Cloudy,1.15,52.8,60.72,cash ,Ongoing,
RPD104364,CUST1593,DRV465,BANGALORE,MG Road,Electronic City,2026-06-30 20:03:00,bike,1.04,32.9,Very High,8.0,Clear,1.89,21.24,40.14,wallet,completed,4.1
RPD100288,CUST3615,DRV405,Bengaluru,HSR Layout,MG Road,07-Jun-2026 04:42 PM,auto,3.13,27.2,Very High,15.0,Heavy Rain,1.86,43.17,80.3,cash ,Completed,4.1
RPD103006,CUST1401,DRV329,Mumbai,Dadar,Powai,2026-06-02 17:39:00,bike,3.6,7.6,Low,16.0,Cloudy,1.0,36.6,36.6,wallet,Ongoing,
RPD104408,CUST2321,DRV366,Bengaluru,HSR Layout,Koramangala,2026-07-10 17:24:00,BIKE,3.99,40.1,Medium,19.0,,1.12,38.94,43.61,upi,COMPLETED,3.6
RPD103424,CUST1648,,Mumbai,Andheri,Colaba,2026-06-25 17:14:00,,2.45,23.5,Low,20.0,Cloudy,1.0,44.4,44.4,Cash,Cancelled by Customer,
RPD102370,CUST2617,DRV280,Mumbai,Borivali,Dadar,14/07/2026 02:11,Auto,2.37,9.1,Medium,7.0,,1.18,36.33,42.87,,Ongoing,
RPD103751,CUST1325,,BANGALORE,Whitefield,Koramangala,2026-06-18 07:40:00,Cab Economy,6.6,4.5,Low,13.0,Cloudy,1.08,94.2,101.74,UPI,Cancelled by Customer,
RPD101454,CUST1760,DRV612,BANGALORE,Whitefield,Indiranagar,04-Jul-2026 12:07 PM,auto,1.63,15.6,Low,23.0,Heavy Rain,1.0,29.67,29.67,wallet,Cancelled by Driver,
RPD101110,CUST3276,DRV523,Bengaluru,Whitefield,Whitefield,07/06/2026 02:00,Cab Premium,4.64,11.5,Medium,10.0,,1.18,98.52,116.25,Card,Ongoing,
RPD101225,CUST3206,,hyderabad ,Hitech City,Hitech City,12/06/2026 23:13,Cab Premium,0.72,12.4,Medium,18.0,Fog,1.16,27.96,32.43,upi,Cancelled by Customer,
RPD103478,CUST3059,DRV548,Hyderabad,Banjara Hills,Madhapur,11/07/2026 17:07,Cab Premium,0.5,13.5,Medium,21.0,Clear,1.15,24.0,27.6,Cash,Completed,4.0
RPD103423,CUST2614,DRV439,Pune,Baner,Baner,2026-06-24 18:28:00,,4.1,17.3,Very High,7.0,,1.98,64.2,Rs. 127.12,,Cancelled by Driver,
RPD104415,CUST3750,DRV423,Bengaluru,Electronic City,Indiranagar,2026-07-09 22:56:00,Cab Premium,3.63,3.0,Very High,22.0,Heavy Rain,1.87,80.34,150.24,Cash,completed,3.7
RPD100526,CUST3189,DRV748,bangalore,Koramangala,HSR Layout,16-Jul-2026 12:10 AM,auto,1.88,28.7,Medium,18.0,Rain,1.08,31.92,34.47,,COMPLETED,4.7
RPD103454,CUST1299,,Bangalore,Jayanagar,Koramangala,10-Jun-2026 04:52 AM,Cab Economy,2.86,3.0,Very High,16.0,Rain,1.83,49.32,90.26,,Cancelled by Customer,
RPD104459,CUST1460,DRV473,bangalore,Koramangala,MG Road,2026-07-04 01:33:00,Cab Economy,1.94,10.9,Low,24.0,Heavy Rain,1.0,38.28,38.28,Card,Completed,4.6
RPD103093,CUST1247,DRV756,hyderabad ,Kukatpally,Kukatpally,04-Jul-2026 01:34 PM,auto,10.4,18.1,Very High,29.0,Rain,1.85,108.6,200.91,cash ,Cancelled by Driver,
RPD100507,CUST2372,DRV118,Mumbai,Andheri,Colaba,2026-06-21 20:44:00,BIKE,0.5,33.8,Very High,6.0,Heavy Rain,1.91,18.0,34.38,,COMPLETED,4.8
RPD104970,CUST3861,,Hyderabad,Banjara Hills,Hitech City,13/06/2026 07:51,,1.51,13.8,Low,13.0,Rain,1.04,33.12,34.44,Card,Cancelled by Customer,
RPD102063,CUST1777,,Hyderabad,Hitech City,Hitech City,27-Jun-2026 01:50 AM,bike,1.87,26.9,Medium,29.0,Clear,1.14,26.22,29.89,Wallet,Cancelled by Customer,
RPD101224,CUST1654,,Hyderabad,Hitech City,Kukatpally,01/06/2026 10:48,Cab Economy,2.1,10.8,Low,17.0,Clear,1.08,40.2,43.42,wallet,Cancelled by Customer,
RPD102445,CUST3445,,Hyderabad,Gachibowli,Hitech City,2026-07-14 06:28:00,auto,10.23,7.3,Low,21.0,Clear,1.0,107.07,107.07,Wallet,Cancelled by Customer,
RPD104879,CUST3057,DRV433,Bangalore,Whitefield,Indiranagar,14-Jul-2026 12:08 PM,Cab Premium,999.0,14.0,Medium,16.0,Fog,1.24,17997.0,22316.28,wallet,COMPLETED,
RPD103522,CUST3949,DRV427,Hyderabad,Gachibowli,Kukatpally,05-Jun-2026 09:46 AM,bike,5.2,3.0,High,10.0,Fog,1.41,46.2,65.14,upi,Completed,4.6
RPD101696,CUST2146,,Bengaluru,HSR Layout,HSR Layout,06-Jul-2026 08:07 AM,cab economy,2.24,3.1,High,3.0,Cloudy,1.32,41.88,55.28,cash ,Cancelled by Customer,
RPD101450,CUST3057,DRV542,BANGALORE,Jayanagar,HSR Layout,2026-07-08 21:12:00,auto,8.87,9.5,Low,16.0,Rain,1.01,94.83,95.78,Wallet,completed,5.0
RPD101627,CUST3242,,Pune,Hinjewadi,Camp,12/07/2026 20:26,cab economy,6.0,3.5,Very High,7.0,,1.87,87.0,162.69,Cash,Cancelled by Customer,
RPD101265,CUST3586,DRV435,Bengaluru,Whitefield,HSR Layout,2026-06-02 00:18:00,,1.17,23.2,Very High,23.0,Rain,1.99,29.04,57.79,Wallet,Completed,4.9
RPD104486,CUST3760,,Hyderabad,Gachibowli,Kukatpally,11-Jun-2026 11:17 PM,Auto,7.38,9.3,Low,21.0,Fog,1.0,81.42,81.42,,Cancelled by Customer,
RPD100878,CUST3255,,BANGALORE,Whitefield,Electronic City,05-Jun-2026 08:07 AM,Bike,4.11,11.2,Very High,10.0,Clear,1.92,39.66,76.15,Card,Cancelled by Customer,
RPD104630,CUST1355,DRV635,Bangalore,Electronic City,Indiranagar,12-Jul-2026 12:58 PM,BIKE,5.75,3.0,Low,29.0,Cloudy,1.02,49.5,50.49,Cash,Cancelled by Driver,
RPD102851,CUST2249,DRV698,Pune,Viman Nagar,Baner,2026-06-22 05:36:00,Cab Premium,4.99,27.1,Very High,15.0,Rain,2.0,104.82,209.64,cash ,Completed,4.1
RPD100014,CUST2599,DRV371,Hyderabad,Madhapur,Hitech City,04-Jun-2026 08:34 PM,Auto,2.83,30.2,Very High,11.0,Rain,1.86,40.47,75.27,,completed,4.3
RPD100482,CUST2474,DRV144,Hyderabad,Banjara Hills,Kukatpally,14-Jun-2026 12:11 PM,Cab Economy,999.0,24.5,Medium,32.0,Clear,1.1,12003.0,13203.3,UPI,COMPLETED,4.3
RPD104622,CUST1394,DRV226,Mumbai,Powai,Dadar,2026-06-24 16:46:00,,1.33,17.9,Low,11.0,Fog,1.0,30.96,30.96,Wallet,Cancelled by Driver,
RPD104377,CUST3006,DRV225,Bangalore,Indiranagar,HSR Layout,03/06/2026 20:57,BIKE,12.26,29.3,Very High,14.0,Clear,1.94,88.56,171.81,,Ongoing,
RPD103854,CUST3319,DRV291,hyderabad ,Madhapur,Banjara Hills,2026-06-30 13:45:00,Cab Premium,1.47,21.2,Low,30.0,,1.0,41.46,41.46,,Ongoing,
RPD102425,CUST1064,DRV207,Bangalore,Whitefield,Indiranagar,2026-06-20 01:58:00,Auto,11.4,14.3,Medium,14.0,Clear,1.15,117.6,135.24,wallet,COMPLETED,4.8
RPD103236,CUST2318,DRV403,Bengaluru,Whitefield,Whitefield,19/06/2026 09:25,BIKE,1.71,7.8,Very High,10.0,Clear,1.92,25.26,48.5,wallet,Ongoing,
RPD103316,CUST1337,DRV482,Bangalore,HSR Layout,Electronic City,2026-06-06 03:30:00,Auto,6.37,16.4,Low,22.0,Rain,1.0,72.33,72.33,cash ,completed,5.0
RPD104658,CUST1850,DRV110,hyderabad ,Banjara Hills,Gachibowli,10/07/2026 23:26,Auto,3.85,17.8,Very High,17.0,Rain,1.9,49.65,94.33,UPI,Ongoing,
RPD100858,CUST3003,DRV219,bangalore,Jayanagar,HSR Layout,2026-06-08 16:34:00,,999.0,19.5,Low,27.0,,1.0,12003.0,12003.0,Wallet,Cancelled by Driver,
RPD102552,CUST2054,DRV643,Hyderabad,Hitech City,Gachibowli,2026-06-08 01:35:00,Bike,7.11,6.9,Low,0.0,Fog,1.07,57.66,61.7,,Cancelled by Driver,
RPD100047,CUST2025,DRV126,Hyderabad,Hitech City,Kukatpally,2026-07-15 09:44:00,cab economy,13.54,14.8,High,14.0,Clear,1.46,177.48,259.12,upi,Ongoing,
RPD102315,CUST3360,,Mumbai,Bandra,Andheri,2026-07-01 22:58:00,,4.65,25.3,Medium,17.0,Cloudy,1.16,70.8,82.13,upi,Cancelled by Customer,
RPD104826,CUST2210,DRV568,BANGALORE,HSR Layout,Jayanagar,2026-07-02 23:32:00,Auto,2.67,20.0,Very High,13.0,Heavy Rain,1.94,39.03,75.72,Wallet,Ongoing,
RPD102386,CUST2807,DRV761,Pune,Hinjewadi,Camp,2026-07-05 23:59:00,cab economy,3.61,22.0,Very High,27.0,Heavy Rain,1.99,58.32,116.06,Wallet,Ongoing,
RPD100900,CUST3966,,hyderabad ,Gachibowli,Madhapur,04-Jul-2026 09:17 PM,Bike,6.94,10.7,Low,8.0,Cloudy,1.0,56.64,56.64,wallet,Cancelled by Customer,
RPD101023,CUST3868,DRV571,Hyderabad,Hitech City,Gachibowli,2026-07-14 18:31:00,Bike,3.12,20.2,High,2.0,,1.39,33.72,46.87,wallet,Completed,4.8
RPD100233,CUST1525,DRV206,Hyderabad,Madhapur,Madhapur,09/06/2026 15:00,cab economy,6.86,20.6,Low,19.0,Fog,1.0,97.32,97.32,wallet,completed,3.7
RPD100942,CUST1734,DRV300,mumbai,Powai,Dadar,2026-07-06 22:10:00,Bike,8.97,10.7,Low,12.0,,1.03,68.82,70.88,cash ,COMPLETED,
RPD104736,CUST3431,DRV700,Bangalore,Whitefield,MG Road,2026-06-19 10:14:00,Auto,0.5,8.9,Low,20.0,Clear,1.02,19.5,19.89,Card,Completed,4.2
RPD104806,CUST1085,DRV495,Bengaluru,MG Road,MG Road,08/06/2026 02:36,auto,4.84,9.2,Low,25.0,Clear,1.05,58.56,61.49,UPI,Cancelled by Driver,
RPD104948,CUST2849,DRV273,Hyderabad,Kukatpally,Madhapur,13/06/2026 05:04,cab economy,3.26,11.6,Very High,15.0,Rain,1.91,54.12,103.37,UPI,COMPLETED,4.5
RPD103664,CUST2387,DRV356,Mumbai,Colaba,Powai,16/06/2026 02:21,Cab Premium,5.84,25.1,Medium,11.0,Heavy Rain,1.13,120.12,Rs. 135.74,,COMPLETED,5.0
RPD103105,CUST1043,DRV324,Bangalore,Indiranagar,Indiranagar,12-Jul-2026 02:36 PM,auto,3.79,24.5,Very High,20.0,Heavy Rain,1.97,49.11,96.75,,Completed,4.6
RPD103318,CUST2537,DRV233,Hyderabad,Kukatpally,Hitech City,28/06/2026 17:10,,2.11,9.5,Low,25.0,,1.03,40.32,41.53,,Completed,4.4
RPD102222,CUST2191,DRV232,Pune,Hinjewadi,Camp,2026-06-27 06:22:00,Bike,3.64,11.5,Low,17.0,Cloudy,1.04,36.84,38.31,wallet,Completed,4.7
RPD101166,CUST3066,,Bangalore,Jayanagar,Indiranagar,2026-06-13 09:29:00,bike,9.57,8.4,Very High,0.0,Clear,1.86,72.42,134.7,wallet,Cancelled by Customer,
RPD100205,CUST3477,,mumbai,Powai,Powai,18/06/2026 15:54,BIKE,2.5,20.9,Medium,21.0,Heavy Rain,1.13,30.0,33.9,upi,Cancelled by Customer,
RPD104168,CUST3971,DRV726,bangalore,HSR Layout,HSR Layout,2026-06-12 18:03:00,auto,0.61,21.2,Very High,9.0,,1.89,20.49,38.73,Wallet,COMPLETED,5.0
RPD104053,CUST1822,DRV398,Pune,Baner,Hinjewadi,2026-06-15 13:14:00,Cab Premium,3.63,6.9,Medium,19.0,Clear,1.13,80.34,90.78,Wallet,completed,4.2
RPD104513,CUST2077,DRV639,Bengaluru,Whitefield,Indiranagar,12/07/2026 08:40,BIKE,-1.13,5.6,High,0.0,,1.49,15.6,23.24,wallet,COMPLETED,5.0
RPD101163,CUST3895,DRV709,Bengaluru,Electronic City,Koramangala,02/06/2026 04:57,bike,9.69,15.4,Low,23.0,Rain,1.0,73.14,73.14,wallet,Ongoing,
RPD103786,CUST1273,DRV644,Pune,Kothrud,Camp,2026-06-28 21:45:00,bike,5.75,17.4,Medium,20.0,,1.11,49.5,54.95,wallet,Completed,5.0
RPD102730,CUST3187,,Pune,Baner,Kothrud,2026-06-24 04:05:00,cab economy,4.6,28.9,Medium,18.0,Clear,1.06,70.2,,wallet,Cancelled by Customer,
RPD101601,CUST1422,DRV416,Hyderabad,Kukatpally,Banjara Hills,15/07/2026 02:07,Cab Economy,1.32,18.3,Low,27.0,Cloudy,1.04,30.84,Rs. 32.07,,Cancelled by Driver,
RPD100087,CUST1958,DRV646,BANGALORE,Indiranagar,Indiranagar,15-Jul-2026 07:51 PM,Cab Economy,6.1,30.0,Very High,15.0,,1.88,88.2,165.82,cash ,COMPLETED,4.7
RPD101870,CUST2959,DRV722,bangalore,Indiranagar,Jayanagar,16/07/2026 02:52,BIKE,0.52,22.6,Very High,24.0,Heavy Rain,1.94,18.12,35.15,Card,Cancelled by Driver,
RPD101095,CUST3953,DRV627,Pune,Camp,Camp,07-Jul-2026 06:55 AM,auto,0.99,27.7,Low,25.0,Cloudy,1.0,23.91,23.91,Cash,Ongoing,
RPD104310,CUST2225,DRV484,BANGALORE,Indiranagar,HSR Layout,2026-07-05 02:43:00,Auto,11.48,37.6,Low,15.0,Cloudy,1.0,118.32,118.32,upi,Cancelled by Driver,
RPD103322,CUST3670,DRV718,Bengaluru,Indiranagar,Electronic City,2026-06-16 20:08:00,Auto,4.36,12.5,Very High,7.0,Heavy Rain,1.86,54.24,100.89,,Completed,4.9
RPD100622,CUST3865,DRV514,hyderabad ,Kukatpally,Hitech City,2026-07-14 01:41:00,Bike,2.67,3.3,Low,14.0,Fog,1.1,31.02,34.12,wallet,completed,3.6
RPD103515,CUST3230,DRV121,Hyderabad,Banjara Hills,Gachibowli,2026-06-13 12:34:00,Auto,999.0,11.1,Medium,10.0,Cloudy,1.13,9006.0,10176.78,,Ongoing,
RPD102902,CUST2891,DRV762,Bengaluru,HSR Layout,Jayanagar,2026-06-12 23:53:00,auto,0.83,25.5,Low,9.0,,1.01,22.47,22.69,,Completed,4.0
RPD104855,CUST2386,DRV711,BANGALORE,Jayanagar,Indiranagar,2026-07-08 10:12:00,Cab Economy,5.55,3.0,Very High,16.0,Rain,1.86,81.6,151.78,upi,completed,4.0
RPD100365,CUST3210,DRV619,BANGALORE,Electronic City,MG Road,03/06/2026 19:11,auto,3.61,16.9,Very High,2.0,Heavy Rain,1.92,47.49,91.18,cash ,Completed,4.3
RPD102963,CUST3942,DRV767,Mumbai,Colaba,Andheri,13/06/2026 11:40,bike,7.32,25.3,Medium,12.0,Cloudy,1.06,58.92,62.46,cash ,completed,4.4
RPD104050,CUST3349,DRV292,Pune,Hinjewadi,Baner,2026-07-16 19:00:00,Bike,7.43,47.0,Very High,8.0,Heavy Rain,1.83,59.58,109.03,Card,Cancelled by Driver,
RPD101293,CUST3751,,Bangalore,Indiranagar,Koramangala,02-Jul-2026 10:19 AM,cab economy,1.9,11.9,Low,20.0,Heavy Rain,1.04,37.8,39.31,Cash,Cancelled by Customer,
RPD103264,CUST3156,DRV598,Mumbai,Powai,Borivali,22-Jun-2026 09:47 AM,cab economy,11.39,36.8,Very High,9.0,Clear,2.01,151.68,304.88,cash ,COMPLETED,5.0
RPD103019,CUST1305,DRV497,Hyderabad,Banjara Hills,Gachibowli,2026-07-08 15:41:00,bike,0.5,7.9,Medium,21.0,,1.11,18.0,19.98,cash ,Ongoing,
RPD103758,CUST2379,DRV687,BANGALORE,MG Road,Indiranagar,15/07/2026 01:42,Auto,4.43,14.3,Medium,17.0,Clear,1.22,54.87,66.94,Wallet,Cancelled by Driver,
RPD103243,CUST2387,DRV792,BANGALORE,HSR Layout,MG Road,06-Jul-2026 07:32 PM,cab economy,3.76,14.3,Very High,9.0,Heavy Rain,1.99,60.12,119.64,,Ongoing,
RPD101037,CUST1410,,Pune,Baner,Baner,10/06/2026 02:22,cab economy,6.55,4.6,Low,18.0,Clear,1.0,93.6,93.6,Card,Cancelled by Customer,
RPD104554,CUST2012,DRV412,BANGALORE,HSR Layout,Indiranagar,2026-07-08 21:02:00,Bike,3.69,6.0,Low,16.0,Cloudy,1.0,37.14,37.14,UPI,Ongoing,
RPD101654,CUST2320,,hyderabad ,Gachibowli,Kukatpally,18/06/2026 23:17,BIKE,7.7,13.6,Low,18.0,Clear,1.0,61.2,61.2,Wallet,Cancelled by Customer,
RPD104942,CUST2774,DRV351,BANGALORE,Koramangala,MG Road,14-Jun-2026 01:27 PM,Cab Economy,5.48,38.6,Low,16.0,Fog,1.02,80.76,82.38,Cash,Ongoing,
RPD103332,CUST3704,DRV536,Bangalore,Jayanagar,Koramangala,10/06/2026 10:38,Auto,1.47,16.6,Low,12.0,Heavy Rain,1.0,28.23,28.23,,COMPLETED,4.8
RPD103119,CUST1603,,Pune,Hinjewadi,Kothrud,2026-06-10 18:19:00,cab economy,7.53,28.5,Very High,7.0,Rain,1.9,105.36,200.18,wallet,Cancelled by Customer,
RPD102695,CUST2651,DRV285,Pune,Baner,Camp,2026-07-01 22:49:00,Auto,3.38,22.4,Low,27.0,Clear,1.0,45.42,45.42,wallet,Ongoing,
RPD102972,CUST1106,DRV313,BANGALORE,Indiranagar,Koramangala,2026-07-12 14:29:00,auto,2.78,22.9,Low,21.0,,1.0,40.02,40.02,Cash,completed,4.6
RPD103286,CUST3348,DRV780,hyderabad ,Kukatpally,Gachibowli,2026-06-17 10:42:00,auto,1.58,10.8,Low,23.0,,1.04,29.22,30.39,Cash,Ongoing,
RPD100221,CUST3142,DRV306,hyderabad ,Banjara Hills,Madhapur,2026-07-09 22:08:00,bike,8.84,11.2,Very High,16.0,Heavy Rain,1.76,68.04,119.75,Wallet,Cancelled by Driver,
RPD102402,CUST2838,DRV349,Pune,Baner,Kothrud,2026-06-13 17:25:00,Cab Premium,2.26,3.8,Low,11.0,Cloudy,1.0,55.68,55.68,Wallet,Cancelled by Driver,
RPD104116,CUST3598,DRV593,Mumbai,Borivali,Andheri,2026-06-15 19:03:00,Cab Premium,4.12,15.0,High,8.0,Rain,1.35,89.16,120.37,upi,COMPLETED,5.0
RPD104790,CUST3879,DRV591,Bengaluru,Jayanagar,Electronic City,2026-06-17 08:31:00,bike,5.24,19.2,Very High,16.0,Fog,1.88,46.44,87.31,cash ,COMPLETED,4.9
RPD103097,CUST3287,DRV756,Mumbai,Borivali,Powai,26/06/2026 02:17,Auto,7.93,19.3,Low,19.0,,1.0,86.37,86.37,Wallet,Cancelled by Driver,
RPD103038,CUST1021,DRV491,bangalore,Jayanagar,MG Road,03-Jun-2026 03:59 AM,,0.5,9.5,Low,20.0,Clear,1.0,21.0,21.0,,COMPLETED,4.0
RPD102008,CUST3699,,hyderabad ,Banjara Hills,Madhapur,2026-07-15 23:26:00,bike,2.5,35.4,Medium,22.0,Cloudy,1.11,30.0,33.3,,Cancelled by Customer,
RPD102166,CUST3409,,bangalore,Koramangala,Koramangala,2026-07-16 08:53:00,Cab Premium,1.4,12.7,Very High,0.0,Heavy Rain,2.04,40.2,82.01,upi,Cancelled by Customer,
RPD100040,CUST3174,DRV452,hyderabad ,Gachibowli,Kukatpally,2026-07-12 22:31:00,Cab Premium,-1.37,3.3,Medium,28.0,,1.08,16.8,18.14,wallet,Ongoing,
RPD101193,CUST1999,,hyderabad ,Gachibowli,Kukatpally,10-Jul-2026 05:42 AM,cab economy,2.97,20.3,Low,16.0,Cloudy,1.01,50.64,51.15,cash ,Cancelled by Customer,
RPD102888,CUST3069,DRV123,Bengaluru,Indiranagar,Indiranagar,06-Jul-2026 11:41 PM,auto,7.21,9.9,Medium,29.0,Clear,1.13,79.89,90.28,,completed,5.0
RPD104292,CUST3808,DRV544,Hyderabad,Gachibowli,Banjara Hills,2026-07-01 21:36:00,bike,4.42,4.4,Low,17.0,Heavy Rain,1.0,41.52,41.52,UPI,completed,4.5
RPD100564,CUST1036,DRV625,Hyderabad,Madhapur,Madhapur,05-Jun-2026 05:28 AM,Cab Premium,4.69,28.0,Low,13.0,Fog,1.0,99.42,99.42,,completed,4.1
RPD103587,CUST1013,DRV131,Bengaluru,MG Road,Jayanagar,17/06/2026 05:53,cab economy,0.58,16.8,Low,18.0,,1.07,21.96,23.5,Card,Ongoing,
RPD102539,CUST1417,DRV230,Bangalore,MG Road,Whitefield,08/06/2026 06:55,auto,6.16,29.2,Medium,33.0,Clear,1.19,70.44,83.82,UPI,Cancelled by Driver,
RPD103641,CUST2913,DRV277,Hyderabad,Kukatpally,Banjara Hills,2026-07-12 03:19:00,Bike,9.87,9.7,Low,16.0,Rain,1.0,74.22,Rs. 74.22,upi,COMPLETED,3.3
RPD103826,CUST3827,,Pune,Hinjewadi,Kothrud,12-Jul-2026 05:52 AM,Cab Economy,2.06,19.2,Low,25.0,Cloudy,1.0,39.72,39.72,Card,Cancelled by Customer,
RPD104202,CUST3496,DRV211,Bengaluru,HSR Layout,Whitefield,30-Jun-2026 01:17 AM,BIKE,3.46,18.0,Low,25.0,Fog,1.0,35.76,35.76,Cash,COMPLETED,3.6
RPD100523,CUST3613,DRV429,Pune,Kothrud,Hinjewadi,09/07/2026 03:55,Auto,1.12,50.8,Very High,23.0,Heavy Rain,1.88,25.08,47.15,UPI,COMPLETED,4.3
RPD100592,CUST2032,DRV750,mumbai,Colaba,Andheri,09-Jul-2026 12:03 PM,cab economy,7.17,10.6,Very High,26.0,Rain,1.89,101.04,190.97,Cash,Cancelled by Driver,
RPD103472,CUST1715,DRV295,BANGALORE,MG Road,HSR Layout,2026-06-29 09:39:00,BIKE,3.45,16.2,Very High,6.0,Clear,1.8,35.7,64.26,upi,Cancelled by Driver,
RPD103130,CUST1218,DRV368,hyderabad ,Banjara Hills,Hitech City,24/06/2026 04:04,Bike,3.66,17.8,Medium,21.0,Fog,1.03,36.96,38.07,Wallet,completed,4.6
RPD102226,CUST3309,DRV731,Hyderabad,Banjara Hills,Gachibowli,11-Jun-2026 03:37 PM,Cab Premium,9.05,19.8,Medium,26.0,Heavy Rain,1.18,177.9,209.92,UPI,COMPLETED,3.8
RPD102260,CUST2048,DRV427,BANGALORE,MG Road,Jayanagar,25/06/2026 03:53,Bike,2.35,25.2,Very High,11.0,Rain,1.9,29.1,55.29,,completed,4.7
RPD102971,CUST1057,,Mumbai,Powai,Powai,06/07/2026 09:31,Cab Economy,-5.63,16.6,Very High,7.0,Clear,1.89,16.2,30.62,cash ,Cancelled by Customer,
RPD101661,CUST1557,,Bangalore,Whitefield,Indiranagar,2026-07-08 04:57:00,auto,4.04,28.1,Low,18.0,,1.0,51.36,51.36,UPI,Cancelled by Customer,
RPD102001,CUST3155,DRV207,Hyderabad,Gachibowli,Madhapur,23-Jun-2026 02:48 PM,,4.65,35.4,Low,9.0,,1.04,70.8,73.63,Wallet,COMPLETED,4.5
RPD103836,CUST2899,DRV496,Hyderabad,Hitech City,Gachibowli,2026-07-07 01:51:00,BIKE,3.07,6.7,Low,25.0,,1.07,33.42,35.76,cash ,Cancelled by Driver,
RPD102658,CUST3760,DRV593,Bengaluru,HSR Layout,Whitefield,2026-07-13 06:29:00,bike,3.62,49.6,Low,18.0,Fog,1.0,36.72,36.72,upi,Cancelled by Driver,
RPD102994,CUST3738,DRV263,Bangalore,Koramangala,Electronic City,04-Jul-2026 02:40 AM,bike,4.73,6.9,Low,15.0,Clear,1.0,43.38,43.38,cash ,Cancelled by Driver,
RPD103307,CUST3538,DRV189,bangalore,Whitefield,HSR Layout,2026-06-23 11:19:00,Auto,7.14,20.1,Low,19.0,Rain,1.0,79.26,79.26,Wallet,Cancelled by Driver,
RPD102527,CUST1184,DRV453,mumbai,Colaba,Dadar,2026-07-05 07:12:00,auto,2.17,38.3,Low,29.0,,1.0,34.53,34.53,Card,completed,4.6
RPD103889,CUST2165,DRV554,Bengaluru,Whitefield,Whitefield,13-Jun-2026 01:38 PM,Cab Economy,5.94,16.0,Low,23.0,Cloudy,1.03,86.28,88.87,,Ongoing,
RPD100577,CUST1547,,Pune,Hinjewadi,Camp,16/07/2026 13:33,bike,3.24,24.8,Very High,15.0,Rain,1.84,34.44,63.37,upi,Cancelled by Customer,
RPD101651,CUST2358,DRV489,Bangalore,Jayanagar,Electronic City,2026-06-22 23:14:00,,1.32,22.0,Low,20.0,Heavy Rain,1.03,30.84,31.77,Cash,COMPLETED,4.1
RPD103503,CUST3040,DRV785,hyderabad ,Kukatpally,Gachibowli,2026-06-09 00:29:00,auto,6.49,12.7,Low,26.0,Heavy Rain,1.03,73.41,75.61,upi,Ongoing,
RPD101961,CUST2133,DRV694,Pune,Viman Nagar,Viman Nagar,2026-07-16 14:19:00,cab economy,6.33,40.6,Low,20.0,Clear,1.02,90.96,92.78,,completed,5.0
RPD104791,CUST2184,DRV514,mumbai,Andheri,Powai,2026-07-13 09:36:00,cab economy,7.11,9.0,Very High,10.0,,1.94,100.32,194.62,cash ,completed,5.0
RPD100552,CUST2996,DRV107,Bangalore,Electronic City,HSR Layout,2026-06-22 09:22:00,Cab Premium,6.41,11.8,Very High,5.0,Heavy Rain,1.9,130.38,247.72,Cash,completed,4.3
RPD101636,CUST1633,DRV583,Mumbai,Bandra,Andheri,2026-07-15 19:56:00,Bike,4.31,3.0,High,4.0,Fog,1.37,40.86,55.98,cash ,Cancelled by Driver,
RPD101275,CUST2135,DRV700,Hyderabad,Gachibowli,Hitech City,2026-07-13 13:14:00,auto,11.54,24.9,Medium,17.0,Fog,1.19,118.86,141.44,wallet,Completed,4.8
RPD101817,CUST2051,DRV479,Hyderabad,Kukatpally,Hitech City,2026-06-10 05:55:00,Bike,6.27,5.2,Very High,12.0,Heavy Rain,1.84,52.62,96.82,Wallet,COMPLETED,
RPD100756,CUST1299,DRV286,hyderabad ,Hitech City,Madhapur,30-Jun-2026 07:41 PM,Cab Premium,1.23,9.5,Very High,5.0,Heavy Rain,1.91,37.14,70.94,Wallet,Cancelled by Driver,
RPD103873,CUST3277,DRV535,Bangalore,Koramangala,Indiranagar,2026-06-02 11:36:00,BIKE,2.5,9.3,Medium,6.0,Heavy Rain,1.11,30.0,33.3,,completed,
RPD102635,CUST2482,DRV592,Hyderabad,Banjara Hills,Hitech City,11/07/2026 06:21,Auto,1.7,13.0,Very High,14.0,Rain,1.97,30.3,59.69,Card,Ongoing,
RPD101328,CUST3143,DRV470,Mumbai,Borivali,Andheri,28-Jun-2026 09:08 AM,auto,3.0,13.3,Very High,2.0,Heavy Rain,1.99,42.0,83.58,,COMPLETED,4.3
RPD100640,CUST3686,DRV676,Bangalore,Whitefield,Indiranagar,2026-06-30 23:29:00,,3.91,32.7,Very High,25.0,Rain,1.93,61.92,119.51,Wallet,COMPLETED,5.0
RPD104351,CUST2537,DRV101,BANGALORE,Koramangala,Indiranagar,2026-07-05 09:47:00,Auto,4.91,25.9,High,3.0,Clear,1.47,59.19,87.01,cash ,completed,3.6
RPD100044,CUST3543,DRV161,Bengaluru,Koramangala,Electronic City,27-Jun-2026 07:38 PM,cab economy,7.39,34.9,High,11.0,Cloudy,1.44,103.68,149.3,upi,Ongoing,
RPD100008,CUST3494,DRV303,mumbai,Andheri,Powai,2026-06-28 05:29:00,,4.73,7.3,Very High,15.0,Rain,1.93,71.76,138.5,Cash,Ongoing,
RPD100481,CUST3555,DRV318,Hyderabad,Madhapur,Banjara Hills,08/07/2026 18:21,cab economy,12.36,8.5,Very High,12.0,Clear,1.9,163.32,310.31,cash ,COMPLETED,5.0
RPD104689,CUST3289,,Bengaluru,MG Road,Jayanagar,2026-07-13 19:21:00,BIKE,2.37,3.8,Very High,12.0,Rain,1.87,29.22,54.64,wallet,Cancelled by Customer,
RPD100472,CUST2035,DRV797,BANGALORE,MG Road,Koramangala,09/06/2026 08:59,auto,11.67,6.6,High,19.0,Rain,1.41,120.03,169.24,,Ongoing,
RPD100422,CUST1882,DRV389,Hyderabad,Kukatpally,Hitech City,2026-06-15 22:13:00,auto,1.03,39.5,Low,18.0,,1.01,24.27,24.51,cash ,Ongoing,
RPD104383,CUST3062,DRV776,bangalore,Whitefield,Koramangala,2026-06-25 18:47:00,BIKE,6.62,59.6,Very High,12.0,Fog,1.93,54.72,105.61,Wallet,Completed,4.4
RPD103898,CUST2344,DRV188,Bangalore,Indiranagar,MG Road,2026-06-16 23:07:00,Bike,1.75,4.6,Very High,19.0,Heavy Rain,1.87,25.5,47.69,cash ,Ongoing,
RPD103630,CUST2248,DRV504,Hyderabad,Madhapur,Kukatpally,16-Jul-2026 10:08 PM,bike,2.86,16.4,Low,21.0,Fog,1.01,32.16,32.48,Wallet,Ongoing,
RPD100655,CUST1467,,Mumbai,Andheri,Bandra,2026-06-09 16:14:00,BIKE,6.85,14.2,Medium,21.0,Clear,1.18,56.1,66.2,UPI,Cancelled by Customer,
RPD103824,CUST3705,DRV775,hyderabad ,Hitech City,Madhapur,01-Jul-2026 05:23 PM,auto,2.52,28.4,Medium,24.0,,1.02,37.68,38.43,wallet,Completed,4.2
RPD104574,CUST1387,DRV365,Bengaluru,Whitefield,MG Road,12/06/2026 02:55,,3.94,25.7,Medium,15.0,,1.11,62.28,69.13,Wallet,Ongoing,
RPD103237,CUST3625,DRV748,hyderabad ,Kukatpally,Hitech City,02/07/2026 14:51,cab economy,7.93,7.5,Medium,23.0,Fog,1.07,110.16,117.87,Card,COMPLETED,4.2
RPD100465,CUST2735,DRV668,Bengaluru,Jayanagar,Electronic City,12/07/2026 04:19,,3.13,29.6,Low,24.0,Rain,1.0,52.56,52.56,,completed,3.4
RPD104670,CUST2192,DRV747,bangalore,HSR Layout,Whitefield,02-Jul-2026 02:48 PM,Cab Premium,1.89,16.0,Low,28.0,Cloudy,1.07,49.02,52.45,wallet,COMPLETED,4.8
RPD101692,CUST2275,,hyderabad ,Gachibowli,Madhapur,20-Jun-2026 06:43 AM,Cab Economy,999.0,27.7,Low,25.0,Cloudy,1.0,12003.0,12003.0,Wallet,Cancelled by Customer,
RPD101034,CUST1416,,hyderabad ,Hitech City,Madhapur,2026-06-07 23:42:00,bike,9.57,24.3,Medium,14.0,Heavy Rain,1.22,72.42,88.35,cash ,Cancelled by Customer,
RPD100698,CUST3807,DRV223,mumbai,Powai,Colaba,21-Jun-2026 04:05 PM,auto,11.43,10.0,Medium,18.0,,1.15,117.87,135.55,wallet,COMPLETED,4.3
RPD102231,CUST1222,,Pune,Hinjewadi,Kothrud,13/06/2026 23:51,auto,8.35,14.6,Very High,20.0,Heavy Rain,1.89,90.15,170.38,Cash,Cancelled by Customer,
RPD103290,CUST1432,DRV585,bangalore,Koramangala,Indiranagar,2026-06-19 01:11:00,Cab Premium,7.94,19.0,Medium,21.0,Clear,1.28,157.92,202.14,upi,Cancelled by Driver,
RPD103373,CUST1647,DRV629,Pune,Camp,Baner,2026-06-11 01:45:00,bike,2.72,20.5,Low,16.0,Fog,1.0,31.32,31.32,upi,completed,5.0
RPD100066,CUST1848,DRV700,bangalore,Jayanagar,Jayanagar,2026-06-30 02:42:00,Bike,8.88,15.7,Very High,11.0,Heavy Rain,1.84,68.28,125.64,cash ,Ongoing,
RPD103431,CUST2180,DRV397,Hyderabad,Hitech City,Hitech City,2026-06-12 12:10:00,bike,7.62,9.9,Low,12.0,Fog,1.02,60.72,61.93,cash ,Ongoing,
RPD102999,CUST1914,,Hyderabad,Banjara Hills,Gachibowli,17-Jun-2026 01:14 AM,cab economy,1.97,18.6,Medium,26.0,Fog,1.09,38.64,42.12,cash ,Cancelled by Customer,
RPD102481,CUST3193,DRV551,Mumbai,Colaba,Powai,2026-06-01 01:00:00,Cab Premium,2.88,10.8,Medium,12.0,Heavy Rain,1.17,66.84,78.2,Wallet,completed,4.4
RPD101433,CUST2798,DRV339,Hyderabad,Gachibowli,Kukatpally,03-Jul-2026 09:13 PM,Cab Economy,3.58,16.5,Low,16.0,Cloudy,1.0,57.96,57.96,upi,COMPLETED,4.2
RPD103563,CUST3911,DRV444,Bangalore,Electronic City,Indiranagar,2026-07-14 18:13:00,Cab Premium,3.02,29.9,Very High,1.0,Heavy Rain,1.96,69.36,135.95,wallet,Ongoing,
RPD103525,CUST2265,DRV373,BANGALORE,MG Road,Jayanagar,10-Jun-2026 08:57 PM,auto,5.06,8.0,Very High,19.0,,1.99,60.54,120.47,upi,Ongoing,
RPD104167,CUST1845,DRV644,Bengaluru,Electronic City,Koramangala,2026-06-27 22:09:00,bike,5.71,11.1,Low,15.0,Fog,1.03,49.26,50.74,cash ,completed,5.0
RPD102093,CUST2984,DRV426,bangalore,Electronic City,Electronic City,14-Jul-2026 12:31 AM,auto,9.97,24.4,Medium,30.0,,1.1,104.73,115.2,Wallet,Completed,5.0
RPD104356,CUST2507,DRV346,Pune,Camp,Viman Nagar,2026-06-05 09:15:00,,8.03,33.2,Very High,14.0,Fog,1.89,111.36,210.47,cash ,Ongoing,
RPD100996,CUST1212,DRV375,BANGALORE,Jayanagar,Jayanagar,09/06/2026 10:33,,2.4,11.2,Low,11.0,Heavy Rain,5.11,43.8,223.82,UPI,Cancelled by Driver,
RPD102372,CUST3917,,Bangalore,MG Road,HSR Layout,13/06/2026 12:09,Cab Economy,7.83,32.4,Medium,24.0,,1.19,108.96,129.66,UPI,Cancelled by Customer,
RPD104812,CUST3982,,Pune,Baner,Kothrud,2026-06-13 14:24:00,cab economy,2.41,19.2,Low,15.0,Cloudy,1.06,43.92,46.56,wallet,Cancelled by Customer,
RPD103204,CUST3604,DRV405,Mumbai,Powai,Borivali,2026-06-17 16:24:00,Cab Premium,13.06,9.2,Low,11.0,Rain,1.1,250.08,275.09,upi,Ongoing,
RPD104804,CUST1630,DRV232,hyderabad ,Gachibowli,Gachibowli,2026-06-15 06:03:00,cab economy,4.26,10.0,Low,12.0,Cloudy,1.1,66.12,72.73,,completed,
RPD101781,CUST3325,DRV428,BANGALORE,Whitefield,Indiranagar,05-Jul-2026 04:56 AM,bike,4.48,11.2,Very High,25.0,Rain,1.87,41.88,78.32,Cash,Ongoing,
RPD104024,CUST1302,DRV447,Pune,Viman Nagar,Kothrud,13/06/2026 05:15,bike,10.55,31.1,Low,20.0,Clear,1.01,78.3,79.08,upi,COMPLETED,3.5
RPD102110,CUST1867,DRV469,mumbai,Borivali,Bandra,2026-07-03 16:01:00,Bike,1.59,23.6,Low,22.0,Cloudy,1.06,24.54,26.01,Card,COMPLETED,4.3
RPD103002,CUST2544,DRV654,Bengaluru,HSR Layout,Indiranagar,07-Jul-2026 04:07 AM,Bike,2.51,16.3,Low,26.0,,1.01,30.06,30.36,Wallet,Ongoing,
RPD103477,CUST2490,DRV199,hyderabad ,Gachibowli,Kukatpally,2026-07-05 14:26:00,Cab Economy,8.08,20.4,Medium,11.0,Cloudy,1.08,111.96,120.92,UPI,Cancelled by Driver,
RPD100130,CUST1586,DRV776,Hyderabad,Gachibowli,Madhapur,14/06/2026 01:08,Cab Economy,5.04,11.4,Low,27.0,Fog,1.02,75.48,76.99,cash ,Cancelled by Driver,
RPD103420,CUST2076,DRV784,Bangalore,HSR Layout,MG Road,25-Jun-2026 10:39 PM,auto,0.87,13.8,Medium,11.0,Heavy Rain,1.12,22.83,25.57,Cash,Completed,4.1
RPD103492,CUST3710,DRV387,hyderabad ,Kukatpally,Kukatpally,2026-06-22 04:10:00,BIKE,2.9,41.0,Low,25.0,,1.01,32.4,32.72,Cash,COMPLETED,4.4
RPD100850,CUST1204,DRV111,mumbai,Dadar,Dadar,2026-07-09 05:58:00,Auto,0.85,36.6,Low,20.0,Clear,1.01,22.65,22.88,Card,Ongoing,
RPD103149,CUST1611,DRV436,BANGALORE,Electronic City,MG Road,2026-06-27 03:47:00,Bike,4.71,11.1,Medium,24.0,Cloudy,1.1,43.26,47.59,upi,Cancelled by Driver,
RPD103362,CUST1268,DRV167,Pune,Viman Nagar,Kothrud,2026-06-14 21:46:00,Cab Economy,9.35,13.7,Medium,23.0,Clear,1.15,127.2,146.28,upi,COMPLETED,4.8
RPD103745,CUST2216,DRV104,BANGALORE,MG Road,Koramangala,2026-06-11 01:24:00,Bike,4.09,14.3,Low,11.0,Fog,1.0,39.54,39.54,Wallet,Cancelled by Driver,
RPD104842,CUST1638,DRV106,hyderabad ,Hitech City,Gachibowli,11-Jun-2026 02:03 PM,BIKE,1.99,26.3,Medium,20.0,Cloudy,1.18,26.94,31.79,Wallet,completed,5.0
RPD102286,CUST3874,DRV328,BANGALORE,HSR Layout,Electronic City,2026-06-07 18:55:00,BIKE,3.85,13.2,High,13.0,,1.4,38.1,53.34,Cash,COMPLETED,3.4
RPD103728,CUST3396,DRV670,hyderabad ,Banjara Hills,Kukatpally,2026-07-10 09:51:00,auto,1.39,11.8,High,10.0,,1.32,27.51,36.31,Wallet,Ongoing,
RPD103116,CUST2974,DRV177,Pune,Baner,Kothrud,2026-07-05 02:57:00,cab economy,8.57,12.6,Low,20.0,Fog,1.0,117.84,117.84,upi,completed,4.6
RPD103295,CUST1484,DRV494,Bengaluru,Electronic City,Indiranagar,2026-06-25 11:27:00,Cab Premium,0.5,9.7,Medium,14.0,Fog,1.26,24.0,30.24,Cash,COMPLETED,5.0
RPD100078,CUST1433,,Pune,Camp,Baner,2026-07-16 20:26:00,BIKE,4.61,11.3,High,12.0,Fog,1.37,42.66,58.44,cash ,Cancelled by Customer,
RPD104869,CUST3478,DRV579,mumbai,Dadar,Bandra,2026-06-06 05:40:00,auto,8.07,12.8,Low,29.0,Clear,1.0,87.63,87.63,,COMPLETED,5.0
RPD101923,CUST1136,DRV717,Bengaluru,MG Road,MG Road,2026-06-12 05:46:00,Auto,6.51,17.7,Low,21.0,Fog,1.0,73.59,73.59,UPI,Completed,4.1
RPD104049,CUST3494,DRV758,Bangalore,Indiranagar,HSR Layout,27/06/2026 01:08,cab economy,2.29,20.6,Very High,25.0,Rain,1.99,42.48,84.54,,completed,4.5
RPD104384,CUST2406,DRV248,bangalore,HSR Layout,Whitefield,17-Jun-2026 09:18 AM,,5.33,20.6,Very High,8.0,Rain,1.92,78.96,151.6,wallet,Cancelled by Driver,
RPD102571,CUST3939,DRV248,bangalore,HSR Layout,Whitefield,15/06/2026 00:58,cab economy,0.65,8.8,Medium,14.0,Cloudy,1.25,22.8,28.5,Card,completed,5.0
RPD104896,CUST1424,DRV437,BANGALORE,Indiranagar,Indiranagar,28-Jun-2026 12:26 AM,auto,3.91,26.4,Low,23.0,Cloudy,1.09,50.19,54.71,Cash,COMPLETED,5.0
RPD102103,CUST2504,DRV708,Bangalore,Koramangala,Electronic City,2026-06-28 09:15:00,Cab Economy,3.96,8.0,High,9.0,,1.47,62.52,91.9,upi,Completed,4.5
RPD103516,CUST1798,,Mumbai,Dadar,Andheri,2026-07-15 04:02:00,Cab Premium,6.28,19.0,Very High,10.0,Heavy Rain,1.88,128.04,240.72,upi,Cancelled by Customer,
RPD104735,CUST2141,DRV746,Hyderabad,Madhapur,Gachibowli,2026-07-03 18:08:00,Auto,5.64,23.9,Very High,2.0,,1.83,65.76,120.34,UPI,COMPLETED,4.0
RPD103927,CUST2599,DRV729,Hyderabad,Gachibowli,Gachibowli,2026-07-02 05:08:00,Cab Economy,6.52,5.6,Low,8.0,Fog,1.0,93.24,93.24,,completed,4.9
RPD104865,CUST1483,DRV598,Mumbai,Bandra,Dadar,2026-06-09 16:54:00,Bike,5.9,51.7,Medium,7.0,Cloudy,1.17,50.4,58.97,upi,completed,5.0
RPD101482,CUST2184,,mumbai,Borivali,Andheri,21-Jun-2026 06:20 AM,BIKE,0.53,33.9,Medium,22.0,,1.12,18.18,20.36,upi,Cancelled by Customer,
RPD104247,CUST1578,DRV193,Hyderabad,Banjara Hills,Kukatpally,2026-06-27 03:07:00,cab economy,10.9,41.1,Very High,31.0,Rain,1.87,145.8,Rs. 272.65,Cash,Completed,5.0
RPD100383,CUST1909,DRV384,Hyderabad,Banjara Hills,Hitech City,01/07/2026 01:08,Auto,1.8,19.2,Medium,22.0,Cloudy,1.11,31.2,34.63,cash ,completed,4.1
RPD103793,CUST1938,DRV282,Bangalore,MG Road,Jayanagar,06-Jul-2026 01:24 AM,Bike,2.2,32.2,Low,27.0,,1.0,28.2,Rs. 28.2,Card,Ongoing,
RPD104493,CUST1123,DRV153,mumbai,Powai,Andheri,01/07/2026 09:53,,0.77,16.2,Very High,6.0,Rain,1.9,24.24,46.06,UPI,COMPLETED,3.5
RPD104106,CUST2757,DRV741,Mumbai,Powai,Andheri,13-Jun-2026 11:22 PM,bike,-4.83,33.6,Medium,32.0,,1.12,15.6,17.47,Wallet,Completed,5.0
RPD104909,CUST2609,DRV356,bangalore,HSR Layout,MG Road,2026-06-27 18:21:00,,1.85,16.1,Very High,6.0,Clear,1.98,37.2,73.66,UPI,Cancelled by Driver,
RPD104435,CUST1728,DRV688,bangalore,Indiranagar,Koramangala,03-Jun-2026 08:27 AM,Bike,1.11,3.8,Very High,0.0,,1.89,21.66,40.94,UPI,completed,3.9
RPD100559,CUST3705,DRV429,Pune,Baner,Hinjewadi,2026-07-03 13:41:00,Cab Economy,3.16,8.3,Medium,18.0,,1.13,52.92,59.8,cash ,Completed,
RPD100836,CUST3596,DRV587,mumbai,Borivali,Powai,15/07/2026 04:23,Cab Economy,4.53,10.6,Low,15.0,Cloudy,1.0,69.36,69.36,Card,Cancelled by Driver,
RPD100030,CUST1317,DRV392,Hyderabad,Madhapur,Madhapur,28-Jun-2026 05:28 PM,auto,2.87,8.5,Low,14.0,Rain,1.01,40.83,41.24,cash ,completed,4.5
RPD100464,CUST3400,DRV791,hyderabad ,Madhapur,Kukatpally,2026-06-08 08:03:00,Bike,10.37,13.0,High,1.0,Cloudy,1.43,77.22,110.42,upi,Ongoing,
RPD103627,CUST2907,DRV660,hyderabad ,Gachibowli,Gachibowli,25/06/2026 12:48,Auto,4.31,28.8,Very High,29.0,Heavy Rain,2.0,53.79,107.58,Card,completed,4.6
RPD100917,CUST2267,DRV655,Hyderabad,Hitech City,Hitech City,2026-06-09 23:46:00,Cab Premium,7.84,16.4,Low,25.0,Rain,1.05,156.12,163.93,upi,Cancelled by Driver,
RPD101826,CUST3026,,Bangalore,MG Road,HSR Layout,17/06/2026 14:09,Cab Economy,2.58,12.2,Very High,29.0,Rain,1.9,45.96,87.32,Card,Cancelled by Customer,
RPD101300,CUST3224,DRV480,bangalore,Jayanagar,Koramangala,30-Jun-2026 11:41 AM,cab economy,1.03,4.7,Low,22.0,Clear,1.0,27.36,27.36,upi,Ongoing,
RPD103735,CUST1016,DRV510,Bangalore,Whitefield,Electronic City,2026-07-02 06:01:00,auto,1.67,18.2,Medium,18.0,Heavy Rain,1.16,30.03,34.83,Cash,COMPLETED,4.6
RPD104624,CUST1153,DRV789,mumbai,Andheri,Dadar,2026-07-11 05:33:00,,2.17,4.1,Low,17.0,Cloudy,1.0,41.04,41.04,UPI,completed,4.4
RPD104350,CUST2195,DRV405,Pune,Viman Nagar,Viman Nagar,09/07/2026 21:33,Auto,3.47,10.6,Low,20.0,Clear,1.0,46.23,46.23,Cash,Ongoing,
RPD104035,CUST1537,DRV247,BANGALORE,MG Road,Indiranagar,15-Jun-2026 09:54 PM,Cab Premium,6.96,15.2,Very High,28.0,Rain,1.9,140.28,266.53,wallet,Cancelled by Driver,
RPD100519,CUST1745,DRV614,Bangalore,Indiranagar,Jayanagar,2026-07-02 00:06:00,auto,4.46,27.3,Medium,25.0,,1.16,55.14,63.96,upi,completed,5.0
RPD103121,CUST1915,,Pune,Camp,Kothrud,15-Jul-2026 08:41 AM,Cab Economy,5.87,3.5,High,15.0,Clear,1.47,85.44,125.6,Wallet,Cancelled by Customer,
RPD103042,CUST1734,DRV332,mumbai,Borivali,Dadar,23-Jun-2026 07:53 PM,auto,-4.82,22.8,High,4.0,Rain,1.42,15.9,22.58,upi,Cancelled by Driver,
RPD101873,CUST3153,DRV716,BANGALORE,Koramangala,Jayanagar,11-Jun-2026 07:05 PM,Auto,3.06,14.2,Very High,0.0,Clear,1.87,42.54,79.55,UPI,Completed,5.0
RPD103206,CUST2158,DRV344,bangalore,MG Road,MG Road,2026-06-29 18:26:00,Bike,4.12,13.6,High,5.0,Cloudy,1.38,39.72,54.81,Cash,Completed,4.7
RPD100596,CUST1066,DRV409,bangalore,Koramangala,Indiranagar,13/06/2026 13:44,Cab Economy,5.03,14.9,Low,23.0,Rain,1.04,75.36,78.37,Card,Cancelled by Driver,
RPD100470,CUST2486,DRV137,Bangalore,Koramangala,HSR Layout,2026-06-24 06:28:00,Cab Economy,3.46,8.1,Very High,7.0,Rain,1.88,56.52,106.26,Card,completed,4.5
RPD103638,CUST3534,DRV656,Hyderabad,Madhapur,Madhapur,2026-06-29 05:27:00,bike,3.39,15.2,Low,18.0,,1.0,35.34,35.34,cash ,Completed,4.3
RPD103197,CUST1170,,bangalore,Electronic City,Electronic City,25-Jun-2026 02:18 AM,,6.58,12.7,Very High,16.0,Heavy Rain,2.03,93.96,190.74,cash ,Cancelled by Customer,
RPD104524,CUST1123,DRV430,mumbai,Colaba,Andheri,25-Jun-2026 08:13 AM,bike,7.12,28.5,High,5.0,Rain,1.44,57.72,83.12,cash ,Completed,4.3
RPD102416,CUST2986,DRV538,Pune,Camp,Viman Nagar,24/06/2026 08:05,bike,4.31,13.2,High,5.0,Rain,1.29,40.86,52.71,Cash,Ongoing,
RPD102294,CUST1179,,BANGALORE,Indiranagar,Electronic City,23-Jun-2026 02:48 AM,,4.49,8.1,Low,23.0,Cloudy,1.0,68.88,68.88,UPI,Cancelled by Customer,
RPD103051,CUST3504,DRV179,Hyderabad,Banjara Hills,Banjara Hills,09/07/2026 20:09,,1.83,18.0,Very High,9.0,Clear,1.88,36.96,69.48,Wallet,COMPLETED,4.0
RPD101555,CUST1807,DRV387,mumbai,Andheri,Borivali,2026-06-20 10:51:00,BIKE,2.69,23.0,Medium,20.0,Fog,1.11,31.14,34.57,Cash,Completed,4.4
RPD100098,CUST1966,DRV760,Pune,Viman Nagar,Hinjewadi,2026-06-05 21:40:00,BIKE,4.81,16.0,Medium,21.0,Clear,1.14,43.86,50.0,Wallet,Completed,4.2
RPD103866,CUST3077,DRV223,bangalore,Koramangala,Indiranagar,16-Jun-2026 05:12 AM,bike,7.06,22.1,Very High,21.0,Rain,1.91,57.36,109.56,Card,Cancelled by Driver,
RPD103993,CUST1091,DRV739,hyderabad ,Madhapur,Kukatpally,2026-07-12 04:08:00,Auto,6.49,30.4,Low,15.0,Heavy Rain,1.0,73.41,73.41,wallet,Completed,3.6
RPD102213,CUST1194,DRV750,Mumbai,Powai,Borivali,13/06/2026 02:01,auto,12.16,9.3,Low,23.0,Rain,1.0,124.44,124.44,upi,completed,4.0
RPD102430,CUST3282,,Bangalore,Electronic City,Electronic City,2026-07-01 20:22:00,Cab Premium,6.21,21.4,Very High,9.0,Heavy Rain,1.97,126.78,249.76,Cash,Cancelled by Customer,
RPD102246,CUST2701,DRV292,Bengaluru,HSR Layout,MG Road,2026-06-16 12:16:00,Cab Economy,-5.63,15.4,Very High,24.0,Heavy Rain,1.88,16.2,30.46,Cash,completed,3.7
RPD103917,CUST3349,DRV334,hyderabad ,Madhapur,Madhapur,2026-06-15 00:56:00,Bike,12.5,11.9,Medium,19.0,Fog,1.15,90.0,103.5,Wallet,COMPLETED,3.9
RPD102077,CUST1963,DRV172,hyderabad ,Hitech City,Kukatpally,03/06/2026 08:11,cab economy,7.57,31.5,High,3.0,,1.31,105.84,138.65,upi,Ongoing,
RPD100448,CUST1040,DRV629,BANGALORE,Jayanagar,Jayanagar,2026-07-04 13:50:00,Cab Premium,11.7,37.9,Medium,16.0,Cloudy,1.16,225.6,261.7,upi,Completed,5.0
RPD104219,CUST2426,DRV384,Bengaluru,Whitefield,Electronic City,2026-06-14 05:36:00,Cab Premium,-3.41,5.7,Low,28.0,Fog,1.0,16.8,16.8,,Completed,4.1
RPD101734,CUST1358,DRV234,Bangalore,Jayanagar,Electronic City,2026-06-18 20:44:00,auto,7.29,27.7,Very High,8.0,Heavy Rain,1.83,80.61,147.52,Wallet,Cancelled by Driver,
RPD101898,CUST2334,DRV487,Bengaluru,HSR Layout,Indiranagar,2026-07-14 17:51:00,cab economy,4.45,43.2,Medium,26.0,Fog,1.13,68.4,77.29,Card,completed,4.2
RPD101018,CUST2338,DRV241,Bangalore,Indiranagar,Electronic City,2026-06-12 14:04:00,cab economy,13.76,9.7,Medium,13.0,Fog,1.15,180.12,207.14,cash ,COMPLETED,5.0
RPD102869,CUST1618,DRV706,Bangalore,HSR Layout,Electronic City,13-Jul-2026 03:34 PM,Auto,4.01,21.3,Low,28.0,Fog,1.06,51.09,54.16,cash ,Completed,5.0
RPD100015,CUST3059,DRV643,Mumbai,Dadar,Borivali,2026-07-06 21:45:00,Bike,1.14,12.5,Low,4.0,Fog,1.02,21.84,22.28,Cash,Completed,4.3
RPD104039,CUST3308,,Hyderabad,Kukatpally,Kukatpally,2026-06-08 04:17:00,,1.49,13.2,Low,18.0,Heavy Rain,1.01,32.88,33.21,Cash,Cancelled by Customer,
RPD103284,CUST2317,DRV328,bangalore,Koramangala,Jayanagar,06/07/2026 05:35,cab economy,3.66,24.5,Very High,24.0,Heavy Rain,2.0,58.92,117.84,cash ,Completed,4.9
RPD101216,CUST3170,DRV322,mumbai,Colaba,Powai,2026-07-15 18:29:00,Auto,7.33,14.2,Very High,11.0,Clear,1.92,80.97,155.46,wallet,completed,5.0
RPD104747,CUST1745,DRV671,Bengaluru,Jayanagar,Jayanagar,13-Jun-2026 04:08 PM,bike,1.53,14.2,Low,9.0,,1.0,24.18,24.18,upi,Cancelled by Driver,
RPD103679,CUST1714,DRV647,Pune,Baner,Hinjewadi,2026-06-12 07:21:00,cab economy,3.53,8.0,Medium,30.0,,1.22,57.36,69.98,upi,Completed,4.5
RPD102131,CUST2211,DRV719,Mumbai,Bandra,Borivali,06/07/2026 08:48,auto,14.94,27.8,Very High,13.0,Cloudy,1.91,149.46,285.47,cash ,COMPLETED,4.7
RPD104656,CUST1274,DRV654,Hyderabad,Gachibowli,Gachibowli,04/07/2026 10:09,Cab Economy,4.45,13.4,Low,5.0,Cloudy,1.0,68.4,68.4,Cash,COMPLETED,5.0
RPD102770,CUST3944,,BANGALORE,Indiranagar,Electronic City,2026-07-04 03:42:00,auto,2.17,46.1,Low,11.0,Clear,1.03,34.53,35.57,upi,Cancelled by Customer,
RPD104320,CUST1225,DRV570,Bengaluru,HSR Layout,Koramangala,04-Jun-2026 09:45 AM,Bike,7.05,17.2,High,12.0,Fog,1.39,57.3,79.65,,COMPLETED,4.2
RPD103335,CUST3658,DRV378,BANGALORE,Indiranagar,Whitefield,01/06/2026 10:48,,4.21,27.1,Low,28.0,,1.0,65.52,65.52,cash ,Completed,4.6
RPD103555,CUST2061,DRV772,mumbai,Borivali,Borivali,06/06/2026 08:15,Auto,9.24,8.0,Very High,10.0,Cloudy,1.92,98.16,188.47,Card,Completed,4.7
RPD100287,CUST2814,DRV353,Bangalore,Whitefield,Koramangala,10-Jun-2026 01:17 AM,Auto,8.28,14.7,Medium,19.0,Heavy Rain,1.13,89.52,101.16,UPI,completed,5.0
RPD104064,CUST3832,DRV562,BANGALORE,Indiranagar,Indiranagar,10-Jul-2026 06:07 AM,Auto,9.51,15.2,Low,24.0,Clear,1.0,100.59,100.59,UPI,Ongoing,
RPD102313,CUST3814,DRV356,Mumbai,Colaba,Colaba,2026-06-03 18:26:00,Cab Premium,5.95,13.3,Very High,8.0,Heavy Rain,1.97,122.1,240.54,UPI,Completed,4.3
,,,,,,,,,,,,,,,,,,
RPD100780,CUST1481,DRV344,Mumbai,Andheri,Borivali,02-Jul-2026 05:38 PM,Cab Premium,12.0,13.0,Low,23.0,Clear,1.0,231.0,231.0,Wallet,Completed,5.0
RPD104716,CUST1215,DRV712,Mumbai,Bandra,Borivali,13/06/2026 12:00,BIKE,1.77,12.6,Low,25.0,,1.05,25.62,26.9,Wallet,completed,4.4
RPD104767,CUST2252,DRV793,bangalore,MG Road,Jayanagar,2026-06-19 18:49:00,bike,8.39,31.9,High,2.0,Rain,1.46,65.34,95.4,Wallet,Ongoing,
RPD102053,CUST2189,DRV477,BANGALORE,Koramangala,Indiranagar,09-Jul-2026 09:17 PM,,8.99,22.9,Medium,12.0,Clear,1.22,122.88,149.91,upi,COMPLETED,5.0
RPD100429,CUST1434,DRV431,Bangalore,Electronic City,Jayanagar,07-Jul-2026 05:26 AM,bike,5.3,7.5,Very High,18.0,Heavy Rain,1.82,46.8,85.18,Cash,Ongoing,
RPD103358,CUST1411,DRV282,bangalore,Electronic City,Indiranagar,06-Jun-2026 10:52 PM,auto,7.14,21.5,Medium,21.0,,1.08,79.26,85.6,upi,Cancelled by Driver,
RPD104196,CUST2993,DRV637,Mumbai,Bandra,Bandra,06/07/2026 09:16,BIKE,5.28,7.3,High,9.0,Fog,1.33,46.68,62.08,upi,Completed,4.1
RPD101468,CUST1158,DRV254,Bangalore,Koramangala,Whitefield,2026-07-05 02:06:00,bike,3.78,17.3,Low,20.0,Clear,1.0,37.68,37.68,wallet,completed,4.7
RPD104283,CUST3758,DRV741,Bangalore,Jayanagar,HSR Layout,2026-06-05 12:04:00,cab economy,5.93,22.3,Medium,25.0,Fog,1.09,86.16,93.91,upi,Ongoing,
RPD104845,CUST1069,DRV111,Bengaluru,MG Road,Indiranagar,2026-07-01 23:38:00,Cab Premium,5.71,7.7,Low,23.0,Heavy Rain,1.0,117.78,117.78,Cash,COMPLETED,4.6
RPD104975,CUST2724,DRV458,Bangalore,Whitefield,Jayanagar,16/06/2026 05:03,bike,3.51,32.2,Low,13.0,Cloudy,1.0,36.06,36.06,UPI,Ongoing,
RPD104847,CUST3391,DRV322,Bangalore,Jayanagar,HSR Layout,2026-07-03 06:17:00,BIKE,-0.5,6.3,Medium,21.0,Heavy Rain,1.18,15.6,18.41,UPI,Cancelled by Driver,
RPD100351,CUST1402,DRV361,Hyderabad,Kukatpally,Banjara Hills,2026-07-04 21:02:00,Cab Premium,3.65,8.6,Medium,21.0,Fog,1.11,80.7,89.58,wallet,Cancelled by Driver,
RPD100166,CUST1373,DRV197,BANGALORE,MG Road,Whitefield,11/06/2026 08:05,BIKE,2.3,7.2,Very High,9.0,Clear,1.95,28.8,56.16,UPI,completed,4.3
RPD104606,CUST1256,DRV641,Pune,Viman Nagar,Baner,02-Jul-2026 12:49 AM,BIKE,2.99,10.7,Low,25.0,Clear,1.0,32.94,32.94,Cash,Completed,3.9
RPD100661,CUST2299,DRV142,BANGALORE,Whitefield,Jayanagar,2026-06-18 08:55:00,Bike,2.29,28.9,Very High,10.0,Rain,1.93,28.74,55.47,cash ,Ongoing,
RPD102296,CUST2121,DRV256,Mumbai,Andheri,Andheri,2026-06-27 12:40:00,cab economy,2.4,14.3,Medium,16.0,Rain,1.13,43.8,49.49,cash ,completed,4.8
RPD101340,CUST3232,DRV511,mumbai,Borivali,Powai,2026-06-02 21:40:00,cab economy,7.79,6.4,Medium,14.0,Clear,1.09,108.48,118.24,,COMPLETED,5.0
RPD102948,CUST3827,,BANGALORE,Electronic City,Indiranagar,05-Jun-2026 07:48 PM,,2.2,15.9,High,11.0,,1.52,41.4,62.93,Card,Cancelled by Customer,
RPD103329,CUST1055,,Hyderabad,Kukatpally,Hitech City,01-Jun-2026 07:30 AM,Cab Economy,3.98,11.1,Low,18.0,Clear,1.0,62.76,62.76,Wallet,Cancelled by Customer,
RPD102619,CUST2050,,Mumbai,Powai,Andheri,11-Jun-2026 08:20 PM,Bike,0.5,27.2,Very High,4.0,Fog,1.94,18.0,34.92,Card,Cancelled by Customer,
RPD102207,CUST3279,DRV529,Bangalore,Koramangala,Whitefield,2026-07-15 04:05:00,Cab Economy,5.99,12.6,Low,21.0,Rain,1.05,86.88,91.22,Cash,Ongoing,
RPD100384,CUST1605,,Bangalore,Koramangala,Electronic City,29-Jun-2026 09:42 PM,cab economy,2.27,7.5,Medium,11.0,Heavy Rain,1.15,42.24,48.58,wallet,Cancelled by Customer,
RPD103159,CUST3406,DRV544,Mumbai,Colaba,Bandra,2026-06-04 11:55:00,Auto,4.89,27.9,Medium,21.0,Heavy Rain,1.14,59.01,67.27,Card,Ongoing,
RPD102217,CUST3530,,BANGALORE,Koramangala,Indiranagar,04-Jun-2026 05:25 PM,,11.0,10.8,Very High,18.0,Heavy Rain,1.93,147.0,283.71,,Cancelled by Customer,
RPD102189,CUST3978,DRV306,Bangalore,Indiranagar,HSR Layout,10-Jun-2026 05:11 PM,Auto,9.65,16.3,Medium,21.0,,1.18,101.85,,Card,Ongoing,
RPD100466,CUST3090,DRV388,Bangalore,Koramangala,Jayanagar,30/06/2026 19:18,cab economy,0.68,24.0,Very High,13.0,Heavy Rain,1.93,23.16,44.7,UPI,COMPLETED,5.0
RPD104036,CUST1051,,Mumbai,Andheri,Andheri,2026-06-08 08:40:00,Bike,3.45,25.2,Very High,6.0,Heavy Rain,1.9,35.7,67.83,wallet,Cancelled by Customer,
RPD101133,CUST1925,,hyderabad ,Madhapur,Gachibowli,16-Jun-2026 05:26 AM,auto,4.64,13.3,Medium,35.0,Rain,1.16,56.76,65.84,upi,Cancelled by Customer,
RPD100300,CUST3824,,Mumbai,Powai,Colaba,16-Jun-2026 07:16 AM,Auto,4.09,14.7,Low,31.0,,1.03,51.81,53.36,upi,Cancelled by Customer,
RPD102446,CUST1365,,Mumbai,Powai,Borivali,2026-06-04 17:22:00,Bike,2.44,15.6,Medium,41.0,Clear,1.19,29.64,35.27,,Cancelled by Customer,
RPD101616,CUST1346,DRV122,Bengaluru,Electronic City,MG Road,19-Jun-2026 06:15 PM,Bike,8.1,9.0,Very High,0.0,,1.81,63.6,115.12,upi,Completed,4.8
RPD103845,CUST2358,DRV633,Mumbai,Colaba,Dadar,15/07/2026 07:06,auto,6.92,10.2,Low,24.0,Clear,1.09,77.28,84.24,Wallet,COMPLETED,
RPD104066,CUST1856,DRV648,mumbai,Bandra,Colaba,22-Jun-2026 09:15 AM,Cab Economy,1.16,9.7,High,13.0,,1.28,28.92,37.02,,Ongoing,
RPD103981,CUST2834,,hyderabad ,Banjara Hills,Hitech City,2026-06-29 21:00:00,auto,11.41,26.4,Low,25.0,Clear,1.09,117.69,128.28,Cash,Cancelled by Customer,
RPD102318,CUST2506,DRV297,Mumbai,Colaba,Borivali,08-Jul-2026 02:39 AM,bike,5.44,20.1,Low,17.0,,1.03,47.64,49.07,,Cancelled by Driver,
RPD104478,CUST1901,DRV684,Hyderabad,Madhapur,Hitech City,06/07/2026 15:32,Cab Premium,2.42,49.9,Medium,7.0,Cloudy,1.16,58.56,67.93,Card,completed,5.0
RPD103500,CUST2222,DRV364,Pune,Hinjewadi,Viman Nagar,2026-07-07 13:28:00,Cab Premium,4.83,41.9,Low,16.0,Clear,1.0,101.94,101.94,upi,completed,5.0
RPD101938,CUST2636,,Bengaluru,HSR Layout,Jayanagar,14-Jul-2026 02:59 AM,Cab Economy,2.51,18.4,Low,17.0,Cloudy,1.0,45.12,45.12,upi,Cancelled by Customer,
RPD104863,CUST2632,DRV217,Hyderabad,Banjara Hills,Banjara Hills,2026-07-05 08:38:00,auto,0.96,27.3,Very High,6.0,Rain,1.91,23.64,45.15,Card,Ongoing,
RPD101866,CUST1587,DRV163,Hyderabad,Hitech City,Banjara Hills,03-Jul-2026 11:56 AM,,1.19,30.9,Medium,12.0,Rain,1.06,29.28,31.04,,COMPLETED,4.9
RPD103940,CUST3339,DRV398,Bangalore,Electronic City,MG Road,2026-06-30 02:36:00,BIKE,10.34,14.1,Low,28.0,Clear,3.62,77.04,Rs. 278.88,UPI,COMPLETED,3.7
RPD101049,CUST2018,DRV371,mumbai,Andheri,Dadar,08/07/2026 21:42,Cab Premium,2.73,47.1,Medium,19.0,,1.2,64.14,76.97,wallet,Ongoing,
RPD104488,CUST1899,DRV260,Bangalore,HSR Layout,MG Road,18-Jun-2026 11:40 PM,Cab Premium,2.8,29.8,Low,10.0,Heavy Rain,1.0,65.4,65.4,upi,COMPLETED,5.0
RPD104531,CUST1101,DRV452,bangalore,Indiranagar,MG Road,2026-07-12 17:10:00,auto,7.17,10.2,Low,17.0,,1.0,79.53,79.53,UPI,COMPLETED,4.7
RPD101529,CUST3556,,hyderabad ,Gachibowli,Gachibowli,2026-06-19 08:01:00,auto,0.6,17.0,Very High,5.0,Rain,1.94,20.4,39.58,cash ,Cancelled by Customer,
RPD100053,CUST2568,DRV339,Mumbai,Colaba,Colaba,2026-07-13 15:55:00,,3.3,20.3,Medium,22.0,Fog,1.15,54.6,62.79,wallet,COMPLETED,5.0
RPD100847,CUST2370,DRV300,Pune,Kothrud,Kothrud,05/07/2026 00:58,Cab Economy,4.28,17.4,Low,16.0,Fog,1.02,66.36,67.69,Wallet,Cancelled by Driver,
RPD100252,CUST3090,DRV192,Pune,Camp,Kothrud,03/06/2026 17:16,BIKE,3.63,15.1,Very High,22.0,Heavy Rain,1.91,36.78,70.25,wallet,completed,4.7
RPD103035,CUST1066,DRV509,hyderabad ,Kukatpally,Kukatpally,2026-07-15 07:30:00,BIKE,4.98,20.1,Low,6.0,Cloudy,1.0,44.88,44.88,,Completed,4.2
RPD101028,CUST2586,DRV414,BANGALORE,Jayanagar,MG Road,2026-07-08 15:52:00,bike,2.45,8.2,Very High,21.0,Rain,1.88,29.7,55.84,Cash,Cancelled by Driver,
RPD101669,CUST2042,,Mumbai,Colaba,Powai,16-Jun-2026 09:04 PM,cab economy,5.44,16.1,Very High,19.0,Rain,1.87,80.28,150.12,upi,Cancelled by Customer,
RPD100807,CUST1447,,Mumbai,Colaba,Powai,07-Jun-2026 03:25 AM,,2.34,32.3,Medium,22.0,Cloudy,1.22,43.08,52.56,upi,Cancelled by Customer,
RPD101553,CUST2936,,mumbai,Borivali,Colaba,28-Jun-2026 08:10 PM,Cab Premium,2.88,6.0,Very High,13.0,Heavy Rain,1.93,66.84,Rs. 129.0,Wallet,Cancelled by Customer,
RPD100032,CUST1898,,Pune,Baner,Hinjewadi,2026-06-23 09:48:00,,5.15,19.2,Very High,11.0,,1.96,76.8,150.53,Card,Cancelled by Customer,
RPD100716,CUST1527,DRV688,BANGALORE,Indiranagar,HSR Layout,2026-07-14 16:53:00,bike,1.84,11.6,Low,29.0,,1.06,26.04,27.6,wallet,Cancelled by Driver,
RPD102385,CUST1967,,Mumbai,Dadar,Bandra,2026-06-27 00:39:00,BIKE,8.09,29.6,Medium,13.0,Fog,1.19,63.54,75.61,wallet,Cancelled by Customer,
RPD103107,CUST2926,DRV475,Mumbai,Colaba,Borivali,2026-06-13 22:11:00,Cab Premium,8.45,29.0,Medium,21.0,Fog,1.11,167.1,185.48,Wallet,COMPLETED,4.5
RPD104811,CUST1501,DRV424,hyderabad ,Hitech City,Kukatpally,18-Jun-2026 06:33 AM,BIKE,5.1,31.0,Low,17.0,Fog,1.09,45.6,49.7,Wallet,COMPLETED,5.0
RPD104866,CUST3698,DRV122,bangalore,Whitefield,HSR Layout,30-Jun-2026 10:13 AM,cab economy,2.89,35.1,Medium,34.0,Clear,1.21,49.68,60.11,Cash,Completed,4.9
RPD104717,CUST2677,DRV481,mumbai,Powai,Andheri,2026-07-10 06:17:00,,1.64,38.0,Low,33.0,Cloudy,1.0,34.68,34.68,wallet,Completed,5.0
RPD104191,CUST1904,DRV746,Bangalore,Koramangala,Electronic City,2026-07-01 15:26:00,auto,3.52,14.1,Low,25.0,,1.05,46.68,49.01,UPI,Cancelled by Driver,
RPD104333,CUST3571,DRV667,mumbai,Bandra,Borivali,2026-07-16 17:16:00,cab economy,2.39,3.0,Very High,11.0,Rain,1.93,43.68,84.3,,Ongoing,
RPD103279,CUST1868,DRV212,Bengaluru,Koramangala,Whitefield,2026-07-15 11:40:00,,8.76,20.0,Low,23.0,Cloudy,1.02,120.12,122.52,cash ,Completed,4.5
RPD101045,CUST1252,DRV126,hyderabad ,Gachibowli,Gachibowli,08-Jun-2026 02:56 PM,Auto,0.55,23.4,Medium,17.0,Fog,1.14,19.95,22.74,Card,Completed,3.9
RPD102328,CUST3841,,Mumbai,Dadar,Bandra,22-Jun-2026 01:03 PM,,3.8,21.1,Medium,20.0,Rain,1.19,60.6,72.11,upi,Cancelled by Customer,
RPD102021,CUST3662,DRV745,Mumbai,Colaba,Dadar,25-Jun-2026 01:42 PM,bike,7.63,15.8,Low,14.0,,1.02,60.78,62.0,Cash,completed,5.0
RPD101760,CUST3156,,Mumbai,Powai,Dadar,2026-06-03 16:23:00,Bike,3.34,17.1,Medium,21.0,Cloudy,1.14,35.04,39.95,cash ,Cancelled by Customer,
RPD102145,CUST1346,DRV201,Hyderabad,Kukatpally,Hitech City,2026-06-24 21:17:00,Cab Premium,5.34,30.2,Medium,26.0,Cloudy,4.29,111.12,476.7,wallet,Ongoing,
RPD102490,CUST2741,,Mumbai,Bandra,Powai,08-Jun-2026 06:06 PM,,8.2,12.7,Very High,3.0,Fog,1.88,113.4,213.19,wallet,Cancelled by Customer,
RPD102357,CUST1615,DRV424,hyderabad ,Madhapur,Banjara Hills,29-Jun-2026 03:03 PM,Auto,6.17,7.2,Medium,15.0,,1.26,70.53,88.87,Card,COMPLETED,4.1
RPD103224,CUST1747,,hyderabad ,Hitech City,Banjara Hills,11/07/2026 16:49,cab economy,3.12,9.1,Medium,14.0,,1.09,52.44,57.16,Wallet,Cancelled by Customer,
RPD103091,CUST1354,DRV569,Hyderabad,Madhapur,Madhapur,03-Jul-2026 09:22 AM,Cab Economy,9.36,29.0,Very High,7.0,Cloudy,1.85,127.32,235.54,Card,Ongoing,
RPD104495,CUST3378,,BANGALORE,MG Road,Indiranagar,2026-06-08 12:37:00,BIKE,8.86,22.3,Medium,17.0,,1.25,68.16,85.2,cash ,Cancelled by Customer,
RPD104928,CUST2165,DRV377,Pune,Kothrud,Baner,20/06/2026 05:03,bike,3.62,23.6,Medium,8.0,Fog,1.12,36.72,41.13,,Completed,4.8
RPD100331,CUST3699,DRV419,Bengaluru,MG Road,Koramangala,30-Jun-2026 12:45 PM,Bike,2.38,23.8,Medium,13.0,,1.21,29.28,35.43,UPI,Completed,5.0
RPD103512,CUST3581,DRV460,Mumbai,Colaba,Dadar,2026-06-03 23:51:00,auto,2.53,12.0,Low,25.0,Cloudy,1.06,37.77,40.04,wallet,Ongoing,
RPD104559,CUST2053,DRV399,bangalore,Whitefield,HSR Layout,21/06/2026 12:08,Cab Economy,0.69,4.3,Low,22.0,Heavy Rain,1.07,23.28,24.91,Card,COMPLETED,4.5
RPD101639,CUST2093,DRV449,Bengaluru,MG Road,Jayanagar,2026-06-20 10:56:00,BIKE,13.39,22.4,Low,20.0,Fog,1.11,95.34,105.83,Cash,Ongoing,
RPD101516,CUST1199,DRV321,mumbai,Andheri,Borivali,01-Jun-2026 02:06 AM,Cab Economy,2.69,12.8,Low,21.0,Fog,1.06,47.28,50.12,UPI,Ongoing,
RPD100862,CUST1111,DRV489,mumbai,Andheri,Powai,15-Jul-2026 03:55 PM,Cab Premium,4.41,11.3,Medium,26.0,,1.14,94.38,107.59,UPI,COMPLETED,5.0
RPD104543,CUST1834,DRV472,Pune,Camp,Baner,2026-07-02 09:44:00,Cab Economy,6.17,11.7,Very High,5.0,Clear,1.92,89.04,170.96,cash ,Completed,4.0
RPD104438,CUST2976,DRV459,bangalore,Koramangala,Electronic City,01-Jul-2026 10:18 PM,Cab Economy,4.12,9.3,Medium,30.0,Fog,1.19,64.44,76.68,,completed,4.9
RPD101199,CUST3749,DRV545,BANGALORE,Electronic City,Jayanagar,2026-06-23 18:53:00,,10.52,17.2,Very High,10.0,Fog,1.87,141.24,264.12,UPI,completed,3.4
RPD101112,CUST3843,DRV244,mumbai,Colaba,Bandra,06/06/2026 05:37,Cab Premium,6.94,9.0,Low,14.0,Clear,1.0,139.92,139.92,,completed,5.0
RPD100328,CUST3566,,Bangalore,Jayanagar,Electronic City,20/06/2026 18:46,Cab Economy,4.26,5.6,Very High,5.0,Heavy Rain,1.92,66.12,126.95,Cash,Cancelled by Customer,
RPD101089,CUST3884,DRV450,mumbai,Dadar,Andheri,21/06/2026 13:49,BIKE,-4.94,3.0,Very High,17.0,Heavy Rain,4.94,15.6,77.06,wallet,COMPLETED,5.0
RPD104003,CUST3168,DRV407,Hyderabad,Kukatpally,Kukatpally,21-Jun-2026 06:08 AM,bike,2.6,18.0,Low,9.0,Fog,1.03,30.6,31.52,upi,Completed,3.9
RPD102516,CUST1618,DRV593,Mumbai,Powai,Andheri,2026-06-06 10:47:00,Cab Economy,8.93,9.9,Medium,25.0,Fog,1.13,122.16,138.04,wallet,COMPLETED,4.0
RPD100004,CUST3986,DRV350,bangalore,Jayanagar,Indiranagar,2026-06-07 12:17:00,Cab Economy,2.87,17.2,Low,16.0,Rain,1.0,49.44,49.44,Cash,COMPLETED,4.1
RPD102643,CUST1101,DRV679,Mumbai,Dadar,Bandra,21-Jun-2026 01:58 PM,BIKE,7.77,9.7,Low,26.0,Fog,1.0,61.62,61.62,Cash,Ongoing,
RPD104795,CUST3244,DRV334,Bangalore,Jayanagar,HSR Layout,23/06/2026 02:20,BIKE,1.01,14.8,Very High,12.0,Rain,1.86,21.06,39.17,Card,Ongoing,
RPD101491,CUST2878,DRV388,hyderabad ,Hitech City,Hitech City,18/06/2026 02:29,Cab Economy,5.18,21.5,Medium,12.0,Rain,1.2,77.16,92.59,UPI,Cancelled by Driver,
RPD102460,CUST2756,DRV226,BANGALORE,Electronic City,Indiranagar,11-Jun-2026 06:15 AM,cab economy,4.05,29.7,Very High,16.0,Rain,2.02,63.6,128.47,wallet,Cancelled by Driver,
RPD104696,CUST1716,DRV309,Hyderabad,Hitech City,Kukatpally,2026-06-30 20:02:00,bike,12.1,8.3,High,2.0,Fog,1.34,87.6,117.38,cash ,Completed,4.1
RPD100550,CUST3781,DRV355,Hyderabad,Gachibowli,Madhapur,2026-06-15 05:04:00,Bike,3.84,13.1,Low,18.0,Cloudy,1.02,38.04,38.8,upi,Cancelled by Driver,
RPD100557,CUST3576,DRV749,bangalore,Jayanagar,Whitefield,15-Jul-2026 07:42 AM,bike,9.89,18.8,Low,16.0,,1.0,74.34,74.34,Cash,Ongoing,
RPD102203,CUST3489,DRV294,mumbai,Borivali,Colaba,12/07/2026 22:11,Auto,4.82,15.9,Medium,20.0,Heavy Rain,1.13,58.38,65.97,cash ,Ongoing,
RPD102590,CUST3176,DRV544,hyderabad ,Banjara Hills,Hitech City,2026-07-12 14:03:00,Cab Economy,3.56,21.9,Medium,16.0,Clear,1.14,57.72,65.8,,completed,3.8
RPD101486,CUST3263,DRV430,BANGALORE,Koramangala,Indiranagar,13-Jul-2026 07:46 PM,Auto,1.1,12.2,High,12.0,,1.4,24.9,34.86,Wallet,Cancelled by Driver,
RPD104911,CUST1667,DRV439,BANGALORE,Koramangala,Jayanagar,2026-06-23 04:12:00,bike,3.72,18.5,Low,10.0,Cloudy,1.0,37.32,37.32,,completed,4.3
RPD100265,CUST1043,DRV306,bangalore,Whitefield,Indiranagar,2026-06-24 02:38:00,,4.76,17.5,Low,16.0,Heavy Rain,1.0,72.12,72.12,Card,COMPLETED,3.2
RPD103557,CUST2086,DRV217,Bengaluru,Whitefield,Whitefield,29/06/2026 06:50,Cab Economy,6.87,11.7,Very High,11.0,Heavy Rain,1.9,97.44,185.14,Wallet,COMPLETED,4.0
RPD101472,CUST1872,DRV546,BANGALORE,Electronic City,Electronic City,2026-07-12 02:18:00,auto,4.4,15.2,Very High,14.0,Heavy Rain,1.9,54.6,103.74,,Ongoing,
RPD101235,CUST1419,DRV369,Bangalore,Indiranagar,MG Road,2026-07-06 17:00:00,BIKE,999.0,30.8,Low,31.0,Cloudy,1.0,6009.0,6009.0,Card,Ongoing,
RPD101155,CUST2354,DRV133,Mumbai,Colaba,Dadar,2026-07-08 14:59:00,Auto,3.5,30.2,Low,11.0,Cloudy,1.07,46.5,49.76,UPI,Cancelled by Driver,
RPD101402,CUST2390,DRV333,bangalore,Indiranagar,Koramangala,11/06/2026 22:35,bike,2.69,11.7,Medium,27.0,,1.1,31.14,34.25,Card,Ongoing,
RPD103841,CUST2111,DRV646,mumbai,Colaba,Powai,23-Jun-2026 05:11 AM,Cab Economy,2.8,20.5,Low,22.0,Clear,1.0,48.6,48.6,Card,Completed,5.0
RPD100919,CUST1664,DRV249,Hyderabad,Madhapur,Banjara Hills,2026-06-06 11:50:00,,3.61,34.5,Medium,14.0,Heavy Rain,1.09,58.32,63.57,Wallet,Completed,4.3
RPD104781,CUST3411,,Bangalore,HSR Layout,Koramangala,25-Jun-2026 06:06 PM,Cab Economy,0.51,13.2,Very High,9.0,Rain,2.05,21.12,43.3,wallet,Cancelled by Customer,
RPD101065,CUST2467,DRV554,Bangalore,Jayanagar,Electronic City,01/06/2026 03:30,cab economy,2.35,28.3,Low,17.0,Fog,1.02,43.2,44.06,UPI,Ongoing,
RPD102349,CUST1549,DRV626,Bengaluru,Whitefield,Koramangala,05/07/2026 06:39,Cab Economy,3.36,10.2,Medium,24.0,,1.3,55.32,71.92,UPI,Completed,5.0
RPD104345,CUST2336,DRV124,Bengaluru,HSR Layout,Koramangala,05/06/2026 21:04,Auto,3.79,37.2,Medium,18.0,,1.06,49.11,52.06,wallet,completed,4.8
RPD103932,CUST3698,DRV410,Mumbai,Powai,Borivali,2026-06-14 18:52:00,Auto,8.88,16.1,Very High,14.0,,1.93,94.92,183.2,UPI,completed,3.9
RPD102602,CUST1197,DRV411,bangalore,MG Road,Jayanagar,2026-07-10 02:23:00,Cab Premium,2.47,33.2,Low,21.0,Fog,1.03,59.46,Rs. 61.24,wallet,Ongoing,
RPD101513,CUST1833,DRV309,bangalore,Koramangala,Indiranagar,10-Jun-2026 12:52 AM,,9.88,16.2,Very High,20.0,Heavy Rain,1.9,133.56,253.76,cash ,Ongoing,
RPD101822,CUST2381,DRV329,Bengaluru,Jayanagar,MG Road,15/06/2026 18:47,BIKE,6.77,24.7,Very High,11.0,Fog,1.82,55.62,101.23,UPI,Completed,
RPD100468,CUST2692,DRV669,Mumbai,Bandra,Borivali,2026-06-21 10:13:00,BIKE,1.55,30.6,Low,9.0,,1.09,24.3,,,Completed,5.0
RPD100345,CUST3583,,Bangalore,Electronic City,HSR Layout,16/07/2026 11:07,,10.29,11.2,Very High,26.0,Heavy Rain,1.98,138.48,274.19,upi,Cancelled by Customer,
RPD104985,CUST3249,DRV154,Pune,Kothrud,Kothrud,22/06/2026 23:56,Cab Premium,3.53,12.4,Low,19.0,Rain,1.01,78.54,79.33,cash ,Ongoing,
RPD101493,CUST3457,DRV192,bangalore,Whitefield,MG Road,2026-07-05 04:33:00,BIKE,2.8,19.3,Low,16.0,Fog,1.0,31.8,31.8,,Ongoing,
RPD104274,CUST2522,DRV350,hyderabad ,Hitech City,Madhapur,2026-07-10 21:56:00,,5.66,3.0,Low,25.0,Rain,1.0,82.92,82.92,Card,Ongoing,
RPD104063,CUST3712,DRV341,Bengaluru,MG Road,Whitefield,2026-07-08 08:27:00,BIKE,4.3,14.6,High,15.0,Fog,1.38,40.8,56.3,Wallet,Ongoing,
RPD101418,CUST2146,DRV269,hyderabad ,Banjara Hills,Hitech City,2026-07-07 13:10:00,Cab Premium,1.63,26.1,Low,17.0,Clear,1.05,44.34,46.56,,COMPLETED,3.8
RPD100608,CUST1421,,mumbai,Borivali,Colaba,12/07/2026 09:29,Cab Premium,2.96,27.7,Very High,10.0,Rain,1.88,68.28,128.37,Card,Cancelled by Customer,
RPD103417,CUST3318,DRV573,BANGALORE,MG Road,Electronic City,24-Jun-2026 10:01 PM,,3.01,24.8,Medium,17.0,Clear,1.18,51.12,60.32,cash ,Ongoing,
RPD101449,CUST3630,,Bangalore,HSR Layout,Jayanagar,2026-07-06 02:35:00,,1.1,23.4,Very High,26.0,Heavy Rain,1.88,28.2,53.02,UPI,Cancelled by Customer,
RPD103977,CUST2606,DRV123,mumbai,Powai,Bandra,07-Jul-2026 11:54 PM,cab economy,13.62,23.6,Low,18.0,Clear,1.03,178.44,183.79,UPI,COMPLETED,4.9
RPD104090,CUST2581,DRV179,Bengaluru,Whitefield,Whitefield,10/07/2026 05:20,auto,4.73,18.6,Medium,23.0,Heavy Rain,1.12,57.57,64.48,cash ,COMPLETED,3.7
RPD101889,CUST1379,DRV715,Bengaluru,Whitefield,Jayanagar,14/07/2026 08:40,Cab Economy,1.86,29.1,High,15.0,,1.31,37.32,,wallet,Completed,3.8
RPD104737,CUST2555,DRV261,Bangalore,Indiranagar,HSR Layout,2026-07-13 23:16:00,Cab Premium,4.0,6.9,Low,8.0,Fog,1.0,87.0,87.0,upi,completed,5.0
RPD101710,CUST1463,DRV585,hyderabad ,Kukatpally,Madhapur,04-Jul-2026 03:10 PM,bike,4.02,21.0,Medium,29.0,Heavy Rain,1.11,39.12,43.42,wallet,completed,4.3
RPD103379,CUST3450,DRV779,Bangalore,Jayanagar,Jayanagar,14/07/2026 12:55,BIKE,2.72,22.2,Medium,19.0,Cloudy,1.17,31.32,36.64,,Completed,4.8
RPD103129,CUST1960,DRV107,Pune,Camp,Camp,2026-06-15 16:09:00,,16.71,32.2,Medium,23.0,Fog,1.11,215.52,239.23,Cash,completed,4.0
RPD102488,CUST1633,DRV759,Mumbai,Powai,Colaba,07-Jul-2026 09:01 AM,Cab Economy,2.8,17.5,High,6.0,Fog,1.5,48.6,72.9,Card,Ongoing,
RPD102025,CUST2814,DRV356,Pune,Kothrud,Kothrud,2026-06-30 01:23:00,Auto,3.76,11.1,Medium,25.0,Heavy Rain,1.17,48.84,57.14,,COMPLETED,4.3
RPD104620,CUST1897,DRV308,Pune,Camp,Hinjewadi,30-Jun-2026 06:35 PM,Auto,1.71,48.4,Very High,6.0,Clear,1.93,30.39,58.65,wallet,Ongoing,
RPD100022,CUST1158,DRV581,Bengaluru,Jayanagar,Indiranagar,2026-06-12 13:01:00,Cab Premium,5.05,22.1,Medium,27.0,,1.16,105.9,122.84,cash ,COMPLETED,5.0
RPD104585,CUST2549,DRV130,Bangalore,HSR Layout,Whitefield,2026-07-09 21:46:00,auto,1.77,22.5,Medium,20.0,,1.11,30.93,34.33,UPI,completed,4.2
RPD104581,CUST1431,DRV282,Bangalore,HSR Layout,Electronic City,16/07/2026 00:41,BIKE,1.65,27.8,Low,19.0,Rain,4.11,24.9,102.34,cash ,COMPLETED,4.4
RPD101080,CUST1747,,Bengaluru,Whitefield,Whitefield,27-Jun-2026 06:20 PM,Auto,4.51,23.0,Very High,7.0,,1.89,55.59,Rs. 105.07,UPI,Cancelled by Customer,
RPD102429,CUST1556,DRV729,Pune,Hinjewadi,Kothrud,2026-06-22 01:26:00,bike,2.07,11.4,Low,9.0,Heavy Rain,1.07,27.42,29.34,upi,COMPLETED,
RPD103479,CUST3617,DRV170,Hyderabad,Hitech City,Hitech City,2026-06-12 13:32:00,BIKE,12.02,23.3,Medium,28.0,,1.07,87.12,93.22,upi,Cancelled by Driver,
RPD103710,CUST3266,DRV722,Bangalore,Whitefield,Jayanagar,15-Jun-2026 02:11 PM,Auto,2.1,12.0,Medium,18.0,Cloudy,1.13,33.9,38.31,upi,Ongoing,
RPD102404,CUST1467,DRV116,Bangalore,MG Road,Electronic City,2026-06-21 10:33:00,auto,4.88,11.5,Medium,22.0,Heavy Rain,1.14,58.92,67.17,Card,Cancelled by Driver,
RPD104887,CUST1864,DRV575,mumbai,Colaba,Colaba,2026-06-11 23:24:00,auto,1.02,14.7,Medium,13.0,,1.25,24.18,30.23,Wallet,Completed,5.0
RPD103863,CUST3898,DRV642,Pune,Viman Nagar,Kothrud,07-Jul-2026 07:35 AM,cab economy,0.99,21.6,Low,30.0,,1.0,26.88,26.88,Cash,Completed,
RPD103530,CUST1259,DRV148,BANGALORE,MG Road,Jayanagar,02-Jun-2026 09:10 AM,,3.26,16.6,Very High,8.0,,1.87,54.12,101.2,UPI,Cancelled by Driver,
RPD102536,CUST2223,DRV593,bangalore,Indiranagar,Koramangala,14-Jul-2026 01:20 AM,bike,3.7,20.0,Low,27.0,Fog,1.02,37.2,37.94,cash ,Cancelled by Driver,
RPD102278,CUST1388,DRV416,Hyderabad,Gachibowli,Kukatpally,21-Jun-2026 10:48 AM,auto,4.04,14.2,Low,25.0,Fog,1.04,51.36,53.41,Wallet,Cancelled by Driver,
RPD101048,CUST1918,DRV441,Bengaluru,MG Road,Koramangala,17/06/2026 02:50,cab economy,3.04,9.7,Medium,20.0,Fog,1.18,51.48,60.75,wallet,COMPLETED,3.3
RPD104941,CUST1825,,Bengaluru,Indiranagar,Electronic City,09-Jul-2026 07:05 AM,,6.26,3.5,Low,11.0,Fog,1.0,90.12,90.12,,Cancelled by Customer,
RPD102335,CUST3170,DRV761,mumbai,Andheri,Colaba,13/06/2026 15:56,BIKE,0.51,7.7,Medium,17.0,Cloudy,1.12,18.06,20.23,UPI,Cancelled by Driver,
RPD104932,CUST1102,DRV526,mumbai,Powai,Dadar,01-Jun-2026 10:37 AM,BIKE,36.92,11.9,Very High,13.0,Heavy Rain,1.96,236.52,463.58,cash ,COMPLETED,4.3
RPD101978,CUST3790,DRV443,BANGALORE,Whitefield,Whitefield,10/07/2026 15:06,cab economy,1.37,11.1,Low,20.0,Fog,1.0,31.44,31.44,Card,Completed,3.7
RPD104200,CUST3576,DRV699,hyderabad ,Madhapur,Madhapur,2026-06-16 07:12:00,Auto,1.16,19.0,Low,16.0,Heavy Rain,1.0,25.44,25.44,Wallet,Ongoing,
RPD100811,CUST1144,DRV677,BANGALORE,MG Road,Whitefield,24-Jun-2026 01:09 AM,Bike,999.0,16.8,Low,21.0,Fog,1.0,6009.0,6009.0,upi,completed,4.7
RPD104443,CUST2704,DRV795,Bengaluru,HSR Layout,Whitefield,2026-07-03 01:23:00,Bike,4.96,19.3,Very High,21.0,Rain,1.9,44.76,85.04,cash ,Completed,4.4
RPD102480,CUST2113,DRV543,Bangalore,Koramangala,Koramangala,15/06/2026 08:55,,2.91,5.0,High,0.0,Clear,1.4,49.92,69.89,Wallet,Cancelled by Driver,
RPD104980,CUST3547,DRV414,Bangalore,Indiranagar,Jayanagar,2026-06-10 17:39:00,Cab Economy,4.21,8.3,Low,19.0,Rain,1.01,65.52,66.18,wallet,Completed,4.8
RPD104307,CUST2668,DRV611,hyderabad ,Kukatpally,Kukatpally,2026-07-11 16:06:00,Auto,2.61,12.4,Low,27.0,,1.0,38.49,38.49,wallet,Ongoing,
RPD101214,CUST1379,DRV364,bangalore,HSR Layout,Koramangala,2026-07-03 10:31:00,Cab Economy,2.93,20.0,Low,22.0,Clear,1.04,50.16,52.17,,Ongoing,
RPD101369,CUST1300,DRV671,hyderabad ,Banjara Hills,Hitech City,01-Jul-2026 10:15 PM,Cab Economy,1.88,9.2,Medium,10.0,Clear,1.14,37.56,42.82,Wallet,Completed,5.0
RPD102669,CUST3590,DRV407,Mumbai,Dadar,Colaba,2026-06-23 07:37:00,,4.72,32.8,Low,16.0,,1.05,71.64,75.22,wallet,Completed,3.9
RPD103592,CUST3736,DRV205,Pune,Camp,Viman Nagar,2026-06-08 14:09:00,cab economy,0.5,27.0,Very High,24.0,Heavy Rain,1.9,21.0,39.9,Wallet,COMPLETED,3.9
RPD101521,CUST2728,DRV435,Bengaluru,Indiranagar,HSR Layout,2026-06-05 15:55:00,,2.91,38.1,Very High,14.0,Rain,1.85,49.92,92.35,,Cancelled by Driver,
RPD104764,CUST3336,,BANGALORE,Whitefield,Electronic City,2026-06-20 15:49:00,,2.75,10.7,Very High,21.0,Heavy Rain,1.91,48.0,91.68,UPI,Cancelled by Customer,
RPD100937,CUST3401,DRV304,Bangalore,Whitefield,Jayanagar,15/07/2026 17:26,bike,-9.83,22.0,Medium,20.0,,1.12,15.6,17.47,wallet,Cancelled by Driver,
RPD101206,CUST2199,,Bangalore,Koramangala,Indiranagar,03/06/2026 21:22,Cab Economy,7.47,35.1,Low,24.0,,1.0,104.64,104.64,upi,Cancelled by Customer,
RPD101203,CUST1571,DRV569,hyderabad ,Hitech City,Banjara Hills,19-Jun-2026 10:00 AM,Cab Premium,1.07,29.9,Medium,6.0,Clear,1.12,34.26,38.37,UPI,Completed,4.3
RPD103143,CUST2442,DRV733,Pune,Baner,Camp,06-Jul-2026 11:18 AM,Cab Premium,7.31,27.2,Very High,23.0,Rain,1.85,146.58,271.17,UPI,Ongoing,
RPD103218,CUST3138,DRV600,Hyderabad,Hitech City,Kukatpally,15/07/2026 03:24,Cab Premium,1.76,13.3,Low,19.0,Heavy Rain,1.0,46.68,46.68,Cash,Completed,4.6
RPD103855,CUST3454,DRV744,hyderabad ,Gachibowli,Kukatpally,11-Jul-2026 10:02 PM,,3.35,31.4,Low,20.0,Fog,1.06,55.2,58.51,Cash,COMPLETED,4.6
RPD100131,CUST3148,DRV426,Pune,Viman Nagar,Viman Nagar,04-Jun-2026 05:37 PM,Cab Premium,1.63,32.8,Medium,23.0,Fog,1.21,44.34,53.65,wallet,COMPLETED,5.0
RPD100522,CUST1410,DRV103,Hyderabad,Kukatpally,Banjara Hills,2026-07-09 13:21:00,Auto,4.6,5.4,Low,26.0,Heavy Rain,1.03,56.4,58.09,,Cancelled by Driver,
RPD100956,CUST3642,DRV785,hyderabad ,Gachibowli,Kukatpally,16/07/2026 06:33,bike,6.54,9.2,Low,22.0,Rain,1.0,54.24,54.24,Card,Ongoing,
RPD100914,CUST1978,,Bengaluru,HSR Layout,Whitefield,2026-06-20 20:54:00,auto,4.79,19.2,Very High,4.0,Cloudy,2.0,58.11,116.22,wallet,Cancelled by Customer,
RPD100860,CUST2038,DRV563,BANGALORE,Koramangala,MG Road,2026-06-20 07:48:00,bike,1.12,18.8,Very High,30.0,Rain,1.79,21.72,38.88,upi,COMPLETED,4.3
RPD102034,CUST1728,DRV185,bangalore,Koramangala,Koramangala,23-Jun-2026 11:54 PM,cab economy,2.82,12.5,Low,24.0,Clear,1.04,48.84,Rs. 50.79,upi,Completed,4.8
RPD101652,CUST1894,DRV257,BANGALORE,Whitefield,Jayanagar,13/07/2026 21:34,BIKE,7.14,19.0,Low,25.0,,1.07,57.84,Rs. 61.89,cash ,Ongoing,
RPD101316,CUST2808,DRV596,bangalore,Whitefield,MG Road,2026-06-15 10:22:00,BIKE,1.53,20.4,Medium,10.0,Clear,1.22,24.18,29.5,,Completed,5.0
RPD102400,CUST1423,DRV590,hyderabad ,Kukatpally,Hitech City,12-Jun-2026 03:55 PM,,5.55,16.4,Very High,23.0,Rain,1.83,81.6,149.33,cash ,Completed,4.6
RPD102960,CUST1518,DRV346,mumbai,Andheri,Andheri,2026-06-06 09:28:00,BIKE,1.89,22.6,Very High,1.0,Fog,1.94,26.34,51.1,,Cancelled by Driver,
RPD102176,CUST3071,,Bengaluru,Electronic City,Koramangala,05-Jul-2026 02:34 PM,cab economy,6.92,18.3,Medium,14.0,Cloudy,1.14,98.04,111.77,Cash,Cancelled by Customer,
RPD101810,CUST2706,DRV781,hyderabad ,Banjara Hills,Madhapur,04/06/2026 14:51,Cab Economy,1.05,7.7,Medium,33.0,Fog,1.16,27.6,32.02,upi,COMPLETED,4.3
RPD102333,CUST3386,DRV659,mumbai,Dadar,Andheri,24-Jun-2026 05:39 AM,cab economy,1.5,27.2,Very High,20.0,Heavy Rain,1.84,33.0,60.72,wallet,Ongoing,
RPD104268,CUST1580,DRV236,mumbai,Andheri,Borivali,2026-07-14 10:10:00,cab economy,5.34,28.9,Very High,22.0,Rain,1.92,79.08,151.83,cash ,COMPLETED,4.4
RPD103027,CUST3595,DRV675,hyderabad ,Hitech City,Madhapur,03/07/2026 07:21,,6.45,8.2,Medium,28.0,,1.14,92.4,105.34,,Cancelled by Driver,
RPD100624,CUST1315,DRV274,Mumbai,Borivali,Bandra,2026-06-11 10:43:00,BIKE,6.82,9.2,Medium,11.0,Clear,1.14,55.92,63.75,UPI,Cancelled by Driver,
RPD100689,CUST2665,DRV105,bangalore,Indiranagar,HSR Layout,10/07/2026 15:33,cab economy,6.14,10.4,Very High,22.0,Heavy Rain,1.98,88.68,175.59,Card,COMPLETED,4.3
RPD104505,CUST3499,DRV127,hyderabad ,Kukatpally,Banjara Hills,2026-06-22 19:35:00,bike,4.36,17.4,High,15.0,Cloudy,1.31,41.16,53.92,Wallet,Completed,4.0
RPD101367,CUST2766,,Bengaluru,Indiranagar,HSR Layout,03/06/2026 06:19,auto,7.71,8.7,Low,23.0,Heavy Rain,1.0,84.39,84.39,UPI,Cancelled by Customer,
RPD103198,CUST1346,DRV111,hyderabad ,Banjara Hills,Madhapur,2026-06-21 22:09:00,BIKE,6.85,22.6,Medium,17.0,Rain,1.16,56.1,65.08,wallet,Cancelled by Driver,
RPD103044,CUST1799,DRV729,Bengaluru,Koramangala,Jayanagar,2026-07-04 13:28:00,auto,10.2,16.8,Very High,20.0,Heavy Rain,1.92,106.8,205.06,UPI,Completed,5.0
RPD104465,CUST3524,DRV446,Mumbai,Dadar,Colaba,2026-06-04 00:08:00,Cab Premium,-1.71,11.9,Very High,15.0,Heavy Rain,1.84,16.8,30.91,wallet,COMPLETED,4.7
RPD103992,CUST3436,,hyderabad ,Gachibowli,Gachibowli,04-Jun-2026 12:29 AM,Cab Premium,3.21,10.0,Low,12.0,Heavy Rain,1.0,72.78,Rs. 72.78,Cash,Cancelled by Customer,
RPD100611,CUST3933,DRV722,mumbai,Bandra,Powai,08/06/2026 00:20,Cab Economy,1.7,18.5,Very High,15.0,Rain,1.91,35.4,67.61,upi,Completed,4.4
RPD102507,CUST3156,DRV546,Hyderabad,Gachibowli,Kukatpally,06-Jul-2026 10:29 PM,,3.7,24.9,Low,24.0,,1.0,59.4,59.4,,Completed,5.0
RPD104522,CUST1596,DRV428,Mumbai,Andheri,Borivali,2026-07-04 09:40:00,Auto,3.27,17.7,Very High,0.0,Fog,1.96,44.43,87.08,Cash,completed,5.0
RPD103465,CUST1338,DRV573,Pune,Viman Nagar,Camp,12/07/2026 15:09,Auto,12.58,20.3,Low,27.0,Fog,1.03,128.22,132.07,Wallet,Cancelled by Driver,
RPD100463,CUST3400,DRV342,Bangalore,Electronic City,Whitefield,2026-06-12 00:45:00,Cab Premium,1.19,11.8,Very High,25.0,Heavy Rain,1.93,36.42,70.29,,completed,3.8
RPD101574,CUST1966,DRV277,BANGALORE,Koramangala,Koramangala,2026-06-21 03:15:00,auto,2.14,15.3,Very High,16.0,Rain,1.87,34.26,64.07,UPI,Cancelled by Driver,
RPD100793,CUST1734,DRV285,Bangalore,Electronic City,Koramangala,2026-07-16 11:37:00,,9.19,15.4,Medium,15.0,Cloudy,1.1,125.28,137.81,UPI,Ongoing,
RPD102553,CUST1748,DRV202,hyderabad ,Madhapur,Hitech City,2026-06-18 17:15:00,,1.43,15.8,Low,20.0,Cloudy,1.01,32.16,32.48,cash ,completed,3.6
RPD100309,CUST3560,DRV409,Bengaluru,Electronic City,HSR Layout,2026-07-06 22:01:00,cab economy,11.22,17.2,Medium,24.0,Cloudy,1.18,149.64,Rs. 176.58,cash ,Cancelled by Driver,
RPD102122,CUST2406,,Bangalore,Koramangala,Indiranagar,2026-06-25 00:31:00,auto,2.16,17.9,Low,21.0,,1.02,34.44,35.13,cash ,Cancelled by Customer,
RPD102412,CUST2430,DRV324,Pune,Camp,Hinjewadi,2026-07-14 05:35:00,Cab Economy,5.74,37.3,Low,21.0,Heavy Rain,1.01,83.88,84.72,wallet,Completed,3.6
RPD100580,CUST1044,DRV505,Hyderabad,Gachibowli,Madhapur,2026-07-15 09:30:00,Bike,4.58,5.8,Very High,19.0,Heavy Rain,1.86,42.48,79.01,wallet,completed,3.5
RPD100106,CUST2414,DRV508,Bengaluru,Jayanagar,Jayanagar,2026-07-14 12:19:00,Cab Premium,0.5,31.6,Low,16.0,Cloudy,1.02,24.0,24.48,Cash,COMPLETED,4.5
RPD101706,CUST2039,DRV643,mumbai,Dadar,Colaba,2026-06-26 10:49:00,Cab Economy,2.86,22.7,Very High,20.0,Rain,1.98,49.32,97.65,Wallet,Cancelled by Driver,
RPD101000,CUST2498,DRV126,BANGALORE,HSR Layout,Electronic City,2026-06-15 22:14:00,bike,1.65,54.3,Low,15.0,Rain,1.0,24.9,24.9,,Cancelled by Driver,
RPD103181,CUST3463,DRV511,bangalore,Jayanagar,Whitefield,2026-06-07 09:00:00,bike,3.56,6.6,Very High,0.0,,1.88,36.36,68.36,cash ,COMPLETED,5.0
RPD102556,CUST3738,,Bangalore,Whitefield,Koramangala,22/06/2026 10:31,cab economy,4.86,60.7,Low,23.0,Rain,1.01,73.32,74.05,Wallet,Cancelled by Customer,
RPD101012,CUST2931,DRV513,Mumbai,Colaba,Andheri,2026-06-04 12:47:00,auto,12.25,11.6,Low,19.0,Cloudy,1.0,125.25,125.25,upi,Completed,4.0
RPD103618,CUST2742,DRV583,hyderabad ,Hitech City,Madhapur,2026-06-20 22:54:00,cab economy,2.66,20.7,Very High,28.0,Heavy Rain,1.89,46.92,Rs. 88.68,cash ,Ongoing,
RPD102995,CUST1982,,Bengaluru,Koramangala,Whitefield,2026-06-16 05:17:00,cab economy,999.0,3.0,Medium,16.0,Clear,1.03,12003.0,12363.09,cash ,Cancelled by Customer,
RPD103285,CUST2309,,Pune,Kothrud,Hinjewadi,17-Jun-2026 06:55 PM,Cab Premium,4.33,9.8,High,0.0,Fog,1.44,92.94,133.83,wallet,Cancelled by Customer,
RPD101035,CUST3314,DRV545,Bangalore,HSR Layout,MG Road,15-Jun-2026 10:05 AM,,6.2,5.3,Very High,20.0,Heavy Rain,1.81,89.4,161.81,Cash,completed,
RPD104870,CUST2032,,BANGALORE,Electronic City,Koramangala,26-Jun-2026 03:43 AM,auto,4.16,14.3,Low,12.0,Fog,1.02,52.44,53.49,,Cancelled by Customer,
RPD103458,CUST1535,DRV555,Mumbai,Andheri,Dadar,18/06/2026 17:46,,5.04,9.3,Low,17.0,Rain,1.05,75.48,79.25,wallet,completed,4.4
RPD101337,CUST2929,DRV223,Pune,Hinjewadi,Viman Nagar,2026-06-03 07:45:00,,6.69,22.9,Very High,14.0,Rain,1.88,95.28,179.13,Cash,Completed,4.7
RPD102038,CUST3212,DRV388,mumbai,Borivali,Bandra,15-Jun-2026 01:12 PM,Cab Economy,-6.39,15.5,Medium,23.0,,1.13,16.2,18.31,upi,Completed,4.9
RPD103946,CUST1646,DRV758,Mumbai,Powai,Borivali,10/07/2026 03:38,Auto,10.25,17.2,Low,23.0,Fog,1.0,107.25,107.25,cash ,completed,4.0
RPD102382,CUST2591,DRV438,Hyderabad,Madhapur,Kukatpally,2026-06-17 08:31:00,,2.22,12.9,High,3.0,Cloudy,1.4,41.64,58.3,cash ,Cancelled by Driver,
RPD103490,CUST1793,DRV269,BANGALORE,Jayanagar,Indiranagar,2026-06-30 07:21:00,BIKE,1.1,9.8,Low,26.0,Heavy Rain,1.0,21.6,21.6,Cash,COMPLETED,4.7
RPD102860,CUST1173,,hyderabad ,Gachibowli,Gachibowli,20-Jun-2026 02:36 PM,cab economy,4.28,26.9,Medium,21.0,Cloudy,1.19,66.36,78.97,,Cancelled by Customer,
RPD102237,CUST1691,,Mumbai,Borivali,Bandra,30-Jun-2026 10:56 PM,BIKE,4.52,29.3,Low,15.0,Fog,1.04,42.12,43.8,Wallet,Cancelled by Customer,
RPD103796,CUST2679,DRV612,Pune,Camp,Camp,09/06/2026 12:23,BIKE,3.69,19.7,Medium,19.0,Cloudy,1.19,37.14,44.2,Wallet,COMPLETED,4.2
RPD102096,CUST3900,DRV707,Bangalore,MG Road,Whitefield,2026-06-23 21:41:00,Cab Economy,2.48,19.2,Very High,8.0,Heavy Rain,1.84,44.76,82.36,wallet,Ongoing,
RPD100871,CUST2616,DRV128,bangalore,HSR Layout,Electronic City,2026-06-05 18:10:00,Cab Economy,4.7,33.5,High,8.0,Rain,1.49,71.4,106.39,cash ,Cancelled by Driver,
RPD104961,CUST2555,DRV611,Bangalore,HSR Layout,Indiranagar,21-Jun-2026 06:26 AM,,4.24,12.2,Low,22.0,Clear,1.03,65.88,67.86,,Ongoing,
RPD103050,CUST3452,DRV525,hyderabad ,Madhapur,Gachibowli,2026-06-14 04:15:00,Auto,3.27,7.1,Very High,25.0,Heavy Rain,1.99,44.43,88.42,Wallet,Ongoing,
RPD104956,CUST3946,DRV477,Mumbai,Andheri,Bandra,11-Jun-2026 03:16 PM,Bike,5.21,5.8,Low,20.0,,1.0,46.26,46.26,Wallet,Ongoing,
RPD103763,CUST2544,DRV282,Bengaluru,Jayanagar,Jayanagar,05-Jun-2026 11:57 PM,Cab Premium,5.56,10.5,Low,15.0,Cloudy,1.02,115.08,117.38,upi,completed,4.4
RPD103356,CUST3404,DRV524,BANGALORE,Jayanagar,MG Road,2026-07-06 14:21:00,,5.46,38.0,Very High,24.0,Rain,1.9,80.52,152.99,Card,COMPLETED,3.9
RPD103955,CUST1043,DRV494,Bangalore,Whitefield,Koramangala,2026-07-15 10:50:00,Cab Premium,4.67,12.7,Low,10.0,Clear,1.0,99.06,99.06,upi,completed,4.9
RPD100977,CUST1779,DRV641,Pune,Viman Nagar,Hinjewadi,2026-07-06 12:36:00,Auto,2.7,8.9,Low,13.0,Clear,1.0,39.3,39.3,Wallet,COMPLETED,5.0
RPD102968,CUST2541,DRV730,Bengaluru,Koramangala,HSR Layout,2026-07-11 11:39:00,Bike,2.71,12.4,Low,33.0,,1.09,31.26,34.07,cash ,completed,4.6
RPD101708,CUST1172,DRV334,Hyderabad,Kukatpally,Banjara Hills,09-Jun-2026 11:21 AM,Cab Premium,5.1,20.4,Low,21.0,Fog,1.0,106.8,106.8,Cash,Completed,3.9
RPD103781,CUST3100,DRV629,mumbai,Bandra,Powai,03/06/2026 11:23,Cab Economy,1.35,15.0,Medium,18.0,Fog,1.19,31.2,37.13,Wallet,Ongoing,
RPD101819,CUST2544,DRV776,Hyderabad,Kukatpally,Gachibowli,2026-07-07 23:38:00,Bike,2.78,8.4,Low,21.0,Fog,1.0,31.68,31.68,Cash,Ongoing,
RPD102911,CUST2848,,Bangalore,HSR Layout,Indiranagar,25/06/2026 10:10,bike,8.33,34.3,Low,15.0,,1.0,64.98,64.98,cash ,Cancelled by Customer,
RPD101174,CUST1631,,mumbai,Powai,Dadar,07-Jun-2026 07:50 PM,auto,5.5,29.9,Very High,0.0,Clear,1.84,64.5,118.68,,Cancelled by Customer,
RPD101341,CUST3521,DRV182,Bangalore,HSR Layout,HSR Layout,2026-06-14 05:53:00,Bike,1.89,15.4,Low,19.0,Cloudy,1.02,26.34,26.87,Cash,Ongoing,
RPD103806,CUST3377,DRV324,Bengaluru,HSR Layout,HSR Layout,2026-06-29 07:05:00,Cab Economy,3.32,8.9,Low,24.0,,1.0,54.84,54.84,cash ,Cancelled by Driver,
RPD103740,CUST2414,DRV125,Bengaluru,Jayanagar,Whitefield,2026-06-13 00:58:00,,8.72,14.1,Low,16.0,,1.0,119.64,119.64,Cash,Cancelled by Driver,
RPD103554,CUST3952,DRV649,mumbai,Colaba,Powai,2026-07-10 05:16:00,Auto,8.98,13.4,Low,17.0,Clear,1.0,95.82,95.82,UPI,Cancelled by Driver,
RPD101510,CUST3128,DRV398,BANGALORE,Indiranagar,Jayanagar,2026-06-13 09:57:00,Bike,1.57,3.3,Very High,5.0,Heavy Rain,1.97,24.42,48.11,UPI,completed,4.3
RPD101930,CUST2648,DRV365,hyderabad ,Kukatpally,Hitech City,2026-06-01 16:34:00,auto,5.05,9.6,Low,28.0,Cloudy,1.0,60.45,60.45,,Completed,4.8
RPD100206,CUST3329,DRV129,Bengaluru,HSR Layout,Indiranagar,27-Jun-2026 11:31 PM,,9.8,9.4,Very High,13.0,Rain,1.93,132.6,255.92,Cash,Ongoing,
RPD104206,CUST1326,DRV695,Bengaluru,Jayanagar,MG Road,03/07/2026 16:27,Cab Premium,7.63,5.9,Low,24.0,Cloudy,1.0,152.34,152.34,Wallet,Cancelled by Driver,
RPD100354,CUST1663,DRV175,bangalore,MG Road,Indiranagar,17/06/2026 09:29,auto,4.92,19.3,Very High,18.0,Cloudy,1.97,59.28,116.78,Card,Cancelled by Driver,
RPD103083,CUST3866,,Mumbai,Dadar,Andheri,16-Jul-2026 03:19 PM,,17.29,14.1,Low,17.0,Cloudy,1.0,222.48,222.48,Wallet,Cancelled by Customer,
RPD104593,CUST1217,DRV800,Hyderabad,Banjara Hills,Madhapur,2026-06-25 01:11:00,,5.89,20.6,Low,18.0,Clear,1.0,85.68,85.68,,Ongoing,
RPD100732,CUST2321,DRV235,mumbai,Andheri,Borivali,09/07/2026 20:24,BIKE,7.79,18.4,High,21.0,Cloudy,1.37,61.74,84.58,Card,COMPLETED,5.0
RPD101446,CUST2875,DRV638,Bengaluru,Indiranagar,Koramangala,2026-06-17 11:17:00,cab economy,5.33,40.5,Very High,29.0,Heavy Rain,1.87,78.96,147.66,,COMPLETED,5.0
RPD100703,CUST1813,DRV617,hyderabad ,Hitech City,Kukatpally,2026-06-27 21:42:00,BIKE,11.55,18.6,Low,24.0,,1.0,84.3,84.3,wallet,Ongoing,
RPD102727,CUST1717,DRV497,Bengaluru,Electronic City,Indiranagar,2026-06-22 02:06:00,Auto,4.71,15.6,Medium,28.0,Clear,1.16,57.39,66.57,cash ,Completed,4.8
RPD104687,CUST1605,DRV386,hyderabad ,Hitech City,Madhapur,13/07/2026 14:13,auto,5.88,8.5,Low,20.0,Fog,1.0,67.92,67.92,Cash,Cancelled by Driver,
RPD102663,CUST1028,DRV412,hyderabad ,Kukatpally,Gachibowli,2026-06-28 06:05:00,bike,7.74,67.0,Very High,20.0,Rain,1.88,61.44,115.51,Wallet,Ongoing,
RPD100161,CUST2436,DRV645,mumbai,Andheri,Dadar,08-Jun-2026 07:13 AM,Cab Premium,4.45,14.2,Low,15.0,Rain,1.0,95.1,95.1,Card,Ongoing,
RPD104757,CUST1468,DRV184,Mumbai,Powai,Colaba,2026-06-30 11:42:00,cab economy,7.09,13.0,Very High,7.0,Rain,1.88,100.08,188.15,UPI,Ongoing,
RPD103667,CUST1102,DRV489,bangalore,HSR Layout,Whitefield,10/07/2026 03:45,auto,0.68,36.8,Very High,20.0,Heavy Rain,1.93,21.12,40.76,wallet,completed,5.0
RPD103201,CUST1614,DRV327,mumbai,Borivali,Andheri,15/07/2026 21:08,cab economy,5.64,6.9,Very High,11.0,Rain,1.79,82.68,148.0,cash ,Ongoing,
RPD103544,CUST3296,DRV584,BANGALORE,Whitefield,Koramangala,2026-07-12 21:03:00,Cab Economy,6.07,4.8,Medium,27.0,Fog,1.22,87.84,107.16,Card,Completed,3.6
RPD103186,CUST3650,DRV341,bangalore,HSR Layout,Whitefield,2026-07-12 06:15:00,Cab Economy,10.79,7.9,Very High,20.0,Rain,1.93,144.48,Rs. 278.85,,Cancelled by Driver,
RPD101386,CUST1384,DRV423,BANGALORE,Indiranagar,Whitefield,2026-06-05 11:32:00,Bike,10.42,26.8,Low,19.0,Clear,1.0,77.52,77.52,wallet,Completed,3.3
RPD104372,CUST1892,DRV654,Mumbai,Bandra,Andheri,2026-06-23 16:09:00,Cab Economy,7.32,14.0,Low,23.0,,1.0,102.84,102.84,Cash,Cancelled by Driver,
RPD100502,CUST2466,,BANGALORE,Indiranagar,Jayanagar,2026-06-02 19:06:00,BIKE,3.67,6.8,High,7.0,Clear,1.37,37.02,Rs. 50.72,Cash,Cancelled by Customer,
RPD104412,CUST1653,DRV433,Bangalore,HSR Layout,HSR Layout,2026-06-04 23:22:00,cab economy,4.49,23.8,Very High,28.0,Rain,1.97,68.88,135.69,Cash,Completed,5.0
RPD102972,CUST1106,DRV313,BANGALORE,Indiranagar,Koramangala,2026-07-12 14:29:00,auto,2.78,22.9,Low,21.0,,1.0,40.02,40.02,Cash,completed,4.6
RPD102105,CUST1047,DRV600,bangalore,MG Road,MG Road,2026-06-10 06:07:00,bike,7.5,21.8,Low,29.0,Clear,1.04,60.0,62.4,upi,completed,
RPD104021,CUST2855,DRV420,Bangalore,Jayanagar,HSR Layout,02-Jun-2026 07:39 PM,,5.97,18.1,Very High,5.0,Cloudy,1.86,86.64,161.15,wallet,Ongoing,
RPD102234,CUST2021,DRV293,Mumbai,Bandra,Powai,2026-06-08 03:57:00,Cab Economy,1.31,18.8,Very High,19.0,Heavy Rain,1.99,30.72,61.13,upi,completed,4.6
RPD104231,CUST1821,DRV324,Hyderabad,Banjara Hills,Banjara Hills,22/06/2026 22:08,cab economy,2.68,31.1,Medium,22.0,Clear,1.15,47.16,54.23,wallet,Completed,5.0
RPD103446,CUST2201,DRV425,bangalore,Electronic City,Electronic City,2026-07-03 17:28:00,BIKE,4.21,37.0,Medium,15.0,Clear,1.19,40.26,47.91,,Cancelled by Driver,
RPD102666,CUST3019,DRV417,Bangalore,Indiranagar,Koramangala,2026-06-13 12:31:00,,4.56,21.2,Very High,19.0,Heavy Rain,1.91,69.72,133.17,UPI,Completed,5.0
RPD101008,CUST2299,DRV170,BANGALORE,Jayanagar,Whitefield,24/06/2026 20:14,Auto,14.44,18.9,Very High,5.0,Rain,1.91,144.96,276.87,cash ,Cancelled by Driver,
RPD104093,CUST1339,,mumbai,Borivali,Bandra,2026-07-02 14:44:00,cab economy,11.75,14.0,Low,14.0,Heavy Rain,1.0,156.0,156.0,cash ,Cancelled by Customer,
RPD104838,CUST3591,DRV172,Mumbai,Borivali,Powai,2026-07-02 12:53:00,cab economy,13.12,9.1,Medium,22.0,Fog,1.15,172.44,198.31,upi,Ongoing,
RPD103280,CUST1358,DRV350,hyderabad ,Gachibowli,Gachibowli,02/07/2026 01:42,,5.34,52.7,Low,11.0,,1.0,79.08,79.08,Wallet,Ongoing,
RPD102172,CUST1753,DRV230,Pune,Hinjewadi,Hinjewadi,2026-07-11 07:45:00,Cab Premium,6.82,5.6,Low,20.0,,1.03,137.76,141.89,Wallet,Completed,3.8
RPD101891,CUST1348,DRV516,hyderabad ,Gachibowli,Madhapur,24-Jun-2026 09:50 PM,cab economy,4.93,28.8,Low,22.0,Clear,1.03,74.16,76.38,Wallet,COMPLETED,4.8
RPD101288,CUST3516,DRV437,Bengaluru,Koramangala,Indiranagar,2026-06-07 11:58:00,,9.66,21.1,Medium,38.0,Cloudy,1.21,130.92,158.41,cash ,completed,4.4
RPD100369,CUST2878,,BANGALORE,HSR Layout,Whitefield,2026-06-09 14:46:00,Cab Economy,6.47,5.7,Very High,26.0,Rain,2.0,92.64,185.28,wallet,Cancelled by Customer,
RPD103217,CUST2593,DRV499,Pune,Camp,Camp,2026-06-15 07:17:00,Cab Economy,9.67,10.7,Low,23.0,Clear,1.11,131.04,145.45,upi,Completed,4.3
RPD103340,CUST2161,DRV731,bangalore,Whitefield,Whitefield,16/06/2026 12:37,Auto,5.36,5.1,Very High,33.0,Heavy Rain,1.91,63.24,120.79,Card,Completed,3.3
RPD101319,CUST3159,DRV643,mumbai,Colaba,Andheri,11/06/2026 10:29,auto,3.29,23.8,Low,17.0,Clear,1.0,44.61,44.61,cash ,Cancelled by Driver,
RPD100494,CUST1727,DRV132,Pune,Kothrud,Baner,2026-06-05 17:24:00,cab economy,4.86,9.7,Low,33.0,,1.0,73.32,73.32,,Ongoing,
RPD101964,CUST2798,DRV114,Bengaluru,Electronic City,Indiranagar,02-Jul-2026 09:37 AM,bike,14.89,26.5,Very High,12.0,Rain,1.87,104.34,195.12,Card,Completed,5.0
RPD104248,CUST1825,DRV349,Mumbai,Andheri,Borivali,2026-07-01 13:46:00,bike,5.87,20.4,Low,13.0,Fog,1.0,50.22,50.22,cash ,Cancelled by Driver,
RPD104773,CUST1353,DRV287,hyderabad ,Madhapur,Kukatpally,2026-07-03 09:37:00,Auto,8.7,33.7,Very High,0.0,Heavy Rain,1.98,93.3,184.73,Cash,Ongoing,
RPD100334,CUST2907,DRV681,Pune,Baner,Kothrud,16/07/2026 19:57,Cab Economy,2.18,18.3,Very High,11.0,Heavy Rain,1.93,41.16,79.44,Cash,Completed,3.6
RPD101476,CUST2772,DRV562,hyderabad ,Madhapur,Banjara Hills,2026-06-28 12:38:00,Auto,14.05,22.1,Low,16.0,Clear,1.15,141.45,162.67,Wallet,COMPLETED,3.7
RPD100680,CUST3461,,Bengaluru,MG Road,HSR Layout,08-Jun-2026 05:29 AM,Cab Premium,8.79,23.8,Low,12.0,,1.0,173.22,173.22,wallet,Cancelled by Customer,
RPD102837,CUST1736,DRV686,Bangalore,Electronic City,Jayanagar,2026-06-04 16:21:00,auto,5.25,23.4,Low,13.0,Cloudy,1.08,62.25,67.23,UPI,completed,5.0
RPD101139,CUST2008,,Pune,Camp,Viman Nagar,23/06/2026 22:09,Bike,4.11,11.3,Low,18.0,Fog,1.0,39.66,39.66,Wallet,Cancelled by Customer,
RPD101222,CUST3008,DRV436,Mumbai,Dadar,Powai,03/07/2026 16:19,cab economy,14.99,7.1,Low,12.0,Fog,1.04,194.88,202.68,Wallet,Cancelled by Driver,
RPD103908,CUST3767,DRV151,hyderabad ,Gachibowli,Madhapur,2026-07-10 14:49:00,Bike,3.25,30.8,Medium,13.0,Rain,1.07,34.5,36.91,,completed,3.8
RPD102899,CUST1304,,Bangalore,MG Road,Whitefield,2026-06-10 04:44:00,BIKE,11.31,15.3,Low,17.0,Rain,1.0,82.86,82.86,wallet,Cancelled by Customer,
RPD100381,CUST2836,DRV652,BANGALORE,Indiranagar,Koramangala,2026-06-03 10:36:00,,6.57,24.5,Low,28.0,,1.03,93.84,96.66,Cash,Cancelled by Driver,
RPD104203,CUST1036,DRV303,Mumbai,Borivali,Powai,2026-06-29 13:13:00,Auto,3.3,16.0,Low,10.0,Fog,1.01,44.7,45.15,,Completed,5.0
RPD104545,CUST1242,DRV723,Bangalore,MG Road,Jayanagar,2026-07-15 14:40:00,auto,9.73,25.8,Low,20.0,,1.01,102.57,103.6,Card,Completed,4.4
RPD100068,CUST3698,DRV633,Bangalore,Indiranagar,Whitefield,2026-06-04 04:47:00,cab economy,1.18,9.4,Very High,18.0,Heavy Rain,1.89,29.16,55.11,Card,Completed,4.5
RPD103382,CUST2535,DRV427,Bangalore,Indiranagar,MG Road,2026-06-06 08:32:00,auto,1.42,9.0,Very High,1.0,Heavy Rain,1.9,27.78,52.78,cash ,Cancelled by Driver,
RPD103810,CUST1116,DRV469,BANGALORE,Jayanagar,Whitefield,2026-06-18 18:25:00,Bike,5.46,6.6,Very High,12.0,Rain,1.89,47.76,90.27,,completed,4.1
RPD101883,CUST1963,DRV538,hyderabad ,Banjara Hills,Banjara Hills,2026-06-23 10:55:00,Cab Premium,2.51,37.3,Low,17.0,Clear,1.06,60.18,63.79,,completed,4.3
RPD100478,CUST3968,,Hyderabad,Madhapur,Banjara Hills,2026-07-08 06:06:00,Auto,6.5,17.4,Low,36.0,Fog,1.07,73.5,78.65,,Cancelled by Customer,
RPD104989,CUST2519,,hyderabad ,Banjara Hills,Kukatpally,2026-06-13 18:57:00,BIKE,1.87,30.1,Very High,15.0,Rain,1.92,26.22,50.34,,Cancelled by Customer,
RPD104937,CUST1850,DRV454,Bangalore,Electronic City,Whitefield,04-Jul-2026 05:17 AM,Bike,1.55,12.6,Medium,27.0,Rain,1.09,24.3,26.49,Wallet,COMPLETED,5.0
RPD102383,CUST1697,DRV614,Bengaluru,Indiranagar,Whitefield,29/06/2026 14:17,cab economy,4.8,5.2,Low,13.0,Fog,1.0,72.6,72.6,upi,COMPLETED,5.0
RPD101173,CUST3630,,BANGALORE,Indiranagar,MG Road,09-Jun-2026 09:03 AM,Cab Premium,4.04,4.4,Very High,14.0,Heavy Rain,1.87,87.72,164.04,,Cancelled by Customer,
RPD104846,CUST2234,DRV679,hyderabad ,Hitech City,Hitech City,21/06/2026 18:13,auto,17.31,37.2,Very High,4.0,,1.88,170.79,321.09,Cash,completed,4.3
RPD102360,CUST2196,DRV676,Bangalore,Koramangala,Electronic City,2026-06-18 14:13:00,Auto,0.58,19.5,Low,20.0,Fog,1.02,20.22,20.62,,Cancelled by Driver,
RPD103330,CUST3389,DRV738,BANGALORE,MG Road,Koramangala,05-Jul-2026 10:07 AM,,3.91,5.5,Low,29.0,Cloudy,1.01,61.92,62.54,,Ongoing,
RPD100426,CUST3117,DRV420,BANGALORE,Whitefield,Koramangala,2026-06-21 01:08:00,Cab Economy,5.0,14.9,Low,21.0,Cloudy,1.03,75.0,77.25,wallet,Cancelled by Driver,
RPD102256,CUST3729,DRV210,mumbai,Andheri,Bandra,13/06/2026 21:31,auto,1.32,22.4,Medium,10.0,Clear,1.19,26.88,31.99,cash ,COMPLETED,4.3
RPD101334,CUST2848,DRV767,Mumbai,Dadar,Borivali,2026-07-11 13:47:00,,4.85,34.2,Very High,19.0,Heavy Rain,1.85,73.2,135.42,Wallet,Ongoing,
RPD100200,CUST1965,DRV587,bangalore,MG Road,Whitefield,05/07/2026 13:48,,1.65,17.1,Medium,19.0,Cloudy,1.18,34.8,41.06,Card,Ongoing,
RPD102358,CUST3116,DRV544,Pune,Hinjewadi,Baner,16/07/2026 21:45,cab economy,3.69,10.2,Low,18.0,,1.01,59.28,59.87,cash ,Ongoing,
RPD103369,CUST2454,DRV780,hyderabad ,Gachibowli,Gachibowli,11/06/2026 06:41,auto,2.45,25.9,Very High,11.0,Heavy Rain,1.83,37.05,67.8,wallet,Ongoing,
RPD101939,CUST3008,DRV789,bangalore,MG Road,Indiranagar,27/06/2026 23:08,Cab Premium,6.3,33.7,Low,22.0,Fog,1.1,128.4,141.24,upi,Cancelled by Driver,
RPD104526,CUST3641,DRV372,Hyderabad,Kukatpally,Banjara Hills,16/06/2026 06:22,Cab Economy,10.57,25.6,Medium,20.0,,1.11,141.84,157.44,cash ,completed,4.2
RPD100144,CUST2297,DRV469,BANGALORE,MG Road,Electronic City,13-Jul-2026 12:05 PM,bike,2.49,17.3,Medium,18.0,Clear,1.15,29.94,34.43,upi,completed,4.4
RPD104959,CUST3361,DRV517,BANGALORE,Indiranagar,MG Road,2026-06-07 14:49:00,Cab Economy,13.77,13.8,Very High,22.0,Rain,1.89,180.24,340.65,Wallet,completed,4.4
RPD100250,CUST2824,,BANGALORE,Electronic City,Electronic City,2026-06-24 10:27:00,Cab Premium,6.02,19.7,Low,21.0,Heavy Rain,1.03,123.36,127.06,Wallet,Cancelled by Customer,
RPD104009,CUST1872,DRV427,Mumbai,Borivali,Andheri,2026-06-04 15:16:00,auto,11.81,22.6,Very High,22.0,Rain,1.97,121.29,238.94,wallet,COMPLETED,4.5
RPD101455,CUST2013,DRV547,Mumbai,Powai,Colaba,2026-06-29 13:50:00,Cab Premium,2.92,3.4,Very High,13.0,Rain,1.91,67.56,129.04,,Cancelled by Driver,
RPD104065,CUST3707,,Mumbai,Colaba,Borivali,11-Jul-2026 09:36 PM,Auto,0.5,14.9,Low,28.0,Clear,1.06,19.5,20.67,UPI,Cancelled by Customer,
RPD100418,CUST2723,DRV716,Bangalore,Whitefield,Jayanagar,06/06/2026 15:30,Cab Premium,3.52,10.0,Medium,14.0,Clear,1.12,78.36,87.76,Wallet,Cancelled by Driver,
RPD100912,CUST1805,DRV545,hyderabad ,Gachibowli,Gachibowli,10/06/2026 10:43,,4.38,28.0,Low,13.0,Cloudy,1.0,67.56,67.56,UPI,Ongoing,
RPD104655,CUST1214,DRV131,Pune,Hinjewadi,Baner,02/07/2026 00:54,BIKE,7.66,43.1,Very High,12.0,Heavy Rain,1.84,60.96,112.17,Cash,completed,4.4
RPD102597,CUST3216,DRV629,Bangalore,Electronic City,Electronic City,25/06/2026 21:03,bike,6.91,18.6,Very High,25.0,Rain,1.89,56.46,106.71,Card,COMPLETED,4.5
RPD103767,CUST3796,DRV788,BANGALORE,Indiranagar,MG Road,22/06/2026 16:31,Auto,999.0,37.0,Medium,26.0,Clear,1.1,9006.0,9906.6,Wallet,completed,5.0
RPD103568,CUST1581,DRV492,hyderabad ,Madhapur,Hitech City,01-Jul-2026 04:31 PM,Cab Premium,3.35,9.5,Medium,12.0,Rain,1.06,75.3,79.82,,Completed,4.1
RPD102310,CUST1942,DRV727,Pune,Baner,Camp,2026-06-05 14:20:00,Auto,4.38,31.5,Very High,9.0,Heavy Rain,1.96,54.42,106.66,cash ,Ongoing,
RPD102113,CUST1099,DRV579,Bengaluru,Jayanagar,Jayanagar,06/07/2026 11:57,Bike,5.42,5.5,Medium,23.0,Fog,1.12,47.52,53.22,Cash,Cancelled by Driver,
RPD104725,CUST3307,DRV401,hyderabad ,Kukatpally,Banjara Hills,16-Jul-2026 06:13 AM,,2.06,8.3,Medium,8.0,Clear,1.15,39.72,45.68,,Cancelled by Driver,
RPD103533,CUST3138,DRV360,BANGALORE,Jayanagar,Koramangala,19-Jun-2026 03:13 PM,,2.02,12.7,Medium,9.0,Fog,1.19,39.24,46.7,Card,completed,4.9
RPD103177,CUST2648,DRV472,Bengaluru,Koramangala,Koramangala,2026-06-25 05:58:00,Cab Economy,3.48,11.8,Low,15.0,Clear,1.0,56.76,56.76,Card,completed,5.0
RPD102696,CUST1531,DRV410,Pune,Baner,Camp,27-Jun-2026 02:25 AM,Cab Premium,1.34,10.8,Low,20.0,Rain,1.02,39.12,Rs. 39.9,wallet,COMPLETED,4.5
RPD101289,CUST2738,DRV225,Mumbai,Colaba,Andheri,2026-06-06 00:20:00,cab economy,5.92,28.7,Low,18.0,Cloudy,1.03,86.04,88.62,Wallet,Ongoing,
RPD101656,CUST3626,DRV546,Pune,Baner,Viman Nagar,2026-06-08 23:41:00,auto,2.37,24.6,Very High,24.0,Heavy Rain,1.84,36.33,66.85,Card,Cancelled by Driver,
RPD100913,CUST3342,DRV336,Hyderabad,Madhapur,Madhapur,2026-06-19 17:48:00,bike,1.85,12.4,Medium,18.0,Cloudy,1.14,26.1,29.75,Wallet,Ongoing,
RPD104062,CUST3852,DRV315,BANGALORE,Electronic City,Koramangala,23-Jun-2026 04:32 PM,Auto,1.72,9.8,Low,15.0,Cloudy,1.04,30.48,31.7,upi,COMPLETED,4.6
RPD102132,CUST2474,DRV645,Mumbai,Andheri,Dadar,2026-07-16 12:28:00,,10.43,15.5,Medium,20.0,,1.07,140.16,149.97,Wallet,COMPLETED,4.8
RPD100766,CUST2497,DRV728,bangalore,Koramangala,HSR Layout,30-Jun-2026 01:54 PM,Bike,2.99,25.4,Very High,11.0,Heavy Rain,1.88,32.94,61.93,upi,Ongoing,
RPD104318,CUST3748,DRV586,Pune,Baner,Camp,2026-07-09 23:23:00,bike,2.6,4.8,Very High,17.0,Rain,1.86,30.6,56.92,wallet,Cancelled by Driver,
RPD100147,CUST1027,DRV505,BANGALORE,Koramangala,Indiranagar,2026-06-28 08:26:00,Auto,1.85,16.4,Very High,6.0,,1.87,31.65,59.19,Wallet,Completed,4.8
RPD101134,CUST2150,DRV425,Bangalore,Koramangala,Electronic City,2026-07-12 21:46:00,BIKE,2.19,10.5,Low,19.0,Rain,1.01,28.14,28.42,Cash,Ongoing,
RPD102657,CUST1762,DRV343,Pune,Camp,Hinjewadi,2026-07-12 20:47:00,bike,1.76,15.1,Very High,10.0,Fog,1.82,25.56,46.52,wallet,Cancelled by Driver,
RPD100395,CUST1279,DRV201,Bengaluru,Indiranagar,MG Road,2026-06-23 00:05:00,Cab Economy,8.85,17.4,Very High,23.0,Heavy Rain,1.9,121.2,230.28,UPI,Ongoing,
RPD103717,CUST3395,DRV463,Mumbai,Colaba,Dadar,2026-06-22 18:07:00,Cab Economy,2.62,11.8,Very High,9.0,Rain,1.89,46.44,87.77,upi,Completed,4.1
RPD100046,CUST2259,DRV709,Bengaluru,Whitefield,Jayanagar,11-Jul-2026 06:42 PM,Auto,5.17,12.3,Very High,12.0,,1.88,61.53,115.68,Card,Completed,4.7
RPD103270,CUST2568,DRV172,Bangalore,Whitefield,Indiranagar,2026-06-09 23:10:00,Cab Economy,5.99,5.7,Low,23.0,Cloudy,1.04,86.88,90.36,,Completed,4.0
RPD103398,CUST2680,DRV346,Bangalore,HSR Layout,Jayanagar,2026-07-15 05:36:00,Auto,1.58,9.0,Low,11.0,,1.0,29.22,29.22,cash ,Completed,4.7
RPD103976,CUST3641,DRV411,Pune,Kothrud,Camp,23-Jun-2026 03:37 AM,Auto,5.0,24.2,Low,11.0,Fog,1.0,60.0,60.0,upi,COMPLETED,3.9
RPD100322,CUST3707,DRV709,Bangalore,Indiranagar,Jayanagar,03-Jun-2026 09:36 PM,Bike,3.02,26.3,Low,19.0,Clear,1.0,33.12,33.12,Cash,Ongoing,
RPD102160,CUST3824,DRV347,Bangalore,Indiranagar,Whitefield,18-Jun-2026 12:19 AM,Bike,3.9,3.0,Medium,15.0,Cloudy,1.15,38.4,44.16,Cash,COMPLETED,4.3
RPD104824,CUST1462,DRV417,bangalore,MG Road,Electronic City,24/06/2026 21:35,bike,7.59,10.6,Low,27.0,Cloudy,1.09,60.54,65.99,UPI,COMPLETED,3.8
RPD101958,CUST3894,DRV612,hyderabad ,Kukatpally,Gachibowli,2026-06-01 08:28:00,Bike,13.58,7.6,High,6.0,Fog,1.38,96.48,133.14,,Cancelled by Driver,
RPD103574,CUST1735,DRV795,bangalore,Electronic City,Indiranagar,2026-06-24 13:45:00,BIKE,8.5,26.5,Low,24.0,Fog,1.02,66.0,67.32,Card,Completed,3.9
RPD103390,CUST3626,,Pune,Camp,Camp,2026-06-19 21:00:00,Auto,6.32,46.5,Very High,25.0,Rain,1.89,71.88,135.85,upi,Cancelled by Customer,
RPD102428,CUST2379,DRV207,BANGALORE,Indiranagar,MG Road,2026-06-25 11:03:00,BIKE,10.72,10.6,Very High,13.0,Rain,1.84,79.32,145.95,Cash,completed,4.8
RPD104020,CUST2695,DRV531,bangalore,HSR Layout,Indiranagar,2026-07-05 05:54:00,Cab Premium,4.14,16.1,Medium,27.0,Fog,1.07,89.52,95.79,cash ,COMPLETED,3.7
RPD102185,CUST3249,DRV709,Bengaluru,Koramangala,Indiranagar,16-Jun-2026 12:40 PM,Bike,3.54,14.0,Medium,20.0,Fog,1.19,36.24,43.13,wallet,completed,4.1
RPD103547,CUST2028,DRV463,Hyderabad,Madhapur,Kukatpally,2026-07-10 23:54:00,Bike,8.16,18.1,Very High,16.0,Heavy Rain,1.96,63.96,125.36,cash ,COMPLETED,5.0
RPD102702,CUST1258,DRV751,Hyderabad,Kukatpally,Kukatpally,06-Jun-2026 01:55 PM,Cab Economy,2.39,10.3,Low,13.0,Clear,1.0,43.68,43.68,,Completed,4.1
RPD104076,CUST1304,DRV778,Hyderabad,Gachibowli,Kukatpally,11/06/2026 11:53,Auto,1.49,21.7,Low,15.0,Heavy Rain,1.0,28.41,28.41,UPI,Cancelled by Driver,
RPD102072,CUST2736,DRV551,BANGALORE,HSR Layout,HSR Layout,06-Jun-2026 08:15 PM,Cab Economy,2.31,5.6,Very High,0.0,Rain,1.82,42.72,77.75,UPI,Ongoing,
RPD101368,CUST3579,,Hyderabad,Madhapur,Kukatpally,09-Jun-2026 07:20 AM,cab economy,1.9,22.9,Low,16.0,Cloudy,1.04,37.8,39.31,UPI,Cancelled by Customer,
RPD103096,CUST3607,DRV300,Bangalore,Whitefield,Jayanagar,21-Jun-2026 06:33 AM,BIKE,4.56,15.6,Medium,16.0,,1.16,42.36,49.14,Wallet,completed,3.4
RPD102365,CUST2371,DRV644,Mumbai,Bandra,Bandra,2026-06-21 07:27:00,cab economy,6.64,24.6,Low,20.0,Cloudy,1.0,94.68,94.68,,completed,4.1
RPD100931,CUST1504,DRV477,BANGALORE,Indiranagar,Whitefield,08/06/2026 18:00,Bike,5.8,16.3,High,20.0,Cloudy,1.33,49.8,66.23,Wallet,COMPLETED,4.2
RPD102269,CUST1999,DRV511,Bangalore,Koramangala,Electronic City,13-Jul-2026 01:56 AM,Cab Economy,2.11,18.5,Very High,25.0,Heavy Rain,1.85,40.32,74.59,cash ,COMPLETED,4.1
RPD102976,CUST3041,DRV473,Pune,Viman Nagar,Baner,11-Jun-2026 02:37 AM,Bike,4.78,13.5,Low,15.0,Fog,1.0,43.68,43.68,cash ,Completed,3.7
RPD103308,CUST2072,DRV313,Pune,Baner,Kothrud,2026-06-02 22:12:00,auto,14.68,21.8,Medium,25.0,Fog,1.03,147.12,Rs. 151.53,Wallet,Cancelled by Driver,
RPD104079,CUST2906,DRV798,mumbai,Bandra,Powai,18-Jun-2026 12:34 PM,Auto,12.76,10.2,Medium,28.0,,1.17,129.84,Rs. 151.91,Wallet,completed,4.7
RPD103142,CUST2699,DRV244,bangalore,Whitefield,Whitefield,28-Jun-2026 01:05 PM,bike,6.21,21.2,Low,21.0,Cloudy,1.0,52.26,Rs. 52.26,wallet,Cancelled by Driver,
RPD101946,CUST2599,,Bangalore,Whitefield,Electronic City,23-Jun-2026 02:59 PM,BIKE,2.82,18.8,Medium,17.0,Heavy Rain,1.15,31.92,36.71,upi,Cancelled by Customer,
RPD104301,CUST3959,DRV175,Pune,Kothrud,Hinjewadi,2026-06-02 23:36:00,Cab Economy,3.57,4.1,Very High,16.0,Heavy Rain,1.95,57.84,112.79,wallet,Ongoing,
RPD102582,CUST1428,DRV423,hyderabad ,Gachibowli,Madhapur,24-Jun-2026 02:45 PM,BIKE,3.29,10.0,Low,25.0,,1.06,34.74,36.82,Wallet,Cancelled by Driver,
RPD100436,CUST3965,DRV565,bangalore,Jayanagar,Electronic City,02/06/2026 03:47,Cab Premium,11.04,7.3,Low,23.0,Clear,1.0,213.72,213.72,,Ongoing,
RPD100607,CUST1816,,hyderabad ,Hitech City,Madhapur,03-Jul-2026 04:13 AM,Cab Economy,1.32,21.3,Very High,19.0,Rain,1.85,30.84,57.05,upi,Cancelled by Customer,
RPD100075,CUST1882,DRV624,mumbai,Colaba,Colaba,2026-06-06 01:09:00,auto,7.91,10.3,Medium,31.0,Cloudy,1.08,86.19,93.09,upi,Cancelled by Driver,
RPD101765,CUST2009,DRV515,Bangalore,Whitefield,HSR Layout,2026-06-19 16:25:00,,5.88,10.6,Low,27.0,Fog,1.0,85.56,85.56,upi,Completed,4.9
RPD103631,CUST2242,DRV331,BANGALORE,Koramangala,HSR Layout,2026-06-19 11:41:00,,7.2,17.1,Low,19.0,Fog,1.0,101.4,101.4,UPI,Cancelled by Driver,
RPD103239,CUST2565,DRV796,BANGALORE,Koramangala,Koramangala,2026-07-11 19:02:00,Cab Economy,2.88,33.8,Very High,3.0,Heavy Rain,1.92,49.56,95.16,cash ,Completed,4.5
RPD101323,CUST1215,DRV694,BANGALORE,Electronic City,Koramangala,01/06/2026 19:44,cab economy,4.04,17.8,Very High,16.0,Clear,1.93,63.48,122.52,Wallet,Cancelled by Driver,
RPD101577,CUST2520,DRV182,Hyderabad,Hitech City,Kukatpally,2026-06-16 08:35:00,,3.19,14.1,High,0.0,Fog,1.44,53.28,76.72,upi,Ongoing,
RPD103869,CUST2131,DRV314,bangalore,Electronic City,Jayanagar,07-Jul-2026 02:38 PM,Auto,9.84,11.4,Low,26.0,Clear,1.01,103.56,104.6,upi,Completed,4.7
RPD100114,CUST2543,DRV421,BANGALORE,HSR Layout,MG Road,14-Jun-2026 01:32 PM,Bike,3.32,17.8,Medium,24.0,,1.12,34.92,39.11,Cash,COMPLETED,4.9
RPD100987,CUST1702,,BANGALORE,Koramangala,Koramangala,11-Jun-2026 08:05 PM,BIKE,4.81,45.9,Very High,9.0,Clear,1.92,43.86,84.21,Wallet,Cancelled by Customer,
RPD104637,CUST3297,DRV124,mumbai,Powai,Borivali,10/06/2026 04:48,BIKE,4.63,7.0,Low,16.0,Cloudy,4.92,42.78,210.48,Wallet,Cancelled by Driver,
RPD100748,CUST2366,DRV462,BANGALORE,Whitefield,Electronic City,01-Jul-2026 08:38 PM,auto,3.03,22.4,High,3.0,Cloudy,1.37,42.27,57.91,Wallet,Cancelled by Driver,
RPD101864,CUST2767,DRV775,Mumbai,Bandra,Powai,2026-06-26 14:01:00,,1.83,14.6,Low,16.0,Cloudy,1.0,36.96,36.96,Wallet,Ongoing,
RPD100223,CUST2475,DRV793,bangalore,Jayanagar,Electronic City,2026-06-05 23:46:00,auto,4.92,23.0,Very High,23.0,Heavy Rain,1.88,59.28,111.45,Wallet,Cancelled by Driver,
RPD102567,CUST1003,DRV754,Pune,Camp,Hinjewadi,2026-06-03 23:28:00,bike,3.97,8.3,Low,21.0,Clear,1.0,38.82,38.82,Cash,Cancelled by Driver,
RPD101349,CUST3426,,Hyderabad,Gachibowli,Madhapur,03-Jul-2026 09:37 PM,cab economy,5.7,5.0,Low,18.0,,1.0,83.4,83.4,upi,Cancelled by Customer,
RPD101503,CUST3312,DRV252,bangalore,Koramangala,Whitefield,2026-06-10 19:19:00,Auto,2.88,14.0,High,4.0,Cloudy,1.5,40.92,61.38,cash ,Ongoing,
RPD104210,CUST3872,DRV265,mumbai,Borivali,Colaba,2026-07-08 18:05:00,BIKE,5.64,5.5,High,7.0,Cloudy,1.4,48.84,68.38,Cash,completed,4.3
RPD101666,CUST2241,DRV727,hyderabad ,Gachibowli,Madhapur,12/07/2026 10:42,Cab Economy,1.35,22.7,Medium,26.0,Cloudy,1.13,31.2,35.26,Card,Completed,4.9
RPD104074,CUST1472,,bangalore,Jayanagar,Koramangala,07-Jul-2026 05:03 AM,,3.47,18.3,Low,14.0,,1.05,56.64,59.47,Wallet,Cancelled by Customer,
RPD104329,CUST2242,DRV118,BANGALORE,MG Road,Jayanagar,11/06/2026 09:46,auto,1.95,8.4,Very High,6.0,Rain,1.88,32.55,61.19,upi,COMPLETED,4.7
RPD103168,CUST1858,DRV696,bangalore,Whitefield,HSR Layout,2026-06-21 13:57:00,bike,1.72,33.1,Low,22.0,Clear,1.03,25.32,26.08,Wallet,Completed,4.9
RPD100036,CUST2235,DRV800,BANGALORE,Whitefield,Koramangala,2026-07-08 00:59:00,Cab Premium,0.56,25.6,Low,21.0,,1.0,25.08,25.08,upi,completed,4.4
RPD100831,CUST3003,DRV420,bangalore,Whitefield,Electronic City,24/06/2026 22:43,Cab Economy,6.16,39.3,Low,16.0,Cloudy,1.0,88.92,88.92,cash ,Cancelled by Driver,
RPD104323,CUST1150,DRV261,BANGALORE,Electronic City,HSR Layout,06/07/2026 03:42,bike,3.88,34.4,Low,22.0,,1.0,38.28,38.28,wallet,COMPLETED,4.3
RPD104254,CUST3541,,Bengaluru,Jayanagar,Electronic City,13/07/2026 09:05,auto,3.52,40.3,High,5.0,Clear,1.43,46.68,66.75,UPI,Cancelled by Customer,
RPD101762,CUST3518,DRV395,Hyderabad,Banjara Hills,Hitech City,15-Jun-2026 06:54 AM,,0.65,10.8,Low,13.0,Cloudy,5.86,22.8,133.61,upi,completed,5.0
RPD102864,CUST1362,DRV133,Bengaluru,Electronic City,Indiranagar,2026-06-13 12:56:00,Auto,10.44,15.5,Very High,29.0,Heavy Rain,1.87,108.96,203.76,upi,completed,4.1
RPD100348,CUST1740,DRV640,BANGALORE,Electronic City,Whitefield,18/06/2026 08:00,BIKE,4.04,4.6,High,0.0,,1.41,39.24,55.33,UPI,COMPLETED,4.5
RPD100168,CUST2438,,mumbai,Powai,Powai,09-Jun-2026 12:49 PM,BIKE,9.76,23.9,Low,18.0,Clear,1.0,73.56,Rs. 73.56,cash ,Cancelled by Customer,
RPD104742,CUST2611,DRV586,Hyderabad,Hitech City,Gachibowli,20-Jun-2026 06:57 PM,auto,3.71,17.4,Very High,7.0,Clear,1.87,48.39,90.49,cash ,COMPLETED,4.0
RPD100117,CUST1980,DRV348,Mumbai,Borivali,Andheri,2026-06-23 14:41:00,,4.11,20.9,Medium,22.0,Heavy Rain,1.16,64.32,74.61,UPI,Ongoing,
RPD100531,CUST3979,DRV501,Bengaluru,HSR Layout,Whitefield,16-Jul-2026 12:03 PM,Auto,5.42,22.0,Medium,20.0,,1.26,63.78,80.36,Card,completed,4.5
RPD101395,CUST2164,,Mumbai,Borivali,Powai,09-Jun-2026 12:03 PM,bike,6.06,5.7,Very High,28.0,Rain,1.89,51.36,Rs. 97.07,cash ,Cancelled by Customer,
RPD102591,CUST1039,DRV194,BANGALORE,Koramangala,HSR Layout,2026-06-23 18:06:00,Cab Premium,2.15,24.2,High,3.0,Clear,1.41,53.7,75.72,Wallet,COMPLETED,5.0
RPD102369,CUST2218,DRV572,mumbai,Colaba,Dadar,2026-06-25 15:13:00,bike,-3.7,38.0,Low,22.0,,1.05,15.6,16.38,wallet,completed,4.6
RPD101029,CUST2138,DRV161,Bengaluru,Jayanagar,Koramangala,17/06/2026 02:56,cab economy,7.18,3.6,Medium,17.0,Clear,1.17,101.16,118.36,Cash,completed,3.6
RPD101642,CUST1015,DRV111,mumbai,Borivali,Dadar,2026-06-11 20:50:00,BIKE,1.47,4.2,High,3.0,Clear,1.35,23.82,32.16,Wallet,COMPLETED,4.6
RPD102522,CUST2565,,Pune,Camp,Viman Nagar,2026-07-10 14:02:00,,3.73,23.0,Low,20.0,Clear,1.0,59.76,59.76,upi,Cancelled by Customer,
RPD104097,CUST2651,DRV257,bangalore,Jayanagar,Indiranagar,29/06/2026 02:42,bike,1.06,13.0,Medium,20.0,Fog,1.14,21.36,24.35,,Ongoing,
RPD103052,CUST1996,DRV724,Hyderabad,Kukatpally,Hitech City,2026-06-07 09:56:00,,9.95,27.7,High,6.0,Clear,1.32,134.4,177.41,Card,Cancelled by Driver,
RPD103903,CUST3459,DRV430,mumbai,Borivali,Powai,2026-06-17 21:17:00,Bike,3.05,27.1,Medium,19.0,Heavy Rain,1.2,33.3,39.96,Cash,Completed,5.0
RPD104963,CUST1069,DRV111,Pune,Camp,Viman Nagar,2026-06-28 04:35:00,Cab Premium,4.12,8.4,Low,16.0,Fog,1.04,89.16,92.73,cash ,Completed,4.0
RPD104451,CUST1135,DRV125,bangalore,Whitefield,MG Road,20-Jun-2026 02:07 PM,BIKE,2.27,19.8,Medium,9.0,Cloudy,1.19,28.62,34.06,wallet,COMPLETED,4.8
RPD104632,CUST2182,DRV764,Mumbai,Powai,Andheri,2026-06-11 04:29:00,cab economy,999.0,6.6,Low,21.0,Fog,1.0,12003.0,Rs. 12003.0,Cash,COMPLETED,3.5
RPD104278,CUST3899,DRV423,bangalore,Whitefield,Jayanagar,2026-07-02 23:10:00,cab economy,2.93,28.3,Very High,13.0,Heavy Rain,1.95,50.16,97.81,,Ongoing,
RPD104817,CUST2174,DRV345,hyderabad ,Hitech City,Kukatpally,2026-06-10 15:11:00,cab economy,4.31,17.2,Low,14.0,Rain,1.09,66.72,72.72,,Cancelled by Driver,
RPD103205,CUST1344,DRV693,hyderabad ,Kukatpally,Gachibowli,04/06/2026 05:53,Bike,1.75,16.3,Low,22.0,Fog,1.0,25.5,25.5,upi,Completed,4.3
RPD104311,CUST3623,DRV770,BANGALORE,Koramangala,Whitefield,2026-07-08 02:46:00,Cab Premium,16.51,15.7,Low,22.0,,1.08,312.18,337.15,Card,COMPLETED,5.0
RPD101780,CUST3729,DRV169,Pune,Camp,Kothrud,2026-06-28 16:12:00,Cab Premium,7.57,26.0,Low,8.0,Cloudy,1.0,151.26,Rs. 151.26,cash ,completed,5.0
RPD101026,CUST2174,DRV484,Mumbai,Bandra,Andheri,06-Jun-2026 09:01 AM,BIKE,0.94,45.6,Very High,6.0,Heavy Rain,1.92,20.64,39.63,Cash,Ongoing,
RPD104328,CUST2999,DRV153,Pune,Hinjewadi,Hinjewadi,19-Jun-2026 01:53 PM,bike,10.4,27.2,Medium,11.0,,1.24,77.4,95.98,cash ,COMPLETED,4.4
RPD103893,CUST2782,DRV528,Mumbai,Bandra,Colaba,2026-06-28 12:11:00,BIKE,1.47,8.2,Low,30.0,Clear,1.0,23.82,23.82,,Cancelled by Driver,
RPD100082,CUST3925,DRV186,hyderabad ,Kukatpally,Kukatpally,08/07/2026 17:50,Auto,6.37,53.7,Medium,18.0,Heavy Rain,1.17,72.33,84.63,Cash,Cancelled by Driver,
RPD103616,CUST2277,DRV173,Hyderabad,Banjara Hills,Kukatpally,25/06/2026 12:50,cab economy,2.09,11.1,Very High,26.0,Rain,1.91,40.08,76.55,Cash,Ongoing,
RPD102031,CUST2006,DRV184,bangalore,Koramangala,Electronic City,2026-06-10 04:06:00,Auto,3.22,10.9,Low,9.0,Cloudy,1.08,43.98,47.5,Cash,completed,
RPD103847,CUST3235,DRV194,mumbai,Powai,Bandra,2026-06-02 23:44:00,,8.94,47.1,Very High,22.0,Rain,1.91,122.28,233.55,Card,Ongoing,
RPD103874,CUST1057,DRV244,hyderabad ,Kukatpally,Hitech City,07-Jul-2026 05:59 AM,BIKE,1.59,12.0,Medium,19.0,,1.13,24.54,27.73,wallet,Cancelled by Driver,
RPD101477,CUST2659,DRV475,Pune,Kothrud,Viman Nagar,24-Jun-2026 04:18 PM,bike,6.65,7.6,Low,26.0,Cloudy,1.0,54.9,54.9,UPI,Cancelled by Driver,
RPD102717,CUST3000,,Mumbai,Andheri,Borivali,2026-07-01 07:40:00,Bike,2.92,7.5,Low,25.0,Clear,1.0,32.52,32.52,Cash,Cancelled by Customer,
RPD104400,CUST2890,DRV123,BANGALORE,Electronic City,HSR Layout,2026-07-06 11:08:00,Auto,4.52,14.7,Very High,29.0,Heavy Rain,1.9,55.68,105.79,Card,Cancelled by Driver,
RPD104422,CUST1374,,bangalore,Jayanagar,MG Road,07-Jun-2026 04:55 PM,cab economy,1.79,49.2,Medium,25.0,Heavy Rain,1.19,36.48,43.41,UPI,Cancelled by Customer,
RPD104816,CUST3047,DRV718,Hyderabad,Gachibowli,Gachibowli,2026-06-09 00:19:00,Bike,1.99,23.1,Very High,26.0,Heavy Rain,1.85,26.94,49.84,Cash,completed,4.2
RPD102674,CUST2973,DRV563,Bengaluru,HSR Layout,HSR Layout,2026-07-16 07:43:00,Cab Premium,6.92,11.1,Low,15.0,Clear,1.07,139.56,149.33,,Cancelled by Driver,
RPD101478,CUST3655,DRV531,Mumbai,Dadar,Andheri,2026-07-01 00:42:00,auto,8.65,18.1,Low,19.0,Clear,1.0,92.85,Rs. 92.85,Cash,Ongoing,
RPD104150,CUST3126,DRV771,bangalore,Koramangala,Whitefield,2026-06-17 16:18:00,,4.14,39.0,Low,32.0,Clear,1.01,64.68,65.33,upi,Cancelled by Driver,
RPD102484,CUST3956,,Mumbai,Bandra,Andheri,22-Jun-2026 12:28 AM,cab economy,5.77,15.4,Very High,30.0,Heavy Rain,1.87,84.24,157.53,wallet,Cancelled by Customer,
RPD102564,CUST2456,DRV781,Pune,Baner,Viman Nagar,2026-06-25 20:52:00,Bike,6.33,20.0,Very High,3.0,Fog,1.81,52.98,95.89,Wallet,Completed,4.3
RPD103403,CUST1889,DRV278,Bengaluru,Koramangala,Electronic City,10-Jun-2026 04:11 AM,bike,4.12,16.6,Low,7.0,Cloudy,1.0,39.72,39.72,Cash,Ongoing,
RPD104962,CUST2972,DRV318,Hyderabad,Hitech City,Hitech City,2026-06-02 18:55:00,BIKE,7.8,3.5,High,10.0,Clear,1.44,61.8,88.99,upi,completed,5.0
RPD102158,CUST3158,DRV390,hyderabad ,Gachibowli,Banjara Hills,2026-06-13 23:08:00,bike,3.87,18.0,Very High,6.0,Heavy Rain,1.9,38.22,72.62,upi,Ongoing,
RPD101887,CUST1681,DRV509,Mumbai,Borivali,Bandra,2026-07-15 12:57:00,bike,2.84,15.2,Very High,21.0,Heavy Rain,1.9,32.04,60.88,UPI,Completed,4.3
RPD101957,CUST1943,DRV667,BANGALORE,MG Road,Whitefield,2026-06-13 10:07:00,,3.69,17.2,Very High,23.0,Rain,1.94,59.28,115.0,Cash,Cancelled by Driver,
RPD101630,CUST2238,DRV231,hyderabad ,Kukatpally,Kukatpally,2026-06-03 09:31:00,bike,3.5,8.6,Very High,19.0,Heavy Rain,1.89,36.0,68.04,UPI,Cancelled by Driver,
RPD102699,CUST1326,DRV715,Bangalore,Jayanagar,MG Road,2026-07-08 05:52:00,Bike,4.17,10.1,Low,22.0,Heavy Rain,1.0,40.02,40.02,Cash,Completed,
RPD101646,CUST2348,,Bangalore,MG Road,Electronic City,2026-06-02 08:55:00,,7.36,23.8,Very High,8.0,Heavy Rain,1.84,103.32,190.11,Wallet,Cancelled by Customer,
RPD100041,CUST2983,DRV383,hyderabad ,Banjara Hills,Banjara Hills,2026-07-15 14:17:00,Cab Economy,4.33,30.3,Medium,18.0,Clear,1.15,66.96,77.0,Card,completed,4.9
RPD101705,CUST3680,DRV233,Mumbai,Dadar,Andheri,2026-06-26 22:56:00,auto,4.24,9.7,Medium,19.0,,1.19,53.16,63.26,cash ,Cancelled by Driver,
RPD102694,CUST3571,DRV277,Bangalore,Electronic City,MG Road,2026-07-12 11:34:00,cab economy,3.18,15.6,Very High,19.0,Heavy Rain,1.85,53.16,98.35,Wallet,Ongoing,
RPD104779,CUST1962,DRV594,Mumbai,Colaba,Borivali,08-Jun-2026 02:39 PM,Auto,8.8,6.4,Low,27.0,,1.1,94.2,103.62,Wallet,Ongoing,
RPD103303,CUST1427,DRV527,BANGALORE,Whitefield,Electronic City,04-Jul-2026 08:20 PM,Cab Premium,5.56,16.9,High,3.0,Heavy Rain,1.39,115.08,159.96,Cash,Cancelled by Driver,
RPD104436,CUST1133,,Bengaluru,Electronic City,Jayanagar,2026-06-12 13:20:00,BIKE,1.56,11.6,Medium,7.0,Fog,1.18,24.36,28.74,UPI,Cancelled by Customer,
RPD103174,CUST3570,DRV681,Bangalore,HSR Layout,MG Road,06-Jul-2026 01:31 PM,Auto,5.4,15.7,Medium,20.0,,1.15,63.6,73.14,Card,COMPLETED,4.6
RPD103137,CUST1787,,BANGALORE,Whitefield,MG Road,2026-07-12 07:10:00,Bike,12.89,11.6,Very High,16.0,Rain,1.95,92.34,180.06,upi,Cancelled by Customer,
RPD100312,CUST2242,,Pune,Kothrud,Camp,11/06/2026 10:04,Cab Economy,0.92,15.0,Low,23.0,Rain,1.0,26.04,26.04,,Cancelled by Customer,
RPD101632,CUST1801,DRV373,Pune,Viman Nagar,Baner,2026-07-01 09:06:00,bike,2.7,19.2,Very High,8.0,Fog,1.81,31.2,Rs. 56.47,wallet,Cancelled by Driver,
RPD103719,CUST3677,DRV319,mumbai,Borivali,Powai,2026-07-07 21:50:00,cab economy,7.13,59.5,Low,21.0,Cloudy,1.07,100.56,107.6,Cash,Completed,5.0
RPD102068,CUST3072,DRV762,Bengaluru,Electronic City,Koramangala,2026-06-19 05:26:00,BIKE,-1.72,22.7,Medium,22.0,,1.2,15.6,18.72,Card,completed,4.2
RPD101427,CUST2885,DRV623,Bengaluru,Whitefield,MG Road,03-Jul-2026 09:59 PM,cab economy,1.44,11.2,Medium,17.0,Clear,1.18,32.28,38.09,wallet,Cancelled by Driver,
RPD102003,CUST3541,DRV436,Hyderabad,Kukatpally,Madhapur,2026-07-04 21:46:00,Auto,6.2,8.7,Low,20.0,Clear,1.0,70.8,70.8,Card,COMPLETED,4.8
RPD100358,CUST3850,DRV499,Pune,Hinjewadi,Hinjewadi,24-Jun-2026 05:54 PM,auto,2.31,23.6,Medium,20.0,,1.2,35.79,42.95,upi,COMPLETED,5.0
RPD102409,CUST2064,DRV465,bangalore,Jayanagar,Jayanagar,2026-06-19 20:42:00,Cab Premium,1.18,25.5,Very High,11.0,Cloudy,1.92,36.24,69.58,cash ,Completed,4.2
RPD101130,CUST1518,DRV180,Bengaluru,Whitefield,Indiranagar,2026-06-28 11:36:00,,1.37,5.8,Low,19.0,Cloudy,1.0,31.44,31.44,Cash,Cancelled by Driver,
RPD103633,CUST3587,DRV734,hyderabad ,Hitech City,Banjara Hills,28/06/2026 02:12,Auto,9.96,15.6,Low,19.0,Rain,1.0,104.64,104.64,Card,Completed,4.7
RPD102338,CUST1556,DRV511,hyderabad ,Madhapur,Banjara Hills,03-Jun-2026 05:38 PM,auto,1.41,7.3,Low,20.0,Fog,1.0,27.69,27.69,upi,COMPLETED,4.3
RPD101828,CUST1802,DRV604,BANGALORE,HSR Layout,Electronic City,04/06/2026 19:08,bike,2.48,16.9,High,1.0,,1.47,29.88,43.92,upi,Completed,
RPD102441,CUST3159,DRV485,BANGALORE,Jayanagar,HSR Layout,2026-06-15 11:38:00,Cab Economy,5.95,19.4,Very High,24.0,Rain,1.9,86.4,164.16,,completed,4.0
RPD100129,CUST2002,DRV145,Bengaluru,MG Road,Jayanagar,08/06/2026 01:51,Bike,3.76,29.1,Very High,15.0,Rain,1.9,37.56,71.36,wallet,COMPLETED,5.0
RPD101010,CUST3882,DRV271,Hyderabad,Gachibowli,Kukatpally,2026-07-15 07:27:00,auto,2.4,24.3,Medium,26.0,,1.09,36.6,39.89,Wallet,Ongoing,
RPD101814,CUST3909,DRV465,Mumbai,Colaba,Dadar,10/06/2026 08:38,Auto,6.89,17.5,Very High,8.0,Heavy Rain,1.91,77.01,147.09,Wallet,Completed,4.2
RPD102722,CUST1104,DRV615,Pune,Baner,Kothrud,02/07/2026 14:33,bike,10.91,29.1,Low,10.0,Fog,1.0,80.46,80.46,Card,Ongoing,
RPD100658,CUST2149,DRV798,bangalore,Electronic City,HSR Layout,14-Jul-2026 09:54 AM,,14.67,21.4,Very High,13.0,Heavy Rain,1.89,191.04,361.07,Card,completed,5.0
RPD101247,CUST1309,DRV770,Bengaluru,Electronic City,HSR Layout,06-Jun-2026 06:48 AM,bike,4.86,38.0,Low,16.0,Clear,1.0,44.16,44.16,wallet,COMPLETED,4.8
RPD104892,CUST1201,DRV632,Bangalore,Jayanagar,Whitefield,2026-07-01 17:35:00,Cab Premium,4.66,21.1,Medium,25.0,Clear,1.28,98.88,126.57,Cash,Cancelled by Driver,
RPD102772,CUST3184,DRV696,Hyderabad,Hitech City,Banjara Hills,15/06/2026 21:26,Auto,7.15,7.1,Medium,27.0,,1.23,79.35,97.6,cash ,Ongoing,
RPD100202,CUST3128,DRV569,Pune,Hinjewadi,Baner,13-Jun-2026 08:09 PM,bike,1.26,8.9,Very High,0.0,Clear,1.87,22.56,42.19,UPI,Cancelled by Driver,
RPD103345,CUST2901,DRV140,hyderabad ,Madhapur,Madhapur,08/06/2026 00:30,Cab Premium,10.09,10.4,Low,26.0,,1.06,196.62,208.42,cash ,Ongoing,
RPD104935,CUST3937,DRV411,Bengaluru,MG Road,Indiranagar,2026-07-10 18:57:00,,5.82,40.1,High,11.0,,1.46,84.84,123.87,UPI,Ongoing,
RPD101422,CUST1829,DRV707,hyderabad ,Kukatpally,Hitech City,13-Jul-2026 05:17 PM,auto,2.76,22.8,Low,15.0,Clear,1.0,39.84,39.84,upi,Cancelled by Driver,
RPD101818,CUST1886,DRV337,mumbai,Powai,Colaba,22-Jun-2026 01:08 AM,Bike,7.73,13.4,Low,19.0,Cloudy,1.0,61.38,61.38,Cash,COMPLETED,4.2
RPD100955,CUST2940,DRV610,Bangalore,Whitefield,Jayanagar,2026-06-04 03:55:00,,0.76,8.7,Low,20.0,Fog,1.0,24.12,24.12,cash ,COMPLETED,3.6
RPD103049,CUST2203,DRV467,mumbai,Borivali,Powai,12-Jul-2026 01:12 AM,bike,9.36,3.4,Very High,12.0,Heavy Rain,1.91,71.16,135.92,cash ,Ongoing,
RPD102419,CUST2389,,Bengaluru,Electronic City,Whitefield,2026-06-08 22:23:00,Cab Economy,11.44,21.9,Low,9.0,Heavy Rain,1.0,152.28,152.28,UPI,Cancelled by Customer,
RPD103824,CUST3705,DRV775,hyderabad ,Hitech City,Madhapur,01-Jul-2026 05:23 PM,auto,2.52,28.4,Medium,24.0,,1.02,37.68,38.43,wallet,Completed,4.2
RPD102362,CUST2823,,Pune,Camp,Hinjewadi,2026-06-26 05:20:00,bike,0.85,8.5,Medium,18.0,Heavy Rain,1.22,20.1,24.52,upi,Cancelled by Customer,
RPD103360,CUST3826,DRV591,Pune,Baner,Camp,2026-07-16 12:09:00,bike,6.99,21.2,Medium,10.0,Cloudy,1.12,56.94,63.77,Card,Cancelled by Driver,
RPD100997,CUST2028,DRV286,mumbai,Dadar,Dadar,2026-07-10 10:43:00,BIKE,3.06,14.4,Low,17.0,Heavy Rain,1.02,33.36,34.03,wallet,Cancelled by Driver,
RPD100594,CUST1813,DRV179,BANGALORE,Indiranagar,Whitefield,27/06/2026 15:30,Cab Premium,3.14,13.2,Medium,28.0,Heavy Rain,1.15,71.52,82.25,Cash,Ongoing,
RPD100971,CUST1744,DRV116,bangalore,Koramangala,Koramangala,13/07/2026 11:28,,-1.95,20.0,Medium,24.0,Heavy Rain,1.12,16.2,18.14,,Ongoing,
RPD100203,CUST2408,DRV520,hyderabad ,Kukatpally,Hitech City,27/06/2026 04:09,bike,0.97,28.5,Low,17.0,Clear,1.0,20.82,20.82,Card,Ongoing,
RPD104645,CUST3926,,Bangalore,Whitefield,Indiranagar,14-Jul-2026 03:59 AM,cab economy,4.3,12.4,Very High,17.0,Heavy Rain,1.83,66.6,,upi,Cancelled by Customer,
RPD101975,CUST3148,DRV503,Mumbai,Colaba,Andheri,20/06/2026 09:11,BIKE,7.41,9.2,Very High,12.0,Clear,1.94,59.46,115.35,upi,Completed,4.4
RPD100983,CUST1445,,Pune,Camp,Camp,2026-06-17 02:12:00,BIKE,4.94,11.8,Very High,24.0,Heavy Rain,1.92,44.64,85.71,,Cancelled by Customer,
RPD104923,CUST2654,DRV491,hyderabad ,Madhapur,Madhapur,2026-07-09 23:13:00,Cab Economy,1.62,26.5,Medium,26.0,,1.13,34.44,38.92,upi,Completed,4.7
RPD103319,CUST2772,DRV304,Bangalore,Indiranagar,Electronic City,28/06/2026 20:18,cab economy,2.42,8.8,Very High,8.0,Rain,1.91,44.04,84.12,,completed,5.0
RPD103990,CUST3434,DRV186,Pune,Viman Nagar,Hinjewadi,06-Jul-2026 06:17 AM,Bike,7.51,12.3,Medium,24.0,Rain,1.04,60.06,62.46,UPI,Ongoing,
RPD103778,CUST2735,DRV334,BANGALORE,Electronic City,Jayanagar,2026-07-09 18:23:00,cab economy,4.71,8.7,Very High,9.0,Heavy Rain,1.92,71.52,137.32,wallet,Cancelled by Driver,
RPD101981,CUST2820,DRV771,Mumbai,Powai,Dadar,2026-06-04 05:24:00,Cab Premium,6.59,3.0,Very High,10.0,Heavy Rain,2.07,133.62,276.59,wallet,Ongoing,
RPD102381,CUST3628,DRV669,hyderabad ,Kukatpally,Banjara Hills,26-Jun-2026 11:19 PM,Cab Economy,11.6,16.1,Low,21.0,Fog,1.0,154.2,Rs. 154.2,wallet,Completed,
RPD102487,CUST2874,DRV432,hyderabad ,Hitech City,Hitech City,2026-06-16 14:40:00,auto,2.45,11.5,Low,13.0,Cloudy,1.0,37.05,37.05,upi,Ongoing,
RPD102375,CUST1868,DRV231,Pune,Camp,Camp,07/06/2026 10:18,cab economy,3.69,3.6,Medium,34.0,Clear,1.16,59.28,68.76,wallet,COMPLETED,4.9
RPD104116,CUST3598,DRV593,Mumbai,Borivali,Andheri,2026-06-15 19:03:00,Cab Premium,4.12,15.0,High,8.0,Rain,1.35,89.16,120.37,upi,COMPLETED,5.0
RPD101356,CUST2682,DRV677,bangalore,Indiranagar,Whitefield,08-Jul-2026 09:36 AM,BIKE,6.8,22.8,High,16.0,Rain,1.42,55.8,79.24,Cash,completed,4.5
RPD103098,CUST1131,,Bengaluru,Koramangala,Indiranagar,04-Jun-2026 01:33 AM,Bike,3.76,32.6,Low,13.0,Clear,1.01,37.56,37.94,cash ,Cancelled by Customer,
RPD104609,CUST1885,DRV255,mumbai,Colaba,Bandra,2026-06-09 00:10:00,Cab Economy,15.28,10.6,Very High,20.0,Rain,1.93,198.36,382.83,Wallet,completed,4.5
RPD103090,CUST2945,DRV620,Hyderabad,Gachibowli,Gachibowli,04/06/2026 06:05,Cab Premium,4.79,23.2,Low,16.0,,1.04,101.22,105.27,,Cancelled by Driver,
RPD104504,CUST1249,DRV245,Mumbai,Andheri,Colaba,04-Jul-2026 03:48 AM,Cab Premium,6.48,9.8,Medium,23.0,,1.16,131.64,152.7,upi,Completed,3.9
RPD101188,CUST2273,,Pune,Kothrud,Camp,03/07/2026 15:28,,4.32,36.1,Low,25.0,Heavy Rain,1.0,66.84,66.84,upi,Cancelled by Customer,
RPD102330,CUST2136,DRV326,Pune,Baner,Baner,2026-06-28 12:20:00,BIKE,-3.36,10.7,Very High,24.0,Heavy Rain,1.96,15.6,30.58,Wallet,Ongoing,
RPD102343,CUST3930,DRV222,mumbai,Colaba,Andheri,12-Jun-2026 12:00 PM,bike,0.87,24.3,Medium,30.0,,1.12,20.22,22.65,wallet,COMPLETED,4.6
RPD100352,CUST1898,DRV390,Hyderabad,Gachibowli,Madhapur,13/06/2026 16:21,Bike,1.06,39.0,Medium,23.0,,3.67,21.36,78.39,Card,COMPLETED,4.3
RPD103404,CUST3225,DRV698,Bengaluru,Indiranagar,HSR Layout,2026-06-10 07:19:00,Cab Premium,3.45,6.0,Low,17.0,Clear,1.0,77.1,77.1,Card,COMPLETED,4.4
RPD101756,CUST1497,DRV718,Mumbai,Powai,Andheri,15-Jun-2026 02:53 AM,BIKE,1.09,15.4,Medium,15.0,Cloudy,1.13,21.54,24.34,cash ,Cancelled by Driver,
RPD101596,CUST3205,DRV575,Bengaluru,Koramangala,Jayanagar,01/07/2026 19:25,Bike,6.21,12.3,Very High,7.0,,1.95,52.26,101.91,Cash,Ongoing,
RPD103549,CUST1287,DRV218,Hyderabad,Gachibowli,Hitech City,2026-06-17 20:59:00,Bike,7.73,17.0,Very High,7.0,Clear,1.91,61.38,117.24,Card,completed,4.0
RPD100043,CUST3305,DRV411,Mumbai,Dadar,Dadar,29-Jun-2026 10:11 AM,bike,2.62,18.9,Medium,16.0,Clear,1.13,30.72,34.71,upi,Completed,5.0
RPD104820,CUST3869,,bangalore,HSR Layout,Electronic City,2026-06-14 03:32:00,auto,11.56,33.7,Medium,13.0,Cloudy,1.19,119.04,141.66,wallet,Cancelled by Customer,
RPD102150,CUST3738,DRV121,Bangalore,Indiranagar,Koramangala,05-Jul-2026 10:12 PM,Bike,2.27,15.9,Medium,18.0,Clear,1.14,28.62,32.63,wallet,Cancelled by Driver,
RPD103348,CUST2601,DRV165,Hyderabad,Kukatpally,Banjara Hills,2026-07-02 02:11:00,auto,9.52,9.7,Medium,25.0,Cloudy,1.14,100.68,114.78,Card,Ongoing,
RPD104605,CUST2940,DRV734,Bengaluru,Jayanagar,Koramangala,2026-06-06 08:04:00,Bike,5.57,9.3,High,16.0,Cloudy,1.37,48.42,66.34,,COMPLETED,5.0
RPD102495,CUST2367,DRV127,mumbai,Powai,Borivali,22/06/2026 22:42,Cab Premium,4.7,24.9,Very High,27.0,Rain,1.95,99.6,194.22,Wallet,COMPLETED,4.4
RPD103755,CUST1309,DRV399,Bangalore,Whitefield,Electronic City,03-Jul-2026 06:20 AM,,14.23,8.8,Low,20.0,Clear,1.05,185.76,195.05,wallet,Cancelled by Driver,
RPD101274,CUST3254,DRV182,BANGALORE,Koramangala,HSR Layout,13-Jul-2026 10:17 PM,bike,4.09,33.6,Low,17.0,Clear,1.0,39.54,39.54,Cash,Ongoing,
RPD102183,CUST3467,,hyderabad ,Hitech City,Hitech City,2026-06-26 18:47:00,BIKE,6.89,18.0,Very High,8.0,,1.85,56.34,104.23,cash ,Cancelled by Customer,
RPD100575,CUST1522,DRV286,Mumbai,Borivali,Andheri,01/06/2026 04:49,cab economy,1.4,13.4,Low,12.0,Clear,1.03,31.8,32.75,wallet,completed,4.9
RPD101921,CUST1889,DRV132,mumbai,Colaba,Powai,01/06/2026 06:35,Cab Premium,1.86,17.0,Very High,27.0,Heavy Rain,1.9,48.48,92.11,UPI,Completed,5.0
RPD102925,CUST2491,DRV633,Bengaluru,Electronic City,Whitefield,2026-06-05 17:28:00,Cab Premium,1.97,11.6,Low,19.0,Clear,1.0,50.46,50.46,cash ,completed,4.1
RPD104718,CUST1328,,Bengaluru,Koramangala,MG Road,02/06/2026 23:40,Cab Economy,3.6,15.8,Medium,25.0,,1.18,58.2,68.68,cash ,Cancelled by Customer,
RPD100857,CUST1571,DRV310,mumbai,Borivali,Dadar,29/06/2026 17:55,BIKE,2.67,11.1,Low,15.0,Fog,1.0,31.02,31.02,wallet,Ongoing,
RPD102177,CUST3070,,Mumbai,Powai,Dadar,28/06/2026 12:24,Bike,1.46,14.1,Medium,23.0,,1.16,23.76,27.56,Cash,Cancelled by Customer,
RPD103583,CUST2226,DRV342,Pune,Kothrud,Camp,10/07/2026 15:23,Auto,4.26,10.4,Medium,5.0,,1.12,53.34,59.74,Cash,Completed,4.6
RPD102796,CUST1304,DRV275,Bengaluru,Whitefield,Electronic City,2026-06-02 12:09:00,auto,5.27,32.2,Low,16.0,Clear,1.08,62.43,67.42,Card,Cancelled by Driver,
RPD102048,CUST1433,DRV534,BANGALORE,Indiranagar,Koramangala,2026-06-23 03:13:00,cab economy,1.82,33.4,Low,15.0,Heavy Rain,1.02,36.84,37.58,,Completed,4.5
RPD101809,CUST3671,DRV627,mumbai,Powai,Borivali,2026-06-15 09:49:00,Cab Premium,2.76,11.3,High,0.0,Clear,1.4,64.68,90.55,cash ,Ongoing,
RPD102621,CUST2253,DRV289,Mumbai,Powai,Andheri,03-Jun-2026 12:42 PM,BIKE,2.63,14.7,Low,16.0,Clear,1.0,30.78,30.78,,COMPLETED,4.0
RPD104635,CUST1576,DRV749,Pune,Baner,Baner,2026-06-20 12:45:00,bike,2.46,9.3,Low,18.0,Fog,1.02,29.76,30.36,Wallet,Ongoing,
RPD101899,CUST3435,DRV384,Hyderabad,Kukatpally,Hitech City,06/06/2026 10:33,bike,1.31,9.7,Low,10.0,Fog,1.1,22.86,25.15,upi,COMPLETED,4.0
RPD101847,CUST1254,DRV576,Hyderabad,Madhapur,Gachibowli,28/06/2026 23:50,bike,7.2,17.3,Very High,18.0,Heavy Rain,1.77,58.2,103.01,UPI,completed,4.0
RPD104548,CUST1254,DRV339,hyderabad ,Gachibowli,Hitech City,2026-06-11 17:09:00,Cab Economy,4.27,13.7,Very High,18.0,Heavy Rain,1.82,66.24,120.56,UPI,Ongoing,
RPD100876,CUST3382,,Mumbai,Powai,Colaba,2026-06-28 21:42:00,auto,1.46,19.2,Low,22.0,Rain,1.0,28.14,28.14,Cash,Cancelled by Customer,
RPD100104,CUST3557,DRV719,hyderabad ,Banjara Hills,Hitech City,17-Jun-2026 06:40 AM,,1.97,10.4,Low,21.0,Clear,1.0,38.64,38.64,Wallet,completed,5.0
RPD103800,CUST1398,DRV763,hyderabad ,Kukatpally,Hitech City,2026-06-05 02:32:00,bike,5.47,17.5,Low,20.0,Clear,1.11,47.82,53.08,cash ,COMPLETED,5.0
RPD102459,CUST1482,DRV571,BANGALORE,MG Road,HSR Layout,03-Jul-2026 08:57 PM,Bike,1.92,10.3,Very High,6.0,Cloudy,1.83,26.52,48.53,Wallet,completed,4.8
RPD104352,CUST3846,DRV276,Bangalore,Jayanagar,Indiranagar,2026-07-09 06:43:00,BIKE,6.03,26.7,Medium,21.0,Clear,1.17,51.18,59.88,Wallet,Completed,
RPD103227,CUST3006,DRV530,BANGALORE,Jayanagar,Jayanagar,2026-06-08 22:44:00,,3.78,10.7,Low,18.0,Fog,1.0,60.36,Rs. 60.36,Wallet,Completed,
RPD103410,CUST3764,DRV157,Bengaluru,Indiranagar,Whitefield,2026-06-15 16:13:00,BIKE,2.36,6.6,Very High,25.0,Rain,1.99,29.16,58.03,Wallet,Cancelled by Driver,
RPD100605,CUST3595,DRV561,bangalore,HSR Layout,Jayanagar,2026-06-24 06:25:00,cab economy,5.98,16.1,Medium,14.0,,1.12,86.76,97.17,Cash,Cancelled by Driver,
RPD100989,CUST1600,DRV115,Hyderabad,Madhapur,Madhapur,11/07/2026 13:25,Bike,12.02,16.3,Low,15.0,Cloudy,1.0,87.12,87.12,Wallet,Ongoing,
RPD101234,CUST1175,DRV482,bangalore,Koramangala,Koramangala,10-Jul-2026 10:29 PM,Cab Economy,1.91,31.9,Low,24.0,Fog,1.0,37.92,37.92,upi,Cancelled by Driver,
RPD100067,CUST1974,DRV702,Bengaluru,Whitefield,Jayanagar,2026-06-10 19:00:00,,4.1,21.3,High,13.0,Heavy Rain,1.37,64.2,87.95,Wallet,Cancelled by Driver,
RPD101434,CUST2229,DRV192,hyderabad ,Kukatpally,Madhapur,2026-06-14 22:02:00,Cab Economy,5.15,17.6,Low,13.0,,1.0,76.8,76.8,wallet,completed,4.4
RPD100385,CUST1670,DRV534,mumbai,Dadar,Powai,2026-06-01 09:22:00,bike,2.96,18.3,Very High,4.0,Rain,1.94,32.76,63.55,wallet,Cancelled by Driver,
RPD100894,CUST3259,DRV588,Pune,Hinjewadi,Kothrud,2026-06-10 20:59:00,Cab Premium,4.99,9.6,Very High,0.0,,1.94,104.82,203.35,UPI,Ongoing,
RPD100057,CUST3388,,Bangalore,Whitefield,Jayanagar,2026-06-04 09:22:00,BIKE,2.72,27.2,Very High,12.0,Rain,1.97,31.32,61.7,Cash,Cancelled by Customer,
RPD100712,CUST2532,DRV105,Hyderabad,Kukatpally,Gachibowli,2026-06-30 00:42:00,bike,1.81,20.0,Very High,17.0,Rain,1.88,25.86,48.62,,COMPLETED,3.8
RPD102373,CUST2702,DRV473,Mumbai,Colaba,Andheri,06/06/2026 06:47,Auto,5.35,37.7,Medium,9.0,,1.13,63.15,71.36,Cash,COMPLETED,5.0
RPD102127,CUST3543,,Bangalore,Indiranagar,Indiranagar,2026-06-14 02:52:00,,4.65,8.5,Low,17.0,,1.02,70.8,72.22,UPI,Cancelled by Customer,
RPD102589,CUST1936,,Mumbai,Borivali,Bandra,06-Jul-2026 08:00 AM,BIKE,11.55,13.7,High,18.0,Cloudy,1.44,84.3,121.39,wallet,Cancelled by Customer,
RPD100356,CUST2602,DRV688,Hyderabad,Banjara Hills,Hitech City,03/06/2026 02:04,cab economy,2.1,10.1,Low,24.0,Rain,3.59,40.2,144.32,UPI,Cancelled by Driver,
RPD103566,CUST3450,,bangalore,Whitefield,Whitefield,2026-07-02 15:47:00,Auto,7.75,35.1,Low,11.0,Cloudy,1.0,84.75,84.75,upi,Cancelled by Customer,
RPD101843,CUST3243,DRV358,BANGALORE,Koramangala,Jayanagar,2026-06-19 15:43:00,auto,11.86,17.6,Low,24.0,Cloudy,3.94,121.74,479.66,,Completed,4.7
RPD102408,CUST1904,DRV341,Bengaluru,Jayanagar,MG Road,2026-06-26 06:35:00,BIKE,2.63,16.7,Very High,21.0,Heavy Rain,1.97,30.78,60.64,Wallet,Completed,4.3
RPD101019,CUST3002,DRV721,BANGALORE,Indiranagar,Koramangala,14-Jul-2026 03:08 AM,Bike,5.31,30.3,Low,21.0,Fog,1.0,46.86,46.86,,Ongoing,
RPD101315,CUST1782,DRV270,Bangalore,Electronic City,HSR Layout,08-Jun-2026 02:51 PM,BIKE,1.8,16.4,Medium,24.0,,1.24,25.8,31.99,upi,completed,4.2
RPD103297,CUST3994,DRV354,Hyderabad,Kukatpally,Kukatpally,01/07/2026 06:44,Bike,2.38,7.3,Low,36.0,Cloudy,1.05,29.28,30.74,,completed,3.9
RPD102964,CUST1900,DRV168,Bangalore,Jayanagar,MG Road,30/06/2026 03:35,,4.87,10.4,Very High,13.0,Rain,1.94,73.44,Rs. 142.47,wallet,completed,4.5
RPD100308,CUST3177,DRV190,Mumbai,Borivali,Borivali,2026-06-24 03:01:00,Cab Premium,3.52,15.8,Low,26.0,Fog,1.0,78.36,78.36,Cash,Ongoing,
RPD103462,CUST2448,,Bengaluru,Jayanagar,MG Road,11-Jul-2026 01:01 PM,bike,3.87,15.0,Low,18.0,Clear,1.06,38.22,40.51,Cash,Cancelled by Customer,
RPD100814,CUST2007,DRV322,Pune,Kothrud,Viman Nagar,14-Jun-2026 12:26 PM,Cab Premium,2.23,16.1,Low,29.0,Cloudy,1.02,55.14,56.24,cash ,COMPLETED,5.0
RPD100042,CUST3010,DRV205,bangalore,Jayanagar,Indiranagar,2026-06-19 07:23:00,auto,-11.45,17.3,Low,12.0,Clear,1.0,15.9,15.9,UPI,completed,4.9
RPD103683,CUST1444,DRV191,Pune,Kothrud,Kothrud,2026-06-19 20:11:00,bike,2.4,7.4,Very High,9.0,Rain,1.94,29.4,57.04,Cash,Completed,4.6
RPD101406,CUST1631,,Pune,Hinjewadi,Viman Nagar,2026-07-03 13:43:00,Cab Premium,6.0,15.7,Low,18.0,Rain,1.0,123.0,123.0,cash ,Cancelled by Customer,
RPD103700,CUST3459,DRV741,Bangalore,Whitefield,MG Road,21-Jun-2026 03:28 PM,auto,3.59,4.3,Very High,20.0,Heavy Rain,1.91,47.31,90.36,cash ,completed,5.0
RPD101682,CUST1875,DRV491,Pune,Viman Nagar,Kothrud,12-Jun-2026 11:43 AM,bike,1.83,11.8,Medium,17.0,Fog,1.17,25.98,30.4,,COMPLETED,4.8
RPD100883,CUST3013,DRV547,Pune,Baner,Kothrud,2026-06-15 03:54:00,Cab Premium,8.12,25.6,Low,20.0,Fog,1.0,161.16,Rs. 161.16,Wallet,completed,4.5
RPD103724,CUST2119,DRV263,bangalore,Electronic City,MG Road,01-Jun-2026 10:17 AM,Auto,6.98,12.5,Medium,19.0,Fog,1.13,77.82,87.94,UPI,Ongoing,
RPD100699,CUST2478,,mumbai,Bandra,Andheri,24/06/2026 14:49,,9.04,10.3,Very High,21.0,Rain,1.89,123.48,233.38,cash ,Cancelled by Customer,
RPD103964,CUST3692,DRV162,Bangalore,Koramangala,Koramangala,11/07/2026 02:34,Auto,9.79,52.9,Low,19.0,Clear,1.04,103.11,107.23,upi,Ongoing,
RPD104105,CUST3510,DRV607,hyderabad ,Banjara Hills,Madhapur,2026-06-28 00:41:00,Auto,2.02,9.9,Medium,24.0,Clear,1.2,33.18,39.82,Cash,Completed,4.2
RPD102052,CUST2357,DRV282,Bengaluru,MG Road,Koramangala,16/06/2026 17:30,,3.91,10.9,Very High,16.0,Rain,2.03,61.92,125.7,wallet,completed,4.9
RPD103984,CUST1335,DRV246,Bengaluru,Jayanagar,HSR Layout,07/06/2026 10:47,,4.91,36.1,Medium,27.0,Fog,1.16,73.92,85.75,UPI,completed,3.4
RPD100216,CUST2776,DRV748,Hyderabad,Banjara Hills,Gachibowli,2026-06-21 20:03:00,BIKE,11.97,12.2,High,10.0,Fog,1.46,86.82,126.76,wallet,Completed,4.1
RPD103025,CUST3469,DRV479,Pune,Hinjewadi,Kothrud,2026-06-19 16:39:00,Cab Premium,5.05,20.3,Low,19.0,Clear,1.01,105.9,106.96,Cash,Ongoing,
RPD102147,CUST3552,DRV650,hyderabad ,Banjara Hills,Gachibowli,01/06/2026 16:42,Cab Premium,6.1,14.8,Very High,21.0,Heavy Rain,2.0,124.8,249.6,,Completed,3.7
RPD102323,CUST1798,DRV510,Hyderabad,Hitech City,Hitech City,15-Jul-2026 10:12 AM,Bike,7.06,16.2,Low,28.0,Cloudy,1.0,57.36,57.36,UPI,Cancelled by Driver,
RPD103698,CUST1168,DRV743,Bengaluru,MG Road,Indiranagar,2026-06-28 18:15:00,bike,6.29,8.4,High,13.0,Clear,1.37,52.74,72.25,Card,Ongoing,
RPD102483,CUST3318,DRV437,bangalore,Koramangala,Electronic City,08-Jun-2026 05:42 AM,BIKE,5.51,40.7,Low,20.0,,1.0,48.06,48.06,UPI,Cancelled by Driver,
RPD101371,CUST1075,DRV354,Bangalore,MG Road,HSR Layout,2026-07-01 00:03:00,Bike,0.82,34.6,Medium,22.0,,1.14,19.92,22.71,Cash,Cancelled by Driver,
RPD101567,CUST3896,DRV307,mumbai,Dadar,Dadar,30/06/2026 05:38,Bike,1.4,16.7,Medium,17.0,,1.18,23.4,27.61,Card,Ongoing,
RPD102193,CUST1094,DRV389,hyderabad ,Kukatpally,Banjara Hills,2026-06-11 13:28:00,auto,-9.84,24.3,Medium,11.0,Clear,1.15,15.9,18.29,UPI,completed,3.7
RPD103597,CUST3804,DRV632,Pune,Hinjewadi,Viman Nagar,25/06/2026 12:30,bike,5.78,47.0,Very High,24.0,Rain,1.84,49.68,91.41,upi,completed,4.5
RPD103321,CUST2317,DRV286,Mumbai,Powai,Dadar,2026-06-19 22:05:00,bike,4.42,31.5,Low,24.0,Clear,1.0,41.52,41.52,Wallet,Completed,3.4
RPD104080,CUST3156,,Hyderabad,Hitech City,Madhapur,05/06/2026 10:04,cab economy,1.19,40.7,Low,8.0,Cloudy,1.0,29.28,29.28,Cash,Cancelled by Customer,
RPD102331,CUST2855,DRV329,Bengaluru,MG Road,Indiranagar,03-Jul-2026 11:27 PM,Cab Economy,9.4,49.1,Medium,37.0,Fog,1.11,127.8,141.86,Cash,Completed,3.0
RPD103958,CUST3011,DRV461,hyderabad ,Madhapur,Gachibowli,2026-06-25 14:00:00,,3.2,7.4,Low,22.0,Fog,1.04,53.4,55.54,,COMPLETED,4.8
RPD101517,CUST3680,DRV205,Mumbai,Powai,Borivali,2026-06-05 01:18:00,Cab Premium,6.01,13.6,Low,21.0,Fog,1.0,123.18,123.18,Card,completed,4.4
RPD102749,CUST3621,DRV426,Pune,Viman Nagar,Hinjewadi,2026-07-09 19:48:00,BIKE,3.34,19.4,Very High,7.0,,1.91,35.04,66.93,,completed,4.4
RPD102504,CUST2175,DRV262,Pune,Baner,Camp,17/06/2026 04:13,,1.08,22.4,Medium,17.0,,1.15,27.96,32.15,Card,COMPLETED,4.8
RPD103045,CUST3904,DRV723,Bangalore,Jayanagar,Whitefield,2026-07-10 13:14:00,Cab Premium,11.43,3.9,Low,27.0,Cloudy,1.08,220.74,238.4,wallet,Completed,3.9
RPD101767,CUST1352,DRV465,bangalore,Koramangala,HSR Layout,07-Jun-2026 06:45 PM,auto,5.3,16.6,High,7.0,Fog,1.4,62.7,87.78,Wallet,Cancelled by Driver,
RPD102702,CUST1258,DRV751,Hyderabad,Kukatpally,Kukatpally,06-Jun-2026 01:55 PM,Cab Economy,2.39,10.3,Low,13.0,Clear,1.0,43.68,43.68,,Completed,4.1
RPD102187,CUST2265,DRV642,Bangalore,MG Road,Koramangala,15/07/2026 03:41,cab economy,5.05,46.6,Low,18.0,Cloudy,1.0,75.6,75.6,cash ,completed,4.4
RPD104912,CUST1479,DRV397,bangalore,HSR Layout,HSR Layout,2026-07-09 02:32:00,cab economy,0.83,28.4,Low,20.0,,1.0,24.96,24.96,,Completed,4.4
RPD103309,CUST2965,DRV597,BANGALORE,Jayanagar,Whitefield,12-Jul-2026 12:04 AM,Cab Premium,9.13,23.2,Very High,16.0,Heavy Rain,1.84,179.34,329.99,upi,COMPLETED,4.9
RPD104102,CUST3878,DRV317,bangalore,Koramangala,Electronic City,05/06/2026 23:08,Cab Premium,1.85,12.4,Low,19.0,,1.01,48.3,48.78,,Ongoing,
RPD101038,CUST3398,DRV341,mumbai,Borivali,Colaba,2026-06-02 02:50:00,cab economy,3.42,17.0,Low,21.0,Clear,1.0,56.04,56.04,upi,Cancelled by Driver,
RPD102438,CUST2632,,Bengaluru,Whitefield,Indiranagar,01-Jun-2026 01:10 PM,Auto,4.64,17.0,Medium,15.0,Clear,1.19,56.76,67.54,cash ,Cancelled by Customer,
RPD103000,CUST2178,DRV513,Bengaluru,Whitefield,Electronic City,08/06/2026 07:26,Cab Economy,5.37,13.2,Low,18.0,Rain,1.05,79.44,83.41,Cash,Cancelled by Driver,
RPD101511,CUST3861,DRV376,Hyderabad,Hitech City,Gachibowli,15/06/2026 20:39,BIKE,4.35,3.8,Very High,0.0,Rain,1.87,41.1,76.86,Wallet,Ongoing,
RPD100412,CUST2117,DRV239,Mumbai,Borivali,Colaba,2026-06-16 12:15:00,auto,8.53,13.5,Low,18.0,Cloudy,1.0,91.77,91.77,UPI,Completed,5.0
RPD104055,CUST2033,DRV684,BANGALORE,MG Road,Electronic City,2026-06-27 17:07:00,Cab Premium,1.04,4.8,Low,19.0,Cloudy,1.07,33.72,36.08,upi,COMPLETED,4.1
RPD103771,CUST1535,DRV337,Bangalore,HSR Layout,Whitefield,2026-07-05 02:13:00,BIKE,13.23,3.6,Medium,15.0,Fog,1.19,94.38,112.31,Wallet,COMPLETED,3.7
RPD101302,CUST1329,DRV509,bangalore,Whitefield,Indiranagar,2026-07-14 12:17:00,Bike,3.18,18.4,Medium,28.0,Clear,1.19,34.08,40.56,cash ,completed,4.0
RPD103260,CUST1950,DRV657,Bengaluru,Indiranagar,HSR Layout,30/06/2026 08:56,Auto,4.52,11.9,High,6.0,Clear,1.42,55.68,79.07,Wallet,completed,4.3
RPD101297,CUST2757,,Bengaluru,Whitefield,Koramangala,23/06/2026 00:43,cab economy,6.04,25.1,Very High,28.0,Rain,1.91,87.48,167.09,Card,Cancelled by Customer,
RPD103673,CUST2254,DRV100,Mumbai,Powai,Powai,14-Jun-2026 07:54 PM,Auto,4.83,5.0,Very High,16.0,Heavy Rain,1.84,58.47,107.58,wallet,COMPLETED,4.4
RPD103317,CUST2039,DRV206,mumbai,Dadar,Bandra,2026-07-16 17:54:00,Cab Economy,6.4,34.1,Low,12.0,,1.02,91.8,Rs. 93.64,Card,COMPLETED,
RPD103476,CUST3631,DRV419,hyderabad ,Madhapur,Kukatpally,15/06/2026 20:01,Cab Economy,5.14,36.0,Very High,0.0,Fog,1.84,76.68,141.09,Cash,COMPLETED,4.2
RPD100778,CUST1232,,Hyderabad,Banjara Hills,Gachibowli,04-Jul-2026 03:05 AM,Cab Economy,2.91,9.6,Medium,22.0,Rain,1.13,49.92,56.41,upi,Cancelled by Customer,
RPD104159,CUST3400,DRV297,mumbai,Colaba,Borivali,07/07/2026 08:07,Bike,1.14,7.6,High,13.0,Fog,1.42,21.84,31.01,Cash,COMPLETED,4.4
RPD104427,CUST1952,DRV199,Bengaluru,Koramangala,HSR Layout,2026-06-05 22:32:00,Auto,2.92,50.9,Medium,31.0,,1.14,41.28,47.06,cash ,COMPLETED,3.9
RPD102550,CUST3408,,Pune,Camp,Camp,2026-06-25 00:00:00,,2.76,44.6,Low,20.0,,1.03,48.12,49.56,UPI,Cancelled by Customer,
RPD104951,CUST2922,DRV256,Mumbai,Borivali,Bandra,10-Jul-2026 09:03 PM,Auto,8.1,21.0,Low,16.0,Clear,1.0,87.9,87.9,cash ,Completed,4.7
RPD100759,CUST1104,,Bengaluru,MG Road,Indiranagar,2026-06-13 09:10:00,Auto,7.2,17.5,Very High,8.0,Heavy Rain,1.97,79.8,157.21,,Cancelled by Customer,
RPD102368,CUST2522,DRV247,BANGALORE,Whitefield,Jayanagar,2026-06-15 11:24:00,Bike,1.55,18.8,Very High,15.0,Rain,1.89,24.3,45.93,Wallet,Ongoing,
RPD102477,CUST3210,,mumbai,Dadar,Colaba,13-Jul-2026 07:01 PM,Cab Economy,1.87,3.0,High,4.0,Clear,1.51,37.44,56.53,Card,Cancelled by Customer,
RPD103707,CUST2252,DRV332,mumbai,Andheri,Borivali,05/07/2026 02:52,Cab Premium,4.95,6.4,Low,19.0,Clear,1.0,104.1,104.1,wallet,Cancelled by Driver,
RPD101318,CUST2451,,Bangalore,Whitefield,Jayanagar,2026-07-05 15:31:00,Auto,0.9,10.2,Low,19.0,Rain,1.0,23.1,23.1,upi,Cancelled by Customer,
RPD103185,CUST1415,DRV425,Mumbai,Bandra,Colaba,2026-06-03 19:51:00,cab economy,4.2,42.8,Very High,5.0,Fog,1.99,65.4,130.15,upi,Cancelled by Driver,
RPD100074,CUST1644,DRV478,mumbai,Andheri,Bandra,2026-06-10 18:42:00,Bike,16.91,35.3,Very High,14.0,Clear,1.88,116.46,218.94,Card,Cancelled by Driver,
RPD100026,CUST2175,DRV315,Pune,Viman Nagar,Baner,2026-07-15 09:35:00,BIKE,3.57,27.1,High,3.0,Fog,1.4,36.42,50.99,wallet,Cancelled by Driver,
RPD104765,CUST1321,DRV424,BANGALORE,Indiranagar,Whitefield,2026-06-03 18:06:00,,2.26,29.6,Very High,7.0,Clear,1.88,42.12,79.19,,Completed,4.4
RPD103393,CUST1359,DRV110,mumbai,Bandra,Powai,2026-06-05 15:07:00,BIKE,5.59,24.6,Very High,15.0,Heavy Rain,1.93,48.54,93.68,upi,Cancelled by Driver,
RPD103702,CUST3086,,Hyderabad,Madhapur,Madhapur,04/07/2026 03:54,cab economy,3.14,17.7,Low,18.0,Clear,1.0,52.68,52.68,Card,Cancelled by Customer,
RPD101127,CUST2887,DRV291,Pune,Kothrud,Kothrud,20/06/2026 22:05,Auto,6.93,17.3,Very High,19.0,Rain,1.92,77.37,148.55,Wallet,Cancelled by Driver,
RPD103578,CUST1453,,Mumbai,Dadar,Bandra,2026-06-04 19:08:00,Cab Economy,7.19,36.8,Very High,9.0,Rain,1.9,101.28,192.43,upi,Cancelled by Customer,
RPD101140,CUST3138,DRV717,BANGALORE,MG Road,Whitefield,10-Jul-2026 11:52 AM,Auto,1.86,24.5,Very High,33.0,Rain,1.82,31.74,57.77,Cash,COMPLETED,4.2
RPD100506,CUST3046,DRV204,mumbai,Andheri,Dadar,2026-06-14 14:14:00,Cab Economy,8.16,17.3,Medium,7.0,Clear,1.21,112.92,136.63,Cash,Ongoing,
RPD101561,CUST3227,DRV210,mumbai,Andheri,Andheri,01-Jul-2026 09:57 PM,Auto,10.99,15.9,Low,13.0,,1.05,113.91,119.61,wallet,completed,4.6
RPD104997,CUST3134,DRV503,bangalore,Electronic City,Jayanagar,2026-06-28 07:49:00,Bike,3.15,16.1,Medium,15.0,,1.14,33.9,38.65,UPI,Ongoing,
RPD104214,CUST3200,,bangalore,Koramangala,MG Road,2026-06-30 09:27:00,Auto,8.39,16.9,Very High,5.0,Clear,1.9,90.51,,wallet,Cancelled by Customer,
RPD104913,CUST1492,DRV313,Bangalore,Jayanagar,Indiranagar,2026-06-29 16:45:00,Cab Premium,10.99,7.2,Low,26.0,,1.04,212.82,221.33,upi,Completed,3.4
RPD100793,CUST1734,DRV285,Bangalore,Electronic City,Koramangala,2026-07-16 11:37:00,,9.19,15.4,Medium,15.0,Cloudy,1.1,125.28,137.81,UPI,Ongoing,
RPD103531,CUST1622,DRV617,hyderabad ,Gachibowli,Banjara Hills,2026-07-08 20:11:00,cab economy,6.44,6.7,Very High,4.0,Cloudy,1.92,92.28,177.18,UPI,Completed,4.0
RPD103739,CUST1499,DRV658,Pune,Baner,Viman Nagar,2026-06-03 01:37:00,auto,3.21,52.2,Very High,13.0,Rain,1.87,43.89,82.07,UPI,Ongoing,
RPD101121,CUST1303,DRV580,Hyderabad,Kukatpally,Banjara Hills,26/06/2026 18:06,Bike,6.68,28.1,Very High,3.0,,1.89,55.08,104.1,Card,COMPLETED,5.0
RPD101113,CUST3255,DRV106,mumbai,Powai,Colaba,2026-06-12 02:16:00,BIKE,1.65,12.9,Low,7.0,Clear,1.0,24.9,24.9,Cash,completed,4.2
RPD100587,CUST3361,DRV472,BANGALORE,Electronic City,MG Road,2026-07-02 03:51:00,bike,8.24,7.7,Low,15.0,Cloudy,1.05,64.44,67.66,Wallet,completed,4.8
RPD100602,CUST3575,DRV707,Pune,Kothrud,Hinjewadi,2026-07-16 04:32:00,auto,4.51,12.5,Medium,3.0,Fog,1.22,55.59,67.82,Cash,Completed,4.7
RPD100612,CUST2568,DRV342,Pune,Baner,Viman Nagar,2026-06-21 06:12:00,auto,2.12,7.0,Low,13.0,Cloudy,1.04,34.08,35.44,UPI,Ongoing,
RPD103187,CUST1763,DRV444,Hyderabad,Banjara Hills,Madhapur,2026-06-30 05:49:00,Bike,0.98,11.6,Low,14.0,,1.06,20.88,22.13,wallet,Completed,4.2
RPD102474,CUST2696,DRV199,bangalore,Jayanagar,Indiranagar,2026-06-17 21:03:00,cab economy,8.08,27.7,Medium,20.0,Clear,1.14,111.96,127.63,Cash,COMPLETED,4.9
RPD102697,CUST3306,DRV765,Mumbai,Andheri,Colaba,2026-06-17 12:25:00,cab economy,11.01,30.3,Low,19.0,Clear,1.0,147.12,147.12,Wallet,completed,4.7
RPD101090,CUST2146,DRV105,Mumbai,Andheri,Dadar,2026-06-11 06:52:00,BIKE,5.13,5.3,Low,24.0,Fog,1.0,45.78,45.78,UPI,COMPLETED,4.0
RPD102738,CUST3622,DRV305,bangalore,MG Road,HSR Layout,2026-06-30 12:09:00,Auto,4.22,12.2,Medium,15.0,Clear,1.04,52.98,55.1,Cash,Ongoing,
RPD101536,CUST1238,DRV158,Bengaluru,MG Road,Koramangala,2026-07-12 22:46:00,Auto,1.62,20.6,Medium,15.0,Cloudy,1.16,29.58,34.31,UPI,Completed,3.7
RPD101409,CUST2331,DRV209,Pune,Camp,Baner,22-Jun-2026 04:50 PM,auto,3.33,6.4,Low,12.0,,1.02,44.97,45.87,Cash,Cancelled by Driver,
RPD102614,CUST2752,DRV261,Bangalore,HSR Layout,Jayanagar,14/07/2026 17:10,,14.86,6.4,Medium,19.0,Cloudy,1.16,193.32,224.25,Wallet,COMPLETED,4.9
RPD100349,CUST1222,DRV757,mumbai,Andheri,Bandra,2026-07-09 04:53:00,Auto,4.87,9.9,Low,21.0,,1.0,58.83,58.83,Card,COMPLETED,5.0
RPD100886,CUST3641,DRV629,mumbai,Dadar,Andheri,2026-07-02 13:46:00,Cab Economy,17.02,12.7,Very High,13.0,Rain,1.85,219.24,405.59,cash ,completed,4.3
RPD102736,CUST1882,DRV369,BANGALORE,Electronic City,MG Road,03/07/2026 02:20,Auto,2.35,19.9,Low,24.0,Clear,1.05,36.15,37.96,cash ,Completed,4.3
RPD104604,CUST2927,DRV129,Bengaluru,Whitefield,Jayanagar,02/06/2026 20:16,,10.81,58.0,High,2.0,,1.4,144.72,202.61,cash ,Completed,4.2
RPD100783,CUST1932,DRV424,Hyderabad,Banjara Hills,Gachibowli,14-Jun-2026 05:49 PM,Cab Economy,6.65,5.4,Low,24.0,Rain,1.05,94.8,99.54,Card,COMPLETED,4.1
RPD104738,CUST1580,DRV318,Bangalore,Koramangala,Indiranagar,13/07/2026 17:21,bike,0.85,10.6,Very High,22.0,Heavy Rain,1.85,20.1,37.19,UPI,completed,4.8
RPD104527,CUST3043,DRV191,Bengaluru,Jayanagar,MG Road,21/06/2026 00:25,auto,5.23,14.1,Very High,23.0,Rain,1.97,62.07,Rs. 122.28,Cash,Cancelled by Driver,
RPD100630,CUST3725,DRV674,Bengaluru,Whitefield,Jayanagar,2026-07-08 03:03:00,Bike,-11.56,29.1,Medium,10.0,Clear,1.18,15.6,18.41,Cash,Ongoing,
RPD104190,CUST2007,DRV657,Bangalore,Jayanagar,Koramangala,2026-06-21 22:14:00,Bike,6.2,12.9,Low,7.0,Fog,1.0,52.2,52.2,Cash,COMPLETED,4.4
RPD104697,CUST1460,DRV470,mumbai,Dadar,Powai,05-Jun-2026 11:07 AM,bike,5.45,16.7,Medium,12.0,Rain,1.16,47.7,55.33,upi,Ongoing,
RPD102549,CUST3657,DRV765,Bangalore,Electronic City,Electronic City,13-Jul-2026 08:56 PM,Auto,10.38,8.4,Very High,10.0,Cloudy,1.88,108.42,203.83,upi,Ongoing,
RPD103838,CUST1288,DRV173,Mumbai,Powai,Bandra,27-Jun-2026 02:36 PM,BIKE,6.16,29.6,Low,19.0,Cloudy,1.02,51.96,53.0,,Completed,4.6
RPD102458,CUST1144,DRV751,Hyderabad,Gachibowli,Kukatpally,2026-06-26 16:03:00,BIKE,2.58,20.8,Very High,17.0,Heavy Rain,1.97,30.48,60.05,wallet,Cancelled by Driver,
RPD100409,CUST2029,DRV739,mumbai,Powai,Andheri,2026-07-07 16:30:00,auto,0.78,15.1,Low,12.0,Fog,1.0,22.02,22.02,,completed,4.8
RPD103392,CUST2658,DRV630,Hyderabad,Banjara Hills,Kukatpally,2026-06-25 14:35:00,bike,2.34,24.6,Low,14.0,Cloudy,1.1,29.04,31.94,Wallet,COMPLETED,4.2
RPD100165,CUST1002,DRV538,hyderabad ,Madhapur,Gachibowli,2026-07-07 15:50:00,bike,5.33,27.4,Low,26.0,,1.06,46.98,49.8,cash ,completed,4.9
RPD103266,CUST1290,DRV720,Bangalore,Indiranagar,Jayanagar,2026-06-23 17:43:00,Auto,5.83,20.0,Low,15.0,,1.01,67.47,68.14,Cash,completed,4.9
RPD104729,CUST1819,DRV780,Hyderabad,Hitech City,Hitech City,2026-07-10 14:59:00,cab economy,8.0,33.9,Very High,14.0,Rain,1.92,111.0,Rs. 213.12,cash ,Ongoing,
RPD102337,CUST3387,DRV553,BANGALORE,Jayanagar,Indiranagar,2026-06-09 21:50:00,,8.07,34.5,Medium,17.0,Clear,1.21,111.84,Rs. 135.33,upi,COMPLETED,4.5
RPD102039,CUST3882,DRV737,Pune,Viman Nagar,Kothrud,29/06/2026 14:02,Bike,16.05,5.4,Medium,16.0,,1.12,111.3,124.66,Cash,Cancelled by Driver,
RPD101970,CUST3290,DRV330,Pune,Viman Nagar,Hinjewadi,2026-06-10 08:11:00,cab economy,2.44,23.7,High,9.0,Fog,1.32,44.28,58.45,wallet,Cancelled by Driver,
RPD103509,CUST2157,,hyderabad ,Gachibowli,Gachibowli,24/06/2026 18:54,cab economy,6.27,11.4,Very High,6.0,Cloudy,1.86,90.24,167.85,Card,Cancelled by Customer,
RPD103571,CUST1524,DRV586,BANGALORE,Electronic City,HSR Layout,05/07/2026 12:14,cab economy,4.78,29.5,Low,15.0,Cloudy,1.01,72.36,73.08,cash ,completed,5.0
RPD101650,CUST2674,DRV585,Mumbai,Andheri,Colaba,2026-07-16 03:16:00,Cab Economy,9.42,16.3,Very High,22.0,Rain,1.92,128.04,245.84,cash ,Completed,5.0
RPD103987,CUST2878,DRV172,BANGALORE,Jayanagar,MG Road,2026-06-14 03:40:00,,1.53,27.9,Medium,26.0,Clear,1.21,33.36,40.37,UPI,completed,4.2
RPD102427,CUST2746,DRV112,mumbai,Powai,Borivali,16/06/2026 18:30,auto,8.06,20.6,Very High,1.0,Clear,1.93,87.54,168.95,wallet,COMPLETED,4.3
RPD101088,CUST2419,DRV797,BANGALORE,Indiranagar,Electronic City,01/07/2026 10:32,auto,7.5,19.9,Low,19.0,,1.09,82.5,89.93,Card,Ongoing,
RPD104954,CUST2536,DRV275,Bengaluru,Indiranagar,Jayanagar,2026-06-09 02:22:00,BIKE,5.13,5.5,Very High,26.0,Rain,1.86,45.78,85.15,wallet,Completed,4.1
RPD104244,CUST3990,DRV155,Bengaluru,HSR Layout,Indiranagar,2026-06-17 21:35:00,cab economy,4.73,18.2,Low,15.0,Fog,1.06,71.76,76.07,Cash,Cancelled by Driver,
RPD103140,CUST2286,DRV376,Bangalore,MG Road,Whitefield,2026-07-06 18:42:00,,5.35,18.4,High,13.0,Clear,1.43,79.2,113.26,cash ,Completed,4.7
RPD104005,CUST2799,DRV272,Bangalore,HSR Layout,Koramangala,28/06/2026 19:13,bike,4.68,10.9,Very High,8.0,Clear,1.97,43.08,84.87,upi,Completed,4.1
RPD104115,CUST1290,,hyderabad ,Kukatpally,Banjara Hills,2026-07-01 08:05:00,Cab Premium,2.97,10.1,Very High,6.0,Cloudy,1.92,68.46,131.44,wallet,Cancelled by Customer,
RPD101755,CUST1961,DRV573,hyderabad ,Banjara Hills,Banjara Hills,2026-06-20 04:00:00,,4.23,10.1,Very High,27.0,Rain,1.9,65.76,124.94,upi,completed,4.0
RPD100295,CUST2244,DRV179,Bengaluru,MG Road,HSR Layout,06/06/2026 14:51,Cab Premium,1.38,48.4,Low,24.0,Heavy Rain,1.0,39.84,39.84,cash ,COMPLETED,4.8
RPD104104,CUST2785,DRV365,BANGALORE,HSR Layout,MG Road,2026-07-10 21:17:00,bike,3.57,31.3,Low,20.0,,1.01,36.42,36.78,,COMPLETED,3.8
RPD100966,CUST1149,DRV401,Bangalore,Electronic City,Indiranagar,27-Jun-2026 06:10 AM,,4.49,52.2,Very High,10.0,Rain,1.85,68.88,127.43,Cash,Completed,4.4
RPD101823,CUST1221,DRV423,Hyderabad,Hitech City,Gachibowli,12-Jun-2026 01:02 PM,BIKE,3.52,22.7,Medium,19.0,Fog,1.13,36.12,40.82,Card,completed,5.0
RPD101910,CUST2671,DRV714,Mumbai,Dadar,Dadar,2026-07-01 11:07:00,Bike,2.71,7.9,Medium,38.0,Clear,1.12,31.26,35.01,cash ,completed,4.8
RPD102915,CUST1729,DRV283,bangalore,Electronic City,HSR Layout,2026-07-01 18:50:00,,3.39,7.6,Very High,4.0,Cloudy,1.9,55.68,105.79,UPI,completed,4.5
RPD102861,CUST1225,DRV126,bangalore,HSR Layout,Jayanagar,2026-06-29 02:40:00,BIKE,3.38,16.9,Very High,17.0,Heavy Rain,2.01,35.28,70.91,cash ,completed,5.0
RPD103809,CUST2959,,mumbai,Colaba,Borivali,2026-07-11 21:43:00,Cab Economy,3.32,21.8,Low,25.0,Rain,1.0,54.84,54.84,cash ,Cancelled by Customer,
RPD102364,CUST1261,DRV284,Pune,Viman Nagar,Kothrud,10/07/2026 09:52,Cab Economy,3.84,19.2,High,16.0,Clear,1.36,61.08,83.07,cash ,Cancelled by Driver,
RPD100529,CUST2886,DRV423,hyderabad ,Gachibowli,Kukatpally,2026-06-28 10:49:00,,1.08,19.9,Low,13.0,,1.0,27.96,27.96,Cash,Ongoing,
RPD103203,CUST2347,,Pune,Baner,Camp,2026-06-11 07:25:00,BIKE,4.75,19.6,Low,21.0,Fog,1.02,43.5,44.37,upi,Cancelled by Customer,
RPD103226,CUST3212,DRV482,bangalore,Electronic City,HSR Layout,14/07/2026 21:44,Bike,3.04,39.1,Very High,29.0,Heavy Rain,1.93,33.24,64.15,cash ,COMPLETED,3.6
RPD101969,CUST3133,DRV773,Bangalore,Whitefield,Electronic City,2026-06-23 07:06:00,Auto,1.42,3.9,Very High,30.0,Heavy Rain,1.89,27.78,52.5,Card,Completed,4.8
RPD102238,CUST3173,DRV672,BANGALORE,MG Road,Koramangala,11-Jun-2026 07:47 AM,Auto,7.56,13.4,Low,29.0,Cloudy,1.0,83.04,83.04,upi,completed,4.4
RPD100028,CUST2636,DRV349,Bengaluru,Jayanagar,Indiranagar,2026-06-10 00:02:00,bike,1.73,15.7,Medium,22.0,Cloudy,1.14,25.38,28.93,Cash,COMPLETED,4.9
RPD104124,CUST1029,DRV308,Pune,Hinjewadi,Camp,27/06/2026 05:39,Cab Premium,5.44,15.1,Low,24.0,Clear,1.0,112.92,112.92,,Completed,4.4
RPD101674,CUST2795,DRV136,mumbai,Borivali,Dadar,2026-06-03 03:29:00,Bike,1.16,6.7,Low,12.0,Clear,1.0,21.96,21.96,wallet,Completed,4.0
RPD100275,CUST1039,DRV280,BANGALORE,Electronic City,Indiranagar,07-Jul-2026 09:14 PM,,13.4,10.9,Low,17.0,Cloudy,1.0,175.8,175.8,wallet,COMPLETED,4.2
RPD101073,CUST1438,DRV115,Mumbai,Powai,Powai,2026-07-13 11:16:00,,6.73,9.7,Low,17.0,Heavy Rain,1.08,95.76,103.42,Wallet,Ongoing,
RPD101075,CUST3450,DRV653,Bangalore,Whitefield,Whitefield,2026-07-01 18:44:00,cab economy,13.95,21.1,High,10.0,,1.45,182.4,264.48,wallet,Completed,5.0
RPD103954,CUST3494,,Pune,Camp,Kothrud,2026-06-17 12:04:00,Auto,1.53,18.0,Low,22.0,Clear,1.07,28.77,Rs. 30.78,Card,Cancelled by Customer,
RPD104137,CUST2934,DRV464,bangalore,Indiranagar,Koramangala,02-Jun-2026 07:40 AM,,1.03,19.5,Low,18.0,Cloudy,1.0,27.36,27.36,wallet,completed,
RPD103718,CUST2346,DRV269,BANGALORE,Indiranagar,HSR Layout,2026-07-06 16:26:00,BIKE,16.69,21.5,Very High,12.0,Rain,1.93,115.14,222.22,Cash,Ongoing,
RPD104038,CUST1454,DRV744,Bengaluru,MG Road,Koramangala,2026-06-28 19:26:00,BIKE,0.5,19.2,Very High,4.0,Cloudy,1.84,18.0,33.12,upi,COMPLETED,5.0
RPD104517,CUST2456,DRV149,Hyderabad,Gachibowli,Madhapur,2026-06-30 05:07:00,Cab Premium,1.6,28.9,Medium,16.0,Cloudy,1.04,43.8,45.55,upi,completed,4.2
RPD102303,CUST1393,DRV394,Bengaluru,Electronic City,Electronic City,08-Jul-2026 08:09 AM,,4.56,8.3,High,6.0,Clear,1.28,69.72,89.24,wallet,COMPLETED,5.0
RPD103383,CUST3141,DRV313,BANGALORE,Koramangala,HSR Layout,2026-07-12 17:53:00,BIKE,0.99,20.3,Low,21.0,Cloudy,1.01,20.94,21.15,wallet,Completed,5.0
RPD104410,CUST2364,,mumbai,Andheri,Powai,2026-06-30 20:44:00,BIKE,3.66,36.4,Very High,9.0,Heavy Rain,1.98,36.96,73.18,upi,Cancelled by Customer,
RPD101291,CUST2514,,mumbai,Powai,Powai,10-Jun-2026 12:54 PM,cab economy,6.79,13.3,Very High,18.0,Rain,1.93,96.48,186.21,Card,Cancelled by Customer,
RPD103705,CUST1920,DRV136,mumbai,Borivali,Colaba,01-Jun-2026 02:52 AM,Cab Economy,9.51,35.1,Low,14.0,Fog,1.0,129.12,129.12,Cash,Completed,4.9
RPD100586,CUST1855,DRV725,BANGALORE,Electronic City,Electronic City,09-Jul-2026 08:33 PM,Cab Economy,5.01,13.1,Very High,6.0,Heavy Rain,1.91,75.12,143.48,upi,COMPLETED,5.0
RPD100838,CUST1791,DRV382,Bangalore,Whitefield,Electronic City,2026-06-07 12:48:00,cab economy,3.2,15.5,Medium,23.0,Fog,1.22,53.4,65.15,Cash,Completed,4.1
RPD100711,CUST2266,DRV244,Pune,Viman Nagar,Camp,2026-06-26 18:01:00,,3.92,11.0,Very High,15.0,Rain,1.87,62.04,116.01,Wallet,Completed,4.2
RPD104750,CUST3965,DRV658,Bangalore,Whitefield,HSR Layout,21/06/2026 08:44,,4.78,9.1,High,11.0,Clear,1.36,72.36,98.41,upi,COMPLETED,3.8
RPD102616,CUST2952,,bangalore,Koramangala,Whitefield,13-Jun-2026 04:40 AM,Auto,2.57,12.8,Low,13.0,Heavy Rain,1.11,38.13,42.32,Wallet,Cancelled by Customer,
RPD101251,CUST3949,DRV670,Bangalore,Indiranagar,MG Road,12/06/2026 13:41,BIKE,12.49,5.7,Low,13.0,Cloudy,1.03,89.94,92.64,UPI,Cancelled by Driver,
RPD104314,CUST2480,DRV528,Bengaluru,Koramangala,Jayanagar,2026-07-10 16:03:00,Auto,4.56,29.3,Low,15.0,Fog,1.06,56.04,59.4,cash ,Cancelled by Driver,
RPD102966,CUST3684,DRV797,Bangalore,Jayanagar,MG Road,2026-06-09 21:50:00,Cab Economy,2.3,3.0,Medium,14.0,Cloudy,1.15,42.6,48.99,cash ,Ongoing,
RPD101438,CUST1117,DRV255,hyderabad ,Gachibowli,Kukatpally,29/06/2026 09:01,BIKE,9.9,7.3,High,4.0,Fog,1.35,74.4,100.44,wallet,completed,4.6
RPD103926,CUST3087,DRV120,Pune,Kothrud,Camp,08/07/2026 20:03,Bike,8.74,20.2,Very High,19.0,Heavy Rain,1.84,67.44,124.09,Card,Ongoing,
RPD101554,CUST3445,DRV445,hyderabad ,Kukatpally,Hitech City,2026-07-03 19:18:00,,8.85,7.6,High,8.0,Rain,1.47,121.2,178.16,UPI,COMPLETED,4.6
RPD100817,CUST1267,DRV187,Pune,Camp,Kothrud,2026-06-10 13:20:00,cab economy,5.9,17.1,Medium,22.0,Heavy Rain,1.13,85.8,96.95,UPI,Completed,5.0
RPD101244,CUST3153,DRV541,BANGALORE,Whitefield,Koramangala,2026-07-02 09:50:00,Auto,6.93,12.4,Very High,8.0,Rain,1.87,77.37,144.68,upi,completed,5.0
RPD104069,CUST3279,DRV735,Pune,Camp,Hinjewadi,30-Jun-2026 07:10 AM,Cab Economy,8.83,22.9,Medium,15.0,,1.18,120.96,142.73,UPI,completed,3.9
RPD100958,CUST1346,DRV581,Pune,Kothrud,Viman Nagar,24-Jun-2026 09:55 AM,Cab Economy,10.78,14.2,Very High,11.0,Heavy Rain,1.93,144.36,278.61,wallet,COMPLETED,
RPD100303,CUST1552,DRV592,Bengaluru,HSR Layout,Whitefield,2026-06-26 04:08:00,,1.2,5.8,Low,21.0,Cloudy,1.02,29.4,29.99,cash ,COMPLETED,4.9
RPD102620,CUST3335,,BANGALORE,Electronic City,Electronic City,2026-07-14 23:24:00,,7.26,27.7,Low,16.0,,1.04,102.12,106.2,cash ,Cancelled by Customer,
RPD104768,CUST1406,DRV103,Hyderabad,Banjara Hills,Banjara Hills,2026-07-15 22:23:00,cab economy,0.64,13.3,Very High,2.0,Rain,1.9,22.68,Rs. 43.09,,completed,3.7
RPD104121,CUST1595,,mumbai,Bandra,Dadar,02-Jun-2026 10:45 AM,Cab Economy,1.69,16.8,Low,17.0,Heavy Rain,1.0,35.28,35.28,upi,Cancelled by Customer,
RPD102679,CUST1743,DRV467,Bangalore,Jayanagar,HSR Layout,03-Jul-2026 06:39 AM,auto,10.05,15.1,Medium,23.0,Clear,1.24,105.45,130.76,UPI,Cancelled by Driver,
RPD103560,CUST3657,DRV159,Bengaluru,Indiranagar,HSR Layout,2026-07-15 07:26:00,Auto,1.79,23.7,Low,21.0,Cloudy,1.0,31.11,31.11,Wallet,Completed,4.4
RPD102486,CUST3221,DRV333,Pune,Camp,Viman Nagar,19/06/2026 08:24,,5.8,18.1,Very High,14.0,Fog,1.9,84.6,160.74,Cash,Completed,4.3
RPD104998,CUST1970,DRV583,Hyderabad,Madhapur,Kukatpally,2026-06-16 17:51:00,BIKE,13.76,17.1,Low,17.0,Cloudy,1.0,97.56,97.56,Wallet,COMPLETED,5.0
RPD103832,CUST2731,DRV121,hyderabad ,Kukatpally,Madhapur,2026-07-07 06:56:00,bike,3.72,17.6,Very High,12.0,Rain,1.89,37.32,70.53,Cash,Ongoing,
RPD101064,CUST3619,DRV497,mumbai,Colaba,Andheri,2026-06-25 00:06:00,bike,2.58,3.0,Low,12.0,Heavy Rain,1.04,30.48,31.7,UPI,Ongoing,
RPD100873,CUST2243,DRV648,bangalore,HSR Layout,Electronic City,02/06/2026 13:04,Bike,6.01,18.5,Very High,20.0,Heavy Rain,1.85,51.06,94.46,Wallet,Cancelled by Driver,
RPD104986,CUST1372,DRV385,Pune,Baner,Baner,2026-06-27 03:29:00,BIKE,1.61,4.5,Medium,23.0,Rain,1.07,24.66,26.39,Wallet,completed,
RPD102820,CUST1896,DRV295,hyderabad ,Gachibowli,Kukatpally,2026-06-30 14:32:00,BIKE,4.82,16.5,Medium,24.0,Heavy Rain,1.2,43.92,52.7,upi,Completed,4.2
RPD104125,CUST2911,DRV800,Mumbai,Borivali,Borivali,2026-07-07 21:09:00,Cab Premium,999.0,11.3,Low,11.0,Fog,1.03,17997.0,18536.91,Wallet,COMPLETED,5.0
RPD100953,CUST2537,DRV142,Pune,Camp,Hinjewadi,16-Jun-2026 01:09 PM,Cab Economy,4.96,12.0,Low,29.0,,1.06,74.52,78.99,UPI,Ongoing,
RPD100160,CUST1132,DRV560,bangalore,Whitefield,Jayanagar,05-Jul-2026 11:34 AM,,5.61,31.2,Low,22.0,Rain,1.0,82.32,82.32,Card,Cancelled by Driver,
RPD100907,CUST3407,DRV220,Hyderabad,Banjara Hills,Madhapur,20/06/2026 09:41,Auto,6.31,11.6,Very High,8.0,Heavy Rain,1.84,71.79,132.09,Cash,Completed,4.3
RPD100924,CUST1562,DRV637,Pune,Kothrud,Viman Nagar,22-Jun-2026 01:04 PM,auto,4.74,5.8,Medium,10.0,Cloudy,1.09,57.66,62.85,upi,COMPLETED,4.9
RPD102771,CUST3128,DRV439,bangalore,Electronic City,Koramangala,2026-06-07 22:44:00,Auto,3.46,45.0,Low,13.0,Cloudy,1.0,46.14,46.14,Cash,Completed,4.6
RPD100060,CUST1136,,Hyderabad,Banjara Hills,Gachibowli,09/07/2026 11:14,BIKE,3.38,16.5,Low,10.0,,1.0,35.28,35.28,Wallet,Cancelled by Customer,
RPD102923,CUST3012,DRV620,hyderabad ,Banjara Hills,Hitech City,2026-06-06 18:37:00,Auto,4.33,12.7,Very High,21.0,Rain,1.91,53.97,103.08,Wallet,Completed,4.4
RPD104695,CUST1276,DRV544,Mumbai,Dadar,Bandra,2026-07-09 08:32:00,Bike,11.21,15.8,Very High,2.0,Clear,1.92,82.26,157.94,UPI,Completed,4.7
RPD104849,CUST3652,,BANGALORE,HSR Layout,Whitefield,2026-06-12 19:12:00,bike,5.28,18.7,Very High,7.0,Rain,1.88,46.68,87.76,Wallet,Cancelled by Customer,
RPD103804,CUST2142,DRV677,Mumbai,Borivali,Andheri,20-Jun-2026 07:29 AM,Cab Economy,11.97,36.0,Medium,24.0,Heavy Rain,1.15,158.64,182.44,cash ,completed,4.6
RPD101976,CUST2860,,Pune,Viman Nagar,Baner,2026-07-16 19:01:00,bike,2.11,11.1,Very High,14.0,Heavy Rain,1.9,27.66,52.55,wallet,Cancelled by Customer,
RPD100024,CUST3361,,hyderabad ,Banjara Hills,Hitech City,08/06/2026 08:11,Cab Premium,7.54,18.3,Very High,19.0,Heavy Rain,1.92,150.72,289.38,cash ,Cancelled by Customer,
RPD104119,CUST3950,DRV254,Mumbai,Andheri,Andheri,05/06/2026 22:07,BIKE,8.89,26.7,Low,14.0,Cloudy,1.0,68.34,68.34,,Cancelled by Driver,
RPD102626,CUST3932,DRV367,hyderabad ,Hitech City,Banjara Hills,2026-06-15 16:57:00,cab economy,2.37,8.8,Medium,19.0,Fog,1.11,43.44,48.22,Cash,Ongoing,
RPD100684,CUST3818,DRV353,Pune,Kothrud,Camp,16-Jun-2026 12:02 AM,,3.9,22.3,Low,22.0,Cloudy,1.03,61.8,63.65,UPI,Completed,4.8
RPD103736,CUST1869,DRV562,Mumbai,Colaba,Andheri,29-Jun-2026 01:17 AM,auto,9.85,28.7,Very High,21.0,Rain,1.91,103.65,197.97,UPI,Completed,3.3
RPD103064,CUST3029,DRV660,mumbai,Colaba,Bandra,2026-06-27 04:57:00,Cab Economy,8.33,4.2,Medium,18.0,Clear,1.16,114.96,133.35,,Ongoing,
RPD102395,CUST1111,DRV183,mumbai,Andheri,Andheri,2026-07-14 20:18:00,BIKE,6.65,36.5,High,8.0,Fog,1.42,54.9,77.96,UPI,COMPLETED,3.9
RPD104395,CUST3132,DRV408,mumbai,Borivali,Bandra,2026-06-20 22:34:00,BIKE,1.41,50.8,Very High,5.0,Heavy Rain,1.92,23.46,45.04,cash ,COMPLETED,4.4
RPD103716,CUST2068,,hyderabad ,Banjara Hills,Gachibowli,02/07/2026 01:18,auto,1.55,31.1,Medium,22.0,Heavy Rain,1.2,28.95,34.74,,Cancelled by Customer,
RPD103604,CUST2010,DRV593,Mumbai,Borivali,Colaba,23/06/2026 00:09,Bike,3.86,5.6,Low,20.0,,1.01,38.16,38.54,,Completed,4.9
RPD102141,CUST2957,DRV601,Mumbai,Bandra,Dadar,06/07/2026 14:05,Cab Premium,4.89,23.5,Very High,22.0,Rain,1.89,103.02,194.71,Card,Cancelled by Driver,
RPD102057,CUST1067,DRV509,Hyderabad,Banjara Hills,Kukatpally,2026-06-12 19:16:00,Cab Premium,1.23,17.9,High,9.0,Cloudy,1.47,37.14,54.6,Card,Cancelled by Driver,
RPD102703,CUST1252,DRV325,Bengaluru,MG Road,Indiranagar,11-Jul-2026 01:23 PM,Cab Premium,7.05,13.0,Medium,12.0,Heavy Rain,1.06,141.9,150.41,Card,completed,4.3
RPD100229,CUST3249,DRV100,bangalore,HSR Layout,HSR Layout,07-Jul-2026 02:05 PM,cab economy,3.5,35.5,Medium,20.0,,1.09,57.0,62.13,upi,Ongoing,
RPD100490,CUST2069,DRV108,hyderabad ,Gachibowli,Banjara Hills,2026-06-13 21:21:00,auto,5.68,9.5,Low,20.0,Rain,1.07,66.12,70.75,Card,COMPLETED,5.0
RPD101238,CUST3952,DRV135,Hyderabad,Hitech City,Kukatpally,18/06/2026 06:01,,8.43,32.2,Low,16.0,Clear,1.0,116.16,116.16,cash ,Cancelled by Driver,
RPD103714,CUST2849,DRV708,Pune,Hinjewadi,Baner,04/07/2026 09:48,bike,2.44,14.6,Very High,10.0,,1.85,29.64,54.83,Card,COMPLETED,4.6
RPD100830,CUST3933,DRV556,Bengaluru,Electronic City,Koramangala,2026-07-12 21:16:00,cab economy,1.41,6.0,Low,18.0,Heavy Rain,1.02,31.92,32.56,UPI,COMPLETED,3.9
RPD104382,CUST2802,,Pune,Hinjewadi,Camp,2026-06-22 22:00:00,Cab Premium,4.6,4.6,Very High,16.0,Heavy Rain,4.02,97.8,Rs. 393.16,wallet,Cancelled by Customer,
RPD100386,CUST2119,DRV524,BANGALORE,Jayanagar,Electronic City,2026-07-09 02:09:00,Cab Economy,7.74,7.5,Low,15.0,Clear,1.0,107.88,107.88,Cash,Completed,3.9
RPD103852,CUST1133,DRV508,Hyderabad,Hitech City,Banjara Hills,14-Jul-2026 03:16 AM,,4.07,39.9,Medium,13.0,Cloudy,1.13,63.84,72.14,cash ,completed,4.0
RPD102498,CUST3788,,Mumbai,Bandra,Borivali,24-Jun-2026 01:03 AM,bike,2.69,29.6,Medium,20.0,Cloudy,1.14,31.14,35.5,Card,Cancelled by Customer,
RPD102284,CUST3094,DRV747,Bengaluru,Jayanagar,Indiranagar,18-Jun-2026 09:47 PM,bike,3.41,12.9,Low,18.0,,1.0,35.46,35.46,wallet,COMPLETED,5.0
RPD100016,CUST3315,DRV635,Bangalore,Electronic City,Koramangala,2026-06-12 02:38:00,Auto,3.81,13.3,Medium,22.0,Fog,1.16,49.29,57.18,Wallet,Ongoing,
RPD104028,CUST3621,DRV196,Bangalore,Jayanagar,Koramangala,02-Jun-2026 09:39 PM,,3.37,8.2,Medium,23.0,Fog,1.1,55.44,60.98,UPI,Completed,4.6
RPD103163,CUST2288,DRV204,Mumbai,Powai,Colaba,2026-07-07 05:09:00,cab economy,2.43,18.7,Very High,29.0,Heavy Rain,1.93,44.16,85.23,Cash,Cancelled by Driver,
RPD104933,CUST2601,DRV576,bangalore,MG Road,Jayanagar,2026-07-11 05:38:00,auto,1.96,25.4,Low,18.0,Clear,1.08,32.64,35.25,upi,COMPLETED,
RPD101389,CUST3240,,Pune,Viman Nagar,Baner,2026-07-08 06:27:00,Auto,4.63,21.1,Low,18.0,Heavy Rain,1.0,56.67,56.67,UPI,Cancelled by Customer,
RPD104569,CUST1375,DRV797,hyderabad ,Kukatpally,Banjara Hills,2026-07-11 12:28:00,Bike,2.2,30.5,Low,18.0,Clear,1.03,28.2,29.05,Cash,completed,4.1
RPD101589,CUST3493,DRV520,Bengaluru,Jayanagar,Koramangala,11-Jun-2026 07:29 PM,BIKE,5.12,17.0,High,8.0,,1.4,45.72,64.01,cash ,Cancelled by Driver,
RPD103636,CUST1665,,Pune,Hinjewadi,Kothrud,2026-06-08 01:37:00,BIKE,5.56,8.5,Low,21.0,Cloudy,1.0,48.36,48.36,,Cancelled by Customer,
RPD103349,CUST2532,DRV248,Bangalore,Jayanagar,Koramangala,2026-07-13 22:16:00,Cab Economy,5.37,67.0,Medium,30.0,Heavy Rain,1.09,79.44,86.59,upi,COMPLETED,3.8
RPD104871,CUST2126,,hyderabad ,Gachibowli,Hitech City,01-Jul-2026 09:37 PM,Bike,5.34,21.3,Low,15.0,Cloudy,1.02,47.04,Rs. 47.98,cash ,Cancelled by Customer,
RPD101752,CUST1322,DRV775,Bangalore,Koramangala,Indiranagar,2026-06-09 07:02:00,Cab Economy,5.25,15.9,Low,21.0,Cloudy,1.0,78.0,78.0,Wallet,Completed,4.0
RPD103275,CUST2944,DRV346,hyderabad ,Banjara Hills,Hitech City,02-Jun-2026 12:59 AM,Auto,-1.3,16.4,Low,29.0,Cloudy,1.0,15.9,15.9,Cash,COMPLETED,4.8
RPD101151,CUST3670,,Pune,Hinjewadi,Camp,2026-07-04 15:13:00,Auto,3.37,24.4,Medium,23.0,Clear,1.17,45.33,53.04,wallet,Cancelled by Customer,
RPD103427,CUST1656,,Bengaluru,Electronic City,MG Road,10-Jun-2026 05:30 AM,Cab Economy,2.64,17.1,Low,17.0,Heavy Rain,1.01,46.68,47.15,,Cancelled by Customer,
RPD101305,CUST2758,DRV160,Bengaluru,Indiranagar,HSR Layout,2026-07-15 05:48:00,bike,3.04,36.1,Low,16.0,Cloudy,1.0,33.24,33.24,Cash,Ongoing,
RPD101232,CUST1982,DRV582,Bengaluru,Electronic City,HSR Layout,2026-07-07 05:22:00,auto,1.3,49.0,Very High,19.0,Rain,1.89,26.7,50.46,,Ongoing,
RPD102745,CUST3686,DRV211,Pune,Hinjewadi,Kothrud,2026-06-24 07:19:00,auto,7.26,13.5,Low,20.0,Cloudy,1.08,80.34,86.77,UPI,Ongoing,
RPD101793,CUST3294,DRV130,Bangalore,MG Road,Indiranagar,2026-07-13 08:43:00,cab economy,7.56,8.6,High,0.0,Heavy Rain,1.35,105.72,142.72,upi,completed,4.5
RPD104700,CUST1746,DRV554,mumbai,Colaba,Bandra,10-Jun-2026 06:23 PM,Bike,8.44,7.5,Very High,12.0,Heavy Rain,2.0,65.64,131.28,UPI,completed,3.6
RPD103556,CUST1388,,Hyderabad,Hitech City,Madhapur,2026-07-12 02:46:00,Bike,3.19,22.8,Medium,20.0,Cloudy,1.18,34.14,40.29,cash ,Cancelled by Customer,
RPD101270,CUST2605,DRV528,Hyderabad,Kukatpally,Madhapur,11-Jun-2026 05:20 AM,cab economy,1.73,10.5,Medium,10.0,,1.19,35.76,42.55,wallet,Ongoing,
RPD103161,CUST2181,DRV277,bangalore,Jayanagar,Koramangala,2026-07-09 19:54:00,auto,7.08,8.0,High,14.0,,1.41,78.72,111.0,wallet,COMPLETED,5.0
RPD103489,CUST2820,DRV454,Bangalore,Jayanagar,Jayanagar,2026-07-06 06:00:00,cab economy,8.53,31.1,Low,22.0,Clear,1.0,117.36,117.36,Card,Cancelled by Driver,
RPD100964,CUST3785,DRV318,hyderabad ,Hitech City,Gachibowli,2026-07-15 12:21:00,auto,5.86,20.5,Low,19.0,Fog,1.01,67.74,68.42,wallet,Completed,4.0
RPD103155,CUST3435,DRV718,hyderabad ,Hitech City,Madhapur,17/06/2026 07:57,,6.41,9.3,Very High,14.0,Heavy Rain,1.96,91.92,180.16,UPI,COMPLETED,5.0
RPD100498,CUST2575,,bangalore,Whitefield,MG Road,30-Jun-2026 11:44 AM,BIKE,7.36,13.8,Medium,22.0,Cloudy,1.17,59.16,69.22,Cash,Cancelled by Customer,
RPD100353,CUST3688,,Bengaluru,Koramangala,Koramangala,10-Jul-2026 02:03 AM,bike,1.82,22.2,Low,14.0,,1.0,25.92,25.92,Cash,Cancelled by Customer,
RPD101839,CUST1595,DRV551,BANGALORE,Whitefield,MG Road,2026-06-03 21:22:00,,2.46,23.3,Low,27.0,Cloudy,1.0,44.52,44.52,upi,Cancelled by Driver,
RPD104059,CUST1716,DRV491,BANGALORE,Whitefield,HSR Layout,2026-06-27 04:21:00,Cab Economy,1.67,35.2,Low,17.0,Clear,1.0,35.04,35.04,upi,COMPLETED,5.0
RPD102491,CUST3373,,Bangalore,MG Road,Electronic City,06/06/2026 18:07,auto,1.04,17.7,Very High,13.0,Rain,1.92,24.36,46.77,,Cancelled by Customer,
RPD100002,CUST1396,,hyderabad ,Kukatpally,Gachibowli,29-Jun-2026 06:17 PM,Cab Premium,-5.1,11.4,Very High,0.0,Heavy Rain,1.85,16.8,31.08,Wallet,Cancelled by Customer,
RPD104347,CUST1015,,mumbai,Borivali,Dadar,11-Jul-2026 07:26 AM,Auto,9.62,26.3,Low,31.0,Clear,1.02,101.58,103.61,Cash,Cancelled by Customer,
RPD100286,CUST2521,,BANGALORE,Koramangala,Electronic City,2026-06-02 05:06:00,Bike,6.66,21.7,Very High,26.0,Rain,1.89,54.96,103.87,,Cancelled by Customer,
RPD104891,CUST1979,DRV192,mumbai,Andheri,Powai,2026-07-07 20:51:00,BIKE,2.85,11.4,High,6.0,Fog,1.42,32.1,45.58,Wallet,Completed,4.3
RPD101647,CUST2594,DRV774,Pune,Kothrud,Kothrud,03/07/2026 17:31,Cab Premium,4.73,28.9,Very High,24.0,Heavy Rain,1.92,100.14,192.27,UPI,completed,4.7
RPD100784,CUST1652,DRV272,bangalore,MG Road,Koramangala,11/07/2026 12:20,Auto,10.6,14.9,Low,22.0,Heavy Rain,1.04,110.4,114.82,Wallet,Cancelled by Driver,
RPD102909,CUST1639,DRV765,BANGALORE,Whitefield,Koramangala,24-Jun-2026 11:21 AM,bike,3.66,19.1,Medium,10.0,Cloudy,1.22,36.96,45.09,wallet,Cancelled by Driver,
RPD104110,CUST3633,DRV478,hyderabad ,Kukatpally,Kukatpally,2026-07-10 10:43:00,cab economy,0.63,13.4,Low,21.0,,1.02,22.56,23.01,UPI,COMPLETED,4.7
RPD104787,CUST3611,,Pune,Viman Nagar,Hinjewadi,19-Jun-2026 06:56 PM,auto,11.22,4.0,Very High,6.0,Clear,3.68,115.98,426.81,,Cancelled by Customer,
RPD102397,CUST3265,DRV571,bangalore,Koramangala,HSR Layout,29/06/2026 10:13,cab economy,6.22,8.4,Very High,17.0,Rain,1.82,89.64,163.14,UPI,Ongoing,
RPD100069,CUST3593,DRV699,Hyderabad,Hitech City,Hitech City,01/07/2026 12:27,bike,9.3,21.6,Low,19.0,Clear,1.0,70.8,70.8,Wallet,Ongoing,
RPD100404,CUST3026,DRV705,Mumbai,Borivali,Dadar,02/07/2026 03:36,cab economy,3.68,19.2,Low,15.0,Cloudy,1.0,59.16,59.16,wallet,Cancelled by Driver,
RPD103435,CUST2651,DRV652,hyderabad ,Banjara Hills,Banjara Hills,2026-06-05 19:09:00,Cab Premium,3.8,14.4,Very High,10.0,Heavy Rain,1.9,83.4,158.46,Card,Completed,5.0
RPD102803,CUST1107,DRV762,Bangalore,Jayanagar,Jayanagar,2026-06-24 11:47:00,BIKE,4.45,28.6,Medium,36.0,Cloudy,1.26,41.7,52.54,Card,Ongoing,
RPD100798,CUST1476,,mumbai,Borivali,Bandra,08-Jul-2026 04:10 PM,Cab Economy,3.78,13.3,Low,29.0,Cloudy,1.0,60.36,60.36,upi,Cancelled by Customer,
RPD103099,CUST2975,DRV502,Pune,Viman Nagar,Kothrud,2026-06-16 15:46:00,BIKE,11.33,13.3,Very High,23.0,Heavy Rain,1.97,82.98,163.47,Cash,Ongoing,
RPD103706,CUST2488,DRV462,Bangalore,Koramangala,MG Road,09/07/2026 04:24,Bike,5.15,24.6,Low,26.0,Clear,1.08,45.9,49.57,UPI,Cancelled by Driver,
RPD104556,CUST2164,DRV743,Mumbai,Powai,Andheri,14-Jul-2026 11:34 AM,BIKE,13.16,11.8,Low,31.0,,1.04,93.96,97.72,cash ,COMPLETED,5.0
RPD102024,CUST3464,DRV370,Hyderabad,Madhapur,Kukatpally,2026-07-06 21:00:00,BIKE,5.88,19.8,Low,24.0,Cloudy,1.03,50.28,51.79,cash ,COMPLETED,4.3
RPD100178,CUST3238,DRV351,Mumbai,Powai,Andheri,2026-07-06 14:00:00,Auto,7.76,9.9,Low,21.0,Cloudy,1.0,84.84,84.84,Cash,completed,5.0
RPD100954,CUST1756,DRV228,Hyderabad,Hitech City,Kukatpally,14/06/2026 07:26,Cab Economy,7.42,10.2,Low,16.0,Clear,1.0,104.04,104.04,upi,Ongoing,
RPD103429,CUST1836,DRV130,BANGALORE,Jayanagar,Koramangala,2026-07-14 12:07:00,BIKE,9.52,14.8,Very High,9.0,Rain,1.85,72.12,133.42,,COMPLETED,4.3
RPD102140,CUST3705,DRV599,Bangalore,Koramangala,HSR Layout,18-Jun-2026 12:06 PM,cab economy,5.13,41.0,Low,19.0,Clear,1.0,76.56,76.56,Card,Completed,3.6
RPD101201,CUST2129,,Hyderabad,Hitech City,Madhapur,01/06/2026 17:50,auto,4.85,25.1,Low,23.0,Fog,1.02,58.65,59.82,upi,Cancelled by Customer,
RPD104393,CUST2466,,mumbai,Dadar,Powai,03-Jul-2026 06:48 PM,Bike,12.88,17.2,High,9.0,Cloudy,1.37,92.28,126.42,UPI,Cancelled by Customer,
RPD102916,CUST3075,DRV680,Hyderabad,Hitech City,Banjara Hills,14/06/2026 02:50,BIKE,10.24,30.3,Very High,18.0,Rain,1.86,76.44,142.18,cash ,Cancelled by Driver,
RPD104022,CUST1778,DRV427,hyderabad ,Hitech City,Madhapur,11-Jun-2026 07:36 PM,bike,4.42,12.9,High,1.0,Clear,1.42,41.52,58.96,UPI,COMPLETED,4.8
RPD102301,CUST2496,DRV146,BANGALORE,Whitefield,Koramangala,21/06/2026 01:30,bike,6.11,18.1,Low,15.0,Rain,1.0,51.66,51.66,Cash,COMPLETED,4.9
RPD101757,CUST3521,DRV228,Pune,Hinjewadi,Baner,2026-06-06 00:16:00,,6.42,30.0,Low,12.0,Fog,1.03,92.04,94.8,Wallet,Ongoing,
RPD103487,CUST1518,,mumbai,Colaba,Powai,2026-06-04 05:08:00,Bike,2.29,22.6,Very High,14.0,Rain,2.03,28.74,58.34,Wallet,Cancelled by Customer,
RPD102607,CUST3501,DRV411,Bengaluru,Koramangala,Indiranagar,06/06/2026 11:04,cab economy,1.78,14.3,Very High,25.0,Heavy Rain,1.96,36.36,71.27,,Cancelled by Driver,
RPD101578,CUST1762,DRV564,bangalore,Electronic City,Whitefield,2026-07-12 09:23:00,BIKE,5.92,11.9,Very High,7.0,Fog,1.97,50.52,99.52,wallet,Ongoing,
RPD102720,CUST3252,DRV486,BANGALORE,Koramangala,Whitefield,2026-06-11 18:59:00,bike,7.92,38.4,Very High,14.0,,1.85,62.52,115.66,UPI,completed,5.0
RPD102242,CUST1988,,mumbai,Andheri,Borivali,2026-06-09 16:44:00,bike,1.22,19.9,Medium,17.0,Cloudy,1.07,22.32,23.88,Card,Cancelled by Customer,
RPD101929,CUST2592,DRV132,Mumbai,Dadar,Colaba,11-Jul-2026 05:16 AM,Cab Economy,9.43,26.6,Very High,27.0,Heavy Rain,1.9,128.16,243.5,cash ,Completed,5.0
RPD102775,CUST2702,DRV628,Bangalore,Indiranagar,MG Road,2026-07-05 09:59:00,cab economy,2.99,19.0,Very High,10.0,Cloudy,1.85,50.88,94.13,upi,Completed,5.0
RPD101508,CUST2727,DRV229,Bangalore,Whitefield,HSR Layout,2026-07-11 04:20:00,Cab Premium,2.41,6.6,Very High,34.0,Heavy Rain,1.95,58.38,113.84,,COMPLETED,3.9
RPD101498,CUST1309,DRV391,BANGALORE,Indiranagar,Koramangala,19-Jun-2026 11:46 AM,bike,5.13,35.5,Low,23.0,Cloudy,1.01,45.78,46.24,Wallet,Ongoing,
RPD103750,CUST3052,DRV685,Mumbai,Borivali,Borivali,07-Jul-2026 04:08 AM,bike,4.67,7.4,Low,21.0,Cloudy,1.06,43.02,45.6,Wallet,Cancelled by Driver,
RPD102293,CUST2356,DRV564,Bengaluru,Koramangala,Koramangala,2026-07-16 22:06:00,BIKE,4.27,42.9,Very High,15.0,Rain,1.9,40.62,77.18,wallet,Completed,5.0
RPD102494,CUST2094,DRV662,mumbai,Powai,Powai,2026-06-17 19:18:00,,5.1,15.3,Very High,4.0,Heavy Rain,1.91,76.2,145.54,Card,completed,3.8
RPD104825,CUST1179,DRV637,hyderabad ,Kukatpally,Kukatpally,09-Jul-2026 06:07 PM,Bike,0.5,20.2,High,12.0,Clear,1.42,18.0,25.56,UPI,Ongoing,
RPD100539,CUST3695,,Bangalore,Indiranagar,Electronic City,2026-06-14 20:10:00,bike,4.42,20.5,High,0.0,Clear,1.45,41.52,60.2,UPI,Cancelled by Customer,
RPD101331,CUST1560,,mumbai,Dadar,Powai,2026-06-13 16:52:00,Bike,4.0,30.4,Very High,17.0,Rain,1.89,39.0,73.71,wallet,Cancelled by Customer,
RPD102304,CUST1113,DRV422,Bengaluru,Jayanagar,Indiranagar,08/07/2026 20:02,Bike,1.43,10.0,High,10.0,Heavy Rain,1.36,23.58,32.07,upi,Ongoing,
RPD102500,CUST1259,DRV301,mumbai,Andheri,Andheri,2026-06-25 19:04:00,cab economy,3.85,15.3,Very High,7.0,Fog,1.95,61.2,119.34,cash ,Completed,
RPD101613,CUST2675,DRV518,Bengaluru,Whitefield,MG Road,14-Jun-2026 11:39 AM,Cab Economy,6.18,16.2,Low,19.0,Clear,1.01,89.16,90.05,cash ,Completed,4.1
RPD101489,CUST1658,DRV755,Pune,Camp,Hinjewadi,20/06/2026 18:57,Bike,2.23,15.7,High,8.0,Fog,1.41,28.38,40.02,wallet,Ongoing,
RPD102019,CUST2053,DRV493,Pune,Kothrud,Baner,09/07/2026 20:20,cab economy,4.9,6.3,Very High,0.0,Heavy Rain,1.91,73.8,140.96,cash ,COMPLETED,4.3
RPD101745,CUST1848,,Hyderabad,Banjara Hills,Hitech City,2026-07-06 10:48:00,Cab Economy,1.01,5.0,Low,35.0,Cloudy,1.03,27.12,27.93,Card,Cancelled by Customer,
RPD104839,CUST3223,DRV238,Pune,Hinjewadi,Baner,2026-07-15 21:16:00,BIKE,11.33,24.4,Low,10.0,Cloudy,1.01,82.98,83.81,,Ongoing,
RPD104041,CUST1652,DRV790,Hyderabad,Kukatpally,Gachibowli,2026-06-19 09:51:00,Bike,7.65,22.2,Very High,6.0,Clear,1.94,60.9,118.15,upi,Cancelled by Driver,
RPD104793,CUST2378,DRV738,Bengaluru,HSR Layout,Koramangala,28-Jun-2026 07:47 AM,,3.39,17.8,Low,26.0,,1.0,55.68,55.68,Cash,Ongoing,
RPD100121,CUST2751,DRV627,bangalore,Whitefield,Indiranagar,30/06/2026 20:16,auto,-8.42,3.6,Very High,0.0,Fog,1.9,15.9,30.21,Wallet,COMPLETED,5.0
RPD104240,CUST2616,DRV466,Pune,Viman Nagar,Viman Nagar,2026-06-03 05:27:00,auto,4.76,32.3,Low,12.0,Cloudy,1.0,57.84,57.84,,Completed,3.5
RPD104971,CUST3868,DRV168,Bangalore,Koramangala,Jayanagar,2026-06-21 02:20:00,Auto,2.47,9.7,Low,25.0,Clear,1.02,37.23,37.97,cash ,completed,4.4
RPD100949,CUST1332,DRV184,mumbai,Andheri,Andheri,01/06/2026 00:49,Bike,9.64,40.7,Low,22.0,Clear,1.0,72.84,72.84,cash ,Ongoing,
RPD100511,CUST1320,DRV536,Bangalore,Koramangala,Jayanagar,2026-07-02 02:12:00,BIKE,2.78,11.3,Medium,29.0,Clear,1.17,31.68,37.07,,completed,4.7
RPD101394,CUST2315,DRV186,Bengaluru,Jayanagar,Jayanagar,2026-06-12 16:17:00,bike,4.92,27.5,Low,17.0,Fog,1.0,44.52,44.52,Wallet,COMPLETED,4.8
RPD101509,CUST3690,DRV480,Pune,Baner,Kothrud,2026-07-09 07:47:00,Auto,3.9,17.0,Low,16.0,Heavy Rain,1.02,50.1,51.1,UPI,Completed,5.0
RPD104023,CUST1334,DRV348,Bengaluru,Indiranagar,HSR Layout,24/06/2026 06:08,,1.76,29.1,Low,17.0,,1.05,36.12,37.93,UPI,Completed,4.6
RPD104399,CUST1422,DRV150,mumbai,Colaba,Powai,11-Jul-2026 02:10 AM,Cab Economy,5.01,24.1,Very High,19.0,Rain,1.95,75.12,146.48,wallet,COMPLETED,3.3
RPD101332,CUST1930,DRV612,hyderabad ,Madhapur,Hitech City,2026-06-18 22:29:00,auto,4.82,15.4,Medium,13.0,Clear,1.04,58.38,,Wallet,Cancelled by Driver,
RPD101310,CUST2008,DRV503,Bengaluru,Jayanagar,HSR Layout,08/07/2026 16:52,Auto,4.67,32.0,Low,19.0,Fog,1.0,57.03,57.03,Cash,completed,4.8
RPD104004,CUST2850,,Mumbai,Colaba,Bandra,2026-06-18 13:52:00,bike,5.38,12.1,Medium,21.0,Fog,1.19,47.28,56.26,UPI,Cancelled by Customer,
RPD104755,CUST3779,DRV549,Bangalore,Indiranagar,Indiranagar,22-Jun-2026 01:01 AM,Bike,3.54,15.6,Medium,9.0,Rain,1.19,36.24,43.13,upi,Cancelled by Driver,
RPD102974,CUST1423,DRV578,Hyderabad,Banjara Hills,Banjara Hills,2026-06-08 04:27:00,Cab Premium,6.48,14.7,Medium,6.0,,1.15,131.64,151.39,wallet,completed,3.8
RPD103801,CUST2662,DRV581,Hyderabad,Madhapur,Hitech City,2026-06-08 03:02:00,auto,-8.88,29.9,Medium,19.0,Heavy Rain,1.11,15.9,17.65,Cash,COMPLETED,4.5
RPD104745,CUST2717,DRV744,BANGALORE,Jayanagar,Koramangala,2026-06-29 08:32:00,BIKE,2.22,9.7,Very High,2.0,Clear,1.92,28.32,54.37,UPI,Completed,4.8
RPD104018,CUST1070,DRV225,bangalore,Whitefield,Electronic City,12/07/2026 02:41,Auto,4.91,14.8,Very High,18.0,Rain,2.01,59.19,118.97,cash ,Cancelled by Driver,
RPD104058,CUST2397,DRV507,bangalore,MG Road,Electronic City,29-Jun-2026 07:28 PM,cab economy,2.26,10.7,Very High,6.0,Clear,1.98,42.12,83.4,upi,Completed,4.1
RPD101932,CUST1907,DRV320,mumbai,Colaba,Dadar,16-Jul-2026 04:45 PM,Bike,4.33,13.8,Low,18.0,Clear,1.0,40.98,40.98,cash ,Ongoing,
RPD102813,CUST1458,DRV136,bangalore,Koramangala,Whitefield,08-Jun-2026 03:05 AM,cab economy,2.94,23.5,Medium,8.0,Clear,1.13,50.28,56.82,wallet,Cancelled by Driver,
RPD102540,CUST3300,,Bangalore,HSR Layout,Whitefield,11/07/2026 01:17,Auto,10.08,22.8,Medium,7.0,Rain,1.22,105.72,128.98,Card,Cancelled by Customer,
RPD102670,CUST2144,DRV494,bangalore,Jayanagar,MG Road,06-Jun-2026 10:27 AM,BIKE,12.27,20.2,Medium,23.0,Rain,1.29,88.62,114.32,,Completed,4.2
RPD104197,CUST3288,DRV391,bangalore,Electronic City,HSR Layout,2026-07-04 18:51:00,Cab Economy,9.44,26.8,Very High,7.0,Heavy Rain,1.86,128.28,238.6,UPI,COMPLETED,5.0
RPD103952,CUST3358,DRV463,Bangalore,Koramangala,Electronic City,07/06/2026 04:22,auto,6.88,22.0,Medium,11.0,,1.22,76.92,93.84,cash ,Completed,4.6
RPD103720,CUST2532,DRV765,Mumbai,Dadar,Andheri,01/07/2026 06:03,Auto,5.03,43.8,Low,18.0,Cloudy,1.0,60.27,60.27,upi,COMPLETED,2.5
RPD103749,CUST3004,DRV158,Mumbai,Colaba,Bandra,2026-07-08 00:31:00,auto,5.61,23.4,Very High,25.0,Rain,1.82,65.49,119.19,wallet,Cancelled by Driver,
RPD101118,CUST3364,DRV716,Bangalore,Whitefield,Koramangala,18-Jun-2026 08:31 AM,,2.09,10.1,Very High,18.0,,1.88,40.08,75.35,cash ,Cancelled by Driver,
RPD103249,CUST1419,DRV606,hyderabad ,Kukatpally,Madhapur,04-Jun-2026 05:47 PM,Cab Economy,4.27,12.2,Low,10.0,Clear,1.06,66.24,70.21,UPI,Completed,4.9
RPD104555,CUST2991,DRV148,Bengaluru,Electronic City,Koramangala,2026-06-28 21:00:00,bike,1.99,11.3,Low,20.0,Fog,1.0,26.94,26.94,cash ,Ongoing,
RPD100664,CUST1133,DRV772,mumbai,Andheri,Powai,2026-06-10 18:01:00,,3.57,18.2,Very High,10.0,Fog,1.87,57.84,108.16,Cash,Ongoing,
RPD102823,CUST3876,,Hyderabad,Kukatpally,Kukatpally,14-Jun-2026 01:01 PM,Auto,6.82,8.6,Low,22.0,Rain,1.0,76.38,76.38,wallet,Cancelled by Customer,
RPD100574,CUST3710,,Bangalore,Electronic City,Indiranagar,2026-06-12 13:33:00,auto,10.97,4.7,Medium,23.0,Fog,1.17,113.73,133.06,Wallet,Cancelled by Customer,
RPD103653,CUST1716,DRV156,mumbai,Borivali,Colaba,2026-06-08 09:14:00,cab economy,10.01,5.9,Very High,8.0,Rain,1.86,135.12,251.32,UPI,Ongoing,
RPD100697,CUST3892,,Hyderabad,Hitech City,Banjara Hills,05/06/2026 01:08,Cab Economy,0.54,14.7,Very High,24.0,Heavy Rain,1.83,21.48,39.31,,Cancelled by Customer,
RPD104714,CUST1464,DRV442,BANGALORE,MG Road,Koramangala,2026-07-02 17:37:00,Bike,2.24,13.9,Very High,11.0,Rain,5.3,28.44,150.73,Card,completed,4.8
RPD104749,CUST3496,DRV552,Mumbai,Bandra,Andheri,14-Jun-2026 09:22 AM,Auto,5.28,12.6,High,8.0,Fog,1.3,62.52,81.28,upi,completed,4.9
RPD104532,CUST3868,,Mumbai,Borivali,Powai,2026-06-11 21:34:00,Bike,5.67,8.6,Low,17.0,,1.0,49.02,49.02,cash ,Cancelled by Customer,
RPD103170,CUST1321,DRV795,Mumbai,Powai,Powai,2026-06-13 15:06:00,Cab Premium,9.74,23.4,Low,13.0,Cloudy,1.0,190.32,190.32,upi,Completed,4.9
RPD104145,CUST1550,,BANGALORE,Indiranagar,MG Road,2026-06-27 14:04:00,Cab Economy,7.7,8.9,Medium,25.0,Clear,1.12,107.4,120.29,wallet,Cancelled by Customer,
RPD101072,CUST2414,,Bangalore,Jayanagar,Jayanagar,2026-07-15 20:47:00,cab economy,1.41,34.8,Very High,0.0,Cloudy,2.0,31.92,63.84,Cash,Cancelled by Customer,
RPD104523,CUST3304,DRV205,hyderabad ,Kukatpally,Banjara Hills,20/06/2026 00:08,BIKE,1.76,3.9,Low,25.0,Cloudy,1.01,25.56,Rs. 25.82,wallet,completed,4.3
RPD102188,CUST3826,DRV665,Mumbai,Bandra,Colaba,01-Jul-2026 03:23 AM,auto,7.45,23.5,Low,17.0,Cloudy,1.0,82.05,82.05,,Completed,4.1
RPD104155,CUST3841,,bangalore,HSR Layout,Electronic City,22/06/2026 16:30,auto,5.88,13.2,Low,29.0,Clear,1.11,67.92,75.39,wallet,Cancelled by Customer,
RPD102046,CUST1530,DRV202,hyderabad ,Hitech City,Banjara Hills,13/07/2026 21:44,cab economy,4.1,37.4,Low,9.0,Clear,1.0,64.2,64.2,upi,COMPLETED,5.0
RPD100283,CUST2227,,hyderabad ,Gachibowli,Hitech City,2026-06-29 09:23:00,,999.0,18.9,Very High,5.0,Rain,1.92,12003.0,Rs. 23045.76,UPI,Cancelled by Customer,
RPD100259,CUST3518,DRV714,mumbai,Dadar,Colaba,2026-07-08 02:14:00,,10.82,13.6,Low,23.0,Fog,1.0,144.84,144.84,UPI,completed,4.4
RPD102665,CUST2495,DRV615,Bengaluru,Indiranagar,MG Road,01-Jul-2026 08:08 PM,,9.95,19.0,High,6.0,Clear,1.4,134.4,188.16,cash ,COMPLETED,4.0
RPD101812,CUST2674,DRV695,Bengaluru,Whitefield,MG Road,2026-06-02 20:40:00,BIKE,5.49,27.7,Very High,16.0,Rain,1.93,47.94,92.52,Wallet,completed,3.4
RPD101798,CUST1356,DRV218,Mumbai,Bandra,Powai,18-Jun-2026 11:03 PM,Cab Premium,10.79,26.1,Medium,17.0,Rain,1.15,209.22,240.6,Wallet,Completed,4.3
RPD100600,CUST2533,DRV631,Bangalore,Whitefield,Jayanagar,2026-06-15 16:18:00,Cab Premium,1.59,3.7,Low,9.0,,1.08,43.62,47.11,Wallet,Completed,
RPD103234,CUST1068,DRV399,Bengaluru,Whitefield,Jayanagar,10/07/2026 21:50,BIKE,6.04,6.3,Low,15.0,Fog,1.0,51.24,51.24,wallet,Cancelled by Driver,
RPD100726,CUST2512,DRV411,Hyderabad,Gachibowli,Madhapur,2026-07-15 05:43:00,bike,6.94,3.0,Medium,38.0,,1.13,56.64,64.0,Card,COMPLETED,4.2
RPD101637,CUST2258,DRV403,Mumbai,Andheri,Andheri,2026-06-19 23:25:00,Cab Economy,4.13,34.6,Very High,26.0,Heavy Rain,1.96,64.56,126.54,UPI,completed,5.0
RPD102919,CUST1429,DRV505,Mumbai,Colaba,Andheri,26/06/2026 20:15,Cab Premium,10.38,24.5,High,10.0,Fog,1.39,201.84,280.56,Wallet,COMPLETED,3.3
RPD100678,CUST3172,DRV772,hyderabad ,Gachibowli,Hitech City,28/06/2026 02:31,Cab Premium,4.94,11.8,Low,22.0,,1.0,103.92,103.92,Cash,COMPLETED,5.0
RPD101330,CUST1689,DRV324,Hyderabad,Madhapur,Madhapur,2026-07-07 06:11:00,auto,1.6,23.0,Medium,17.0,Fog,1.21,29.4,35.57,Card,Completed,4.1
RPD101153,CUST2991,DRV487,Pune,Viman Nagar,Viman Nagar,13/06/2026 00:32,BIKE,0.5,23.8,Very High,8.0,Rain,1.91,18.0,34.38,Card,Completed,3.6
RPD101347,CUST3576,DRV652,hyderabad ,Hitech City,Banjara Hills,01-Jun-2026 06:28 AM,BIKE,4.57,20.2,Medium,13.0,Cloudy,1.13,42.42,47.93,UPI,completed,
RPD100056,CUST3842,DRV406,hyderabad ,Hitech City,Madhapur,05/06/2026 07:40,bike,0.5,25.0,Low,16.0,Cloudy,1.02,18.0,18.36,UPI,Completed,5.0
RPD104134,CUST2014,DRV137,mumbai,Powai,Andheri,2026-06-26 18:27:00,,7.43,5.3,Very High,8.0,Rain,1.94,104.16,202.07,UPI,completed,3.9
RPD100826,CUST3723,DRV208,bangalore,Jayanagar,Koramangala,01/06/2026 23:00,bike,4.26,18.6,Very High,17.0,Rain,1.83,40.56,74.22,upi,Cancelled by Driver,
RPD101412,CUST3736,DRV692,Bangalore,Indiranagar,Koramangala,2026-07-15 10:46:00,Bike,1.39,7.1,Medium,22.0,Fog,1.13,23.34,26.37,UPI,Cancelled by Driver,
RPD101547,CUST3619,DRV574,Bangalore,Jayanagar,MG Road,24/06/2026 01:00,BIKE,13.89,14.3,Low,22.0,Fog,1.0,98.34,98.34,UPI,Cancelled by Driver,
RPD103337,CUST1913,DRV190,bangalore,Electronic City,Indiranagar,16/07/2026 12:20,Auto,1.54,20.4,Low,15.0,Cloudy,1.0,28.86,28.86,cash ,Cancelled by Driver,
RPD102215,CUST3381,DRV109,BANGALORE,Jayanagar,Jayanagar,2026-06-05 16:58:00,Cab Premium,6.32,10.8,Very High,14.0,Heavy Rain,1.75,128.76,225.33,upi,Cancelled by Driver,
RPD100086,CUST1536,DRV711,mumbai,Dadar,Bandra,2026-06-15 04:09:00,,7.46,16.2,Low,6.0,,1.0,104.52,104.52,wallet,Ongoing,
RPD102921,CUST1135,DRV270,Mumbai,Dadar,Borivali,2026-06-25 02:03:00,Cab Economy,2.88,3.0,Very High,28.0,Heavy Rain,1.89,49.56,93.67,wallet,completed,3.9
RPD101362,CUST1419,DRV737,Mumbai,Andheri,Powai,2026-07-10 22:41:00,Auto,3.76,12.6,Medium,15.0,Clear,1.24,48.84,60.56,Card,Ongoing,
RPD102936,CUST2454,DRV734,mumbai,Andheri,Dadar,14/06/2026 13:37,bike,0.99,14.0,Low,12.0,Cloudy,1.03,20.94,21.57,upi,Cancelled by Driver,
RPD100889,CUST1232,DRV503,Mumbai,Bandra,Colaba,08-Jun-2026 02:35 PM,BIKE,5.18,10.4,Low,19.0,Rain,1.0,46.08,46.08,Cash,Completed,4.0
RPD102955,CUST3524,DRV406,hyderabad ,Kukatpally,Gachibowli,04/06/2026 19:36,Cab Economy,5.14,9.6,Very High,2.0,,1.88,76.68,144.16,cash ,COMPLETED,5.0
RPD101688,CUST1135,DRV678,Mumbai,Andheri,Colaba,2026-07-10 02:25:00,Auto,15.41,14.3,Medium,9.0,Fog,1.11,153.69,170.6,,Ongoing,
RPD101820,CUST2893,DRV124,Pune,Camp,Hinjewadi,2026-06-12 21:11:00,Cab Economy,4.3,30.5,Low,24.0,,1.02,66.6,67.93,upi,Completed,3.8
RPD103704,CUST1879,DRV598,Bangalore,Whitefield,Whitefield,2026-06-13 19:14:00,,5.1,3.6,Very High,16.0,Heavy Rain,1.86,76.2,141.73,Cash,Cancelled by Driver,
RPD101973,CUST3274,DRV124,hyderabad ,Kukatpally,Kukatpally,2026-07-02 11:36:00,Auto,1.64,25.1,Very High,23.0,Heavy Rain,1.8,29.76,53.57,Card,completed,4.7
RPD102547,CUST1792,,Hyderabad,Gachibowli,Kukatpally,2026-06-03 23:10:00,Cab Premium,7.83,13.3,Low,18.0,Cloudy,1.0,155.94,155.94,UPI,Cancelled by Customer,
RPD100715,CUST1142,DRV367,bangalore,MG Road,Indiranagar,2026-06-09 15:12:00,Cab Premium,1.62,19.2,Low,22.0,,1.0,44.16,44.16,wallet,COMPLETED,4.0
RPD104839,CUST3223,DRV238,Pune,Hinjewadi,Baner,2026-07-15 21:16:00,BIKE,11.33,24.4,Low,10.0,Cloudy,1.01,82.98,83.81,,Ongoing,
RPD101057,CUST3783,DRV284,Mumbai,Colaba,Dadar,07-Jul-2026 09:44 AM,auto,8.45,30.7,High,12.0,Heavy Rain,1.49,91.05,135.66,UPI,Ongoing,
RPD102287,CUST3170,DRV344,hyderabad ,Hitech City,Kukatpally,12/06/2026 11:15,,2.46,39.9,Very High,31.0,Heavy Rain,1.81,44.52,80.58,upi,completed,4.1
RPD104772,CUST2593,DRV347,Mumbai,Bandra,Powai,2026-06-08 00:58:00,Bike,4.61,9.5,Low,18.0,Clear,1.05,42.66,44.79,cash ,Completed,3.3
RPD103522,CUST3949,DRV427,Hyderabad,Gachibowli,Kukatpally,05-Jun-2026 09:46 AM,bike,5.2,3.0,High,10.0,Fog,1.41,46.2,65.14,upi,Completed,4.6
RPD102208,CUST2189,DRV250,Bengaluru,Indiranagar,Whitefield,2026-06-30 01:18:00,bike,5.87,28.9,Medium,19.0,,1.15,50.22,57.75,upi,Cancelled by Driver,
RPD101413,CUST3496,DRV376,Pune,Hinjewadi,Camp,01-Jul-2026 07:31 PM,cab economy,5.7,26.9,Very High,11.0,Rain,1.87,83.4,155.96,UPI,completed,4.2
RPD104154,CUST3099,DRV428,bangalore,Indiranagar,Jayanagar,03/06/2026 00:54,,11.55,41.0,Low,22.0,Fog,1.0,153.6,153.6,cash ,Cancelled by Driver,
RPD104850,CUST2528,DRV328,mumbai,Powai,Colaba,14-Jul-2026 02:47 AM,,8.52,25.4,Low,10.0,Heavy Rain,1.0,117.24,117.24,upi,COMPLETED,3.2
RPD102849,CUST2021,DRV740,Bangalore,Koramangala,Jayanagar,2026-07-08 04:20:00,Cab Economy,5.9,8.7,Low,20.0,Fog,1.02,85.8,87.52,,Ongoing,
RPD100618,CUST3902,DRV564,Hyderabad,Hitech City,Gachibowli,2026-06-01 21:13:00,Cab Economy,5.95,16.7,Low,21.0,Rain,1.05,86.4,90.72,Cash,Cancelled by Driver,
RPD103654,CUST1634,DRV160,hyderabad ,Kukatpally,Hitech City,29/06/2026 16:00,Auto,6.53,20.0,Low,20.0,Fog,1.04,73.77,76.72,Wallet,Cancelled by Driver,
RPD104483,CUST1085,DRV170,hyderabad ,Madhapur,Hitech City,07/06/2026 09:41,bike,6.74,31.7,Very High,5.0,Rain,1.85,55.44,102.56,wallet,Completed,5.0
RPD100124,CUST3882,DRV470,Hyderabad,Gachibowli,Kukatpally,09/07/2026 11:26,Auto,5.07,15.7,Medium,19.0,Rain,1.11,60.63,67.3,upi,Ongoing,
RPD104885,CUST3701,DRV285,Pune,Hinjewadi,Camp,15/06/2026 04:32,Cab Economy,6.69,15.4,Very High,15.0,Rain,1.83,95.28,174.36,wallet,Cancelled by Driver,
RPD102043,CUST1602,DRV768,mumbai,Dadar,Andheri,13-Jul-2026 03:54 PM,auto,8.29,4.6,Low,17.0,Cloudy,1.0,89.61,Rs. 89.61,Cash,COMPLETED,5.0
RPD100335,CUST2056,DRV472,bangalore,Jayanagar,Jayanagar,2026-07-15 14:06:00,cab economy,1.86,28.7,Low,6.0,Cloudy,1.01,37.32,37.69,wallet,Ongoing,
RPD104702,CUST3263,DRV719,Hyderabad,Kukatpally,Madhapur,03/07/2026 18:33,Cab Premium,2.04,16.0,Very High,9.0,Cloudy,1.94,51.72,100.34,Wallet,COMPLETED,4.5
RPD101363,CUST3698,DRV473,hyderabad ,Madhapur,Kukatpally,09-Jun-2026 06:52 PM,Bike,7.37,28.3,Very High,0.0,,1.92,59.22,113.7,cash ,Completed,4.7
RPD100305,CUST1638,DRV187,mumbai,Powai,Colaba,2026-07-12 00:49:00,cab economy,7.38,32.0,Low,14.0,Fog,1.03,103.56,106.67,upi,completed,4.3
RPD102773,CUST1774,DRV183,hyderabad ,Kukatpally,Hitech City,2026-06-26 20:47:00,cab economy,7.06,7.1,Very High,3.0,Cloudy,1.95,99.72,194.45,wallet,Completed,4.3
RPD100981,CUST1572,,Pune,Kothrud,Hinjewadi,2026-06-24 07:40:00,cab economy,-6.44,28.4,Low,17.0,Fog,1.06,16.2,17.17,wallet,Cancelled by Customer,
RPD103737,CUST1011,,Bangalore,Whitefield,Jayanagar,2026-06-29 04:00:00,,2.8,47.7,Medium,21.0,,1.27,48.6,61.72,,Cancelled by Customer,
RPD101408,CUST1023,DRV107,mumbai,Dadar,Borivali,2026-07-04 12:20:00,Cab Economy,10.86,24.9,Medium,13.0,Clear,1.18,145.32,171.48,UPI,Cancelled by Driver,
RPD103166,CUST3823,DRV354,hyderabad ,Madhapur,Gachibowli,10/07/2026 13:56,Cab Economy,2.02,4.9,Very High,19.0,Rain,1.88,39.24,73.77,Wallet,Cancelled by Driver,
RPD102967,CUST3551,DRV247,mumbai,Powai,Dadar,2026-07-15 05:33:00,Cab Premium,3.84,32.5,Very High,10.0,Rain,1.86,84.12,156.46,UPI,Cancelled by Driver,
RPD104603,CUST2754,DRV427,hyderabad ,Banjara Hills,Hitech City,2026-06-01 23:48:00,,4.15,17.3,Very High,18.0,Heavy Rain,1.92,64.8,124.42,,Completed,4.1
RPD100176,CUST3924,DRV771,Mumbai,Andheri,Colaba,2026-07-14 23:07:00,Bike,10.16,18.3,Very High,27.0,Rain,1.92,75.96,145.84,wallet,Completed,4.3
RPD100582,CUST1427,DRV179,Bengaluru,HSR Layout,Indiranagar,2026-07-06 19:53:00,Cab Premium,3.36,9.0,Very High,7.0,Cloudy,1.99,75.48,150.21,Wallet,completed,5.0
RPD104057,CUST3697,DRV119,Mumbai,Colaba,Colaba,2026-07-15 14:04:00,Cab Economy,6.48,9.8,Medium,19.0,Fog,1.23,92.76,114.09,Cash,Completed,3.7
RPD101617,CUST1603,DRV601,BANGALORE,HSR Layout,Electronic City,2026-07-07 12:38:00,Auto,6.71,39.2,Low,21.0,Clear,1.0,75.39,75.39,,Cancelled by Driver,
RPD104489,CUST3294,DRV286,BANGALORE,Indiranagar,MG Road,2026-06-25 10:47:00,Auto,5.38,26.7,Medium,10.0,Clear,1.08,63.42,68.49,Card,Completed,5.0
RPD104535,CUST3551,,Hyderabad,Kukatpally,Hitech City,2026-07-08 05:03:00,cab economy,3.13,6.3,Medium,28.0,Cloudy,1.2,52.56,63.07,Card,Cancelled by Customer,
RPD101195,CUST1406,DRV789,BANGALORE,HSR Layout,HSR Layout,07/06/2026 07:27,bike,3.07,26.7,Very High,33.0,Rain,1.9,33.42,63.5,cash ,COMPLETED,3.4
RPD102877,CUST1129,DRV440,Bangalore,Whitefield,HSR Layout,18/06/2026 17:56,bike,3.31,14.0,Low,24.0,,1.0,34.86,34.86,,Cancelled by Driver,
RPD104946,CUST3807,DRV214,bangalore,Jayanagar,Jayanagar,2026-07-07 02:53:00,Bike,3.36,28.5,Low,19.0,Heavy Rain,1.0,35.16,35.16,,Cancelled by Driver,
RPD104287,CUST3794,DRV460,Bangalore,Whitefield,Jayanagar,2026-07-08 03:58:00,Bike,999.0,24.9,Medium,19.0,Cloudy,1.1,6009.0,6609.9,upi,Ongoing,
RPD103244,CUST3291,DRV471,hyderabad ,Banjara Hills,Kukatpally,20-Jun-2026 11:05 AM,cab economy,3.54,16.6,Medium,29.0,Fog,1.21,57.48,69.55,upi,COMPLETED,5.0
RPD101825,CUST1053,,BANGALORE,HSR Layout,Electronic City,2026-07-06 01:57:00,,3.07,7.4,Low,23.0,Fog,1.0,51.84,51.84,wallet,Cancelled by Customer,
RPD101880,CUST3141,DRV109,Pune,Camp,Baner,2026-06-26 21:38:00,Auto,1.54,24.1,Medium,24.0,Rain,1.25,28.86,36.08,UPI,Cancelled by Driver,
RPD101982,CUST2037,DRV124,Pune,Camp,Viman Nagar,08-Jul-2026 08:16 PM,Auto,4.2,46.3,High,8.0,Heavy Rain,1.38,52.8,72.86,Wallet,COMPLETED,4.6
RPD101862,CUST3066,DRV610,Hyderabad,Kukatpally,Hitech City,2026-07-11 17:38:00,Bike,1.04,7.3,Low,16.0,Rain,1.02,21.24,21.66,upi,completed,4.6
RPD101351,CUST2209,DRV777,Mumbai,Powai,Bandra,21/06/2026 19:24,,7.96,27.9,Very High,0.0,,1.99,110.52,,Cash,completed,
RPD103576,CUST1318,DRV566,Bengaluru,Electronic City,Jayanagar,04-Jul-2026 06:12 AM,,3.34,28.7,Very High,16.0,Heavy Rain,1.9,55.08,104.65,wallet,Ongoing,
RPD103607,CUST2796,,Mumbai,Powai,Powai,03/06/2026 02:10,BIKE,10.06,27.8,Low,30.0,Fog,1.01,75.36,76.11,Wallet,Cancelled by Customer,
RPD104815,CUST1804,DRV108,Pune,Baner,Viman Nagar,28-Jun-2026 06:43 PM,auto,14.84,7.4,Very High,0.0,Rain,1.88,148.56,279.29,Cash,completed,4.1
RPD102975,CUST1725,DRV754,Pune,Baner,Camp,2026-07-10 19:11:00,BIKE,7.03,17.3,Very High,0.0,Clear,1.89,57.18,108.07,Wallet,COMPLETED,4.9
RPD100410,CUST3318,,hyderabad ,Gachibowli,Hitech City,11-Jul-2026 10:33 PM,cab economy,5.99,38.1,Low,22.0,Heavy Rain,1.0,86.88,86.88,UPI,Cancelled by Customer,
RPD100676,CUST3888,DRV633,mumbai,Andheri,Borivali,2026-06-15 23:04:00,,5.24,15.7,Low,18.0,,1.11,77.88,86.45,Wallet,Completed,4.8
RPD100298,CUST3440,DRV116,mumbai,Colaba,Bandra,2026-07-07 17:13:00,Cab Economy,4.8,13.0,Low,14.0,Cloudy,1.06,72.6,76.96,Cash,Cancelled by Driver,
RPD100926,CUST1016,DRV209,hyderabad ,Banjara Hills,Hitech City,26-Jun-2026 01:19 AM,auto,8.14,14.9,Low,23.0,,1.0,88.26,88.26,,Ongoing,
RPD100023,CUST2438,DRV756,Bengaluru,Jayanagar,HSR Layout,23-Jun-2026 09:52 AM,Auto,1.34,6.7,Very High,11.0,Cloudy,1.96,27.06,53.04,wallet,Cancelled by Driver,
RPD104172,CUST2432,DRV314,Bengaluru,Koramangala,Electronic City,2026-07-16 19:38:00,Auto,4.07,29.7,High,0.0,,1.37,51.63,70.73,UPI,completed,3.6
RPD102116,CUST2254,DRV719,Mumbai,Bandra,Dadar,2026-07-06 18:22:00,cab economy,9.05,49.4,Very High,0.0,Fog,1.97,123.6,243.49,Wallet,Cancelled by Driver,
RPD100729,CUST2900,,Pune,Camp,Viman Nagar,2026-06-21 11:40:00,Cab Economy,2.88,16.8,Low,24.0,Fog,1.0,49.56,49.56,Card,Cancelled by Customer,
RPD103670,CUST2526,DRV374,Mumbai,Bandra,Powai,13-Jul-2026 07:59 PM,bike,3.67,26.9,Very High,7.0,Rain,1.91,37.02,70.71,cash ,Ongoing,
RPD104945,CUST2284,,Mumbai,Andheri,Powai,25-Jun-2026 03:12 AM,Cab Premium,3.7,9.3,Very High,25.0,Rain,1.89,81.6,154.22,wallet,Cancelled by Customer,
RPD101308,CUST1788,DRV353,Bangalore,Indiranagar,Indiranagar,05-Jun-2026 11:49 AM,Bike,5.46,13.5,Very High,12.0,Heavy Rain,1.89,47.76,90.27,cash ,completed,3.9
RPD102942,CUST1441,DRV596,mumbai,Powai,Dadar,2026-07-11 02:44:00,Auto,5.52,4.5,Low,23.0,,1.11,64.68,71.79,wallet,Cancelled by Driver,
RPD100672,CUST2573,DRV426,BANGALORE,Electronic City,MG Road,2026-07-08 08:49:00,,3.58,13.2,Very High,8.0,Fog,1.98,57.96,114.76,Cash,Cancelled by Driver,
RPD101673,CUST1887,DRV611,Mumbai,Borivali,Dadar,13/07/2026 18:31,auto,3.36,28.8,Very High,10.0,Clear,1.95,45.24,88.22,Card,Completed,4.5
RPD101200,CUST3351,,Hyderabad,Banjara Hills,Gachibowli,2026-07-08 19:01:00,Cab Premium,0.5,11.2,Very High,6.0,Cloudy,1.86,24.0,44.64,wallet,Cancelled by Customer,
RPD102230,CUST1270,DRV592,BANGALORE,Electronic City,Indiranagar,2026-07-12 12:57:00,Auto,1.46,20.8,Low,19.0,,1.0,28.14,28.14,upi,Ongoing,
RPD103798,CUST2347,DRV565,mumbai,Colaba,Andheri,12/06/2026 20:15,auto,4.37,27.8,High,12.0,Fog,1.44,54.33,78.24,Card,Cancelled by Driver,
RPD100933,CUST1725,DRV536,Bangalore,Whitefield,Koramangala,2026-06-28 14:10:00,cab economy,0.98,36.8,Medium,16.0,Fog,1.16,26.76,31.04,UPI,completed,3.7
RPD100294,CUST3481,DRV172,BANGALORE,Indiranagar,Jayanagar,2026-06-03 06:06:00,Cab Premium,0.91,6.7,Low,27.0,,1.0,31.38,31.38,UPI,Completed,5.0
RPD102250,CUST2590,DRV104,bangalore,HSR Layout,HSR Layout,14/06/2026 03:48,Cab Premium,4.48,18.5,Very High,20.0,Rain,1.86,95.64,Rs. 177.89,wallet,COMPLETED,4.0
RPD102691,CUST3552,DRV392,Bangalore,Electronic City,Jayanagar,2026-07-01 16:27:00,auto,5.95,5.7,Low,22.0,Clear,1.0,68.55,68.55,UPI,COMPLETED,4.1
RPD100127,CUST1328,,bangalore,HSR Layout,Koramangala,19-Jun-2026 01:11 PM,Cab Premium,1.56,12.6,Medium,16.0,Heavy Rain,1.18,43.08,50.83,Cash,Cancelled by Customer,
RPD102580,CUST1989,DRV551,BANGALORE,HSR Layout,Whitefield,29-Jun-2026 04:00 AM,auto,2.7,22.0,Low,22.0,,1.11,39.3,43.62,,COMPLETED,3.4
RPD103480,CUST2218,DRV558,Pune,Camp,Baner,2026-06-27 19:00:00,Cab Premium,2.66,21.4,Very High,6.0,Fog,1.83,62.88,115.07,upi,Ongoing,
RPD102248,CUST3026,DRV742,Hyderabad,Madhapur,Banjara Hills,04-Jul-2026 03:36 PM,Cab Premium,5.01,3.0,Medium,19.0,,1.12,105.18,117.8,UPI,Completed,4.0
RPD103546,CUST3011,DRV579,BANGALORE,Koramangala,MG Road,20-Jun-2026 06:08 PM,Cab Premium,2.97,19.7,Very High,11.0,,1.88,68.46,128.7,Cash,Cancelled by Driver,
RPD104598,CUST1270,DRV369,BANGALORE,HSR Layout,Electronic City,2026-06-25 14:53:00,Cab Economy,1.08,16.1,Medium,23.0,Cloudy,1.1,27.96,30.76,wallet,Cancelled by Driver,
RPD104113,CUST3141,DRV793,Pune,Baner,Camp,2026-07-10 05:26:00,bike,5.63,14.9,Low,12.0,Cloudy,1.01,48.78,49.27,UPI,Cancelled by Driver,
RPD100693,CUST1768,DRV304,Hyderabad,Kukatpally,Gachibowli,22-Jun-2026 11:46 PM,cab economy,4.34,9.1,Low,14.0,Clear,1.03,67.08,69.09,upi,Completed,4.5
RPD102983,CUST1929,DRV439,Hyderabad,Hitech City,Banjara Hills,13/07/2026 03:08,,2.51,20.4,Low,18.0,Fog,1.0,45.12,45.12,Card,COMPLETED,5.0
RPD100687,CUST2526,,Pune,Viman Nagar,Baner,06/06/2026 07:26,,4.29,9.4,Medium,12.0,Fog,1.15,66.48,Rs. 76.45,upi,Cancelled by Customer,
RPD100818,CUST2945,,Bangalore,Jayanagar,Jayanagar,2026-06-04 10:54:00,BIKE,1.41,10.7,Very High,17.0,Rain,1.93,23.46,45.28,Wallet,Cancelled by Customer,
RPD100217,CUST2410,DRV419,Pune,Baner,Baner,25/06/2026 00:02,Cab Economy,4.34,14.7,Medium,11.0,Fog,1.09,67.08,73.12,Cash,completed,4.2
RPD103839,CUST3917,DRV458,mumbai,Colaba,Dadar,2026-06-27 02:45:00,,2.07,3.3,Low,25.0,,1.01,39.84,40.24,,Ongoing,
RPD103326,CUST3780,DRV365,hyderabad ,Madhapur,Gachibowli,11-Jun-2026 01:37 AM,Bike,1.89,19.9,Medium,14.0,,1.13,26.34,29.76,,completed,4.3
RPD100153,CUST2306,,bangalore,Whitefield,HSR Layout,06-Jun-2026 03:53 AM,cab economy,1.14,26.2,Very High,10.0,Rain,2.0,28.68,57.36,upi,Cancelled by Customer,
RPD100707,CUST3259,DRV375,BANGALORE,Koramangala,Jayanagar,08/07/2026 12:09,Cab Economy,2.82,13.2,Low,20.0,,1.13,48.84,55.19,upi,COMPLETED,5.0
RPD101993,CUST3788,DRV760,Bangalore,MG Road,Jayanagar,2026-06-26 20:23:00,Bike,6.49,25.6,High,7.0,Cloudy,1.41,53.94,76.06,Card,Ongoing,
RPD103890,CUST1879,DRV389,Mumbai,Andheri,Dadar,2026-06-14 07:44:00,Bike,1.44,13.1,Low,22.0,Cloudy,1.02,23.64,24.11,Wallet,COMPLETED,
RPD104673,CUST1284,,BANGALORE,Electronic City,Electronic City,08-Jun-2026 07:16 PM,Cab Premium,2.45,5.6,Very High,15.0,Rain,1.9,59.1,112.29,Cash,Cancelled by Customer,
RPD104861,CUST1274,DRV741,Bangalore,Jayanagar,Whitefield,07/07/2026 18:31,Bike,13.75,27.0,Very High,2.0,Clear,1.82,97.5,177.45,wallet,Completed,3.9
RPD102009,CUST2233,,bangalore,Indiranagar,Whitefield,2026-06-24 18:14:00,cab economy,5.58,17.1,High,12.0,Cloudy,1.48,81.96,121.3,upi,Cancelled by Customer,
RPD100479,CUST2404,DRV398,BANGALORE,Indiranagar,Indiranagar,2026-06-03 01:08:00,Cab Economy,3.34,4.9,Very High,18.0,Heavy Rain,1.97,55.08,108.51,Wallet,Ongoing,
RPD101283,CUST1061,DRV789,Hyderabad,Hitech City,Madhapur,13-Jun-2026 03:21 PM,,3.2,11.8,Medium,16.0,Clear,1.19,53.4,Rs. 63.55,Wallet,Ongoing,
RPD101605,CUST3762,DRV629,Mumbai,Bandra,Powai,2026-07-12 20:54:00,BIKE,-3.63,20.0,Very High,14.0,Fog,1.97,15.6,30.73,cash ,Cancelled by Driver,
RPD104300,CUST1652,DRV671,Bangalore,Jayanagar,Whitefield,2026-06-27 20:15:00,cab economy,2.35,12.8,Very High,11.0,Cloudy,1.86,43.2,80.35,Cash,Completed,4.7
RPD101667,CUST2088,DRV727,Bengaluru,MG Road,Jayanagar,2026-06-20 07:49:00,Cab Economy,4.13,15.6,Low,15.0,Cloudy,1.01,64.56,65.21,UPI,Completed,4.7
RPD104520,CUST2029,DRV302,Hyderabad,Madhapur,Kukatpally,13/06/2026 11:44,bike,999.0,14.4,Very High,17.0,Rain,1.92,6009.0,11537.28,upi,Cancelled by Driver,
RPD103199,CUST1061,DRV295,Pune,Hinjewadi,Viman Nagar,10-Jul-2026 05:39 AM,cab economy,2.64,37.4,Low,18.0,Fog,1.0,46.68,46.68,UPI,Completed,5.0
RPD100813,CUST3910,,Bengaluru,Indiranagar,Whitefield,11-Jul-2026 11:11 PM,BIKE,2.83,16.0,Medium,31.0,Heavy Rain,1.1,31.98,35.18,cash ,Cancelled by Customer,
RPD103338,CUST2111,DRV340,Hyderabad,Banjara Hills,Hitech City,01/06/2026 22:05,bike,5.89,30.5,Low,19.0,Clear,1.0,50.34,50.34,Cash,Cancelled by Driver,
RPD103603,CUST2335,DRV408,hyderabad ,Madhapur,Madhapur,17-Jun-2026 08:49 PM,Cab Premium,-0.83,24.4,Very High,0.0,Rain,1.9,16.8,31.92,Card,Completed,4.3
RPD100251,CUST1076,DRV619,Mumbai,Dadar,Colaba,07/06/2026 05:41,BIKE,4.78,8.3,Medium,6.0,Fog,1.19,43.68,51.98,UPI,COMPLETED,4.2
RPD100844,CUST2068,DRV332,Pune,Viman Nagar,Hinjewadi,2026-07-02 12:34:00,BIKE,5.34,10.7,Low,12.0,Fog,1.0,47.04,47.04,cash ,Completed,4.9
RPD102126,CUST3634,DRV431,BANGALORE,Koramangala,Electronic City,2026-07-12 20:30:00,,2.54,22.6,Very High,0.0,Fog,1.85,45.48,84.14,wallet,completed,3.8
RPD103313,CUST3386,DRV325,Bangalore,Whitefield,Koramangala,09-Jul-2026 03:24 AM,BIKE,2.15,30.7,Medium,18.0,,1.14,27.9,31.81,Cash,Cancelled by Driver,
RPD103057,CUST1814,DRV618,bangalore,Whitefield,Jayanagar,12-Jun-2026 01:46 PM,Cab Premium,0.67,22.1,Low,18.0,,1.0,27.06,27.06,cash ,Completed,3.8
RPD102376,CUST3488,DRV169,hyderabad ,Madhapur,Gachibowli,2026-07-01 08:26:00,,8.41,17.0,High,0.0,Fog,1.35,115.92,156.49,Card,COMPLETED,5.0
RPD104070,CUST1338,,Pune,Baner,Viman Nagar,2026-07-12 01:42:00,auto,4.96,6.2,Low,28.0,Clear,1.0,59.64,59.64,wallet,Cancelled by Customer,
RPD102033,CUST3965,,Mumbai,Dadar,Powai,2026-06-22 10:09:00,Auto,2.85,29.2,Medium,14.0,Cloudy,1.21,40.65,49.19,Wallet,Cancelled by Customer,
RPD100968,CUST1718,DRV323,Bangalore,Indiranagar,Jayanagar,2026-06-04 16:56:00,bike,2.51,12.4,Medium,20.0,Clear,1.13,30.06,33.97,Card,COMPLETED,3.5
RPD104587,CUST3572,DRV513,Pune,Baner,Camp,2026-07-11 10:14:00,Cab Economy,3.66,13.7,Low,14.0,,1.0,58.92,58.92,cash ,Completed,4.9
RPD100973,CUST3332,DRV733,bangalore,Electronic City,Whitefield,2026-06-10 17:50:00,Auto,4.01,17.1,Very High,22.0,Rain,1.91,51.09,Rs. 97.58,cash ,Cancelled by Driver,
RPD101897,CUST2436,DRV253,Bangalore,Jayanagar,Whitefield,2026-07-07 09:35:00,BIKE,1.78,21.8,Very High,0.0,,1.88,25.68,48.28,cash ,completed,4.7
RPD102705,CUST3840,DRV623,Bengaluru,Whitefield,Jayanagar,2026-07-11 08:52:00,Cab Premium,9.96,16.4,High,6.0,Rain,1.38,194.28,268.11,upi,COMPLETED,
RPD103815,CUST2535,DRV790,Hyderabad,Hitech City,Hitech City,2026-06-04 07:14:00,cab economy,-2.93,12.0,Low,17.0,Heavy Rain,1.0,16.2,16.2,UPI,COMPLETED,5.0
RPD104218,CUST3370,,hyderabad ,Gachibowli,Banjara Hills,02/07/2026 03:41,,16.24,19.2,Low,15.0,Cloudy,1.0,209.88,209.88,,Cancelled by Customer,
RPD103375,CUST1504,DRV412,hyderabad ,Banjara Hills,Kukatpally,2026-07-11 13:10:00,Cab Premium,2.07,6.9,Low,26.0,Rain,1.0,52.26,52.26,Card,Ongoing,
RPD104176,CUST2107,DRV359,Pune,Hinjewadi,Hinjewadi,17/06/2026 02:02,Cab Economy,8.09,18.2,Low,14.0,Fog,1.0,112.08,Rs. 112.08,Wallet,Completed,4.9
RPD104216,CUST3784,DRV553,Bangalore,Koramangala,Indiranagar,2026-06-26 15:08:00,BIKE,6.42,6.2,Medium,16.0,,1.13,53.52,Rs. 60.48,Wallet,COMPLETED,4.3
RPD104433,CUST1305,DRV320,Mumbai,Andheri,Powai,2026-06-25 11:28:00,cab economy,10.15,20.3,Low,25.0,Heavy Rain,1.02,136.8,139.54,Cash,Ongoing,
RPD102952,CUST2482,DRV624,Hyderabad,Madhapur,Gachibowli,2026-06-20 06:59:00,bike,3.09,27.3,Low,23.0,Fog,1.03,33.54,34.55,wallet,Ongoing,
RPD101346,CUST3960,DRV773,Bengaluru,MG Road,Koramangala,22/06/2026 20:33,Bike,2.55,26.7,Very High,0.0,Clear,1.88,30.3,56.96,Cash,Ongoing,
RPD100976,CUST3230,DRV792,hyderabad ,Hitech City,Banjara Hills,01-Jun-2026 11:26 AM,Cab Premium,1.99,11.5,Very High,24.0,Heavy Rain,1.91,50.82,97.07,Cash,Cancelled by Driver,
RPD104302,CUST3195,DRV718,hyderabad ,Gachibowli,Hitech City,18-Jun-2026 06:10 AM,cab economy,1.92,17.6,Very High,26.0,Rain,1.87,38.04,71.13,Card,completed,5.0
RPD100510,CUST2317,DRV287,Bangalore,Indiranagar,Jayanagar,2026-06-22 10:15:00,Auto,2.9,12.8,Medium,11.0,,1.18,41.1,48.5,,Ongoing,
RPD100123,CUST1904,DRV324,Bengaluru,Koramangala,MG Road,2026-06-08 14:19:00,auto,7.3,8.9,Medium,13.0,,1.11,80.7,89.58,Cash,Ongoing,
RPD104539,CUST2327,DRV150,Hyderabad,Madhapur,Banjara Hills,2026-06-23 07:39:00,Auto,2.72,27.6,Medium,21.0,Cloudy,1.11,39.48,43.82,wallet,Ongoing,
RPD104571,CUST3312,,mumbai,Bandra,Colaba,2026-06-13 03:40:00,Cab Premium,6.83,13.5,Medium,15.0,Heavy Rain,1.18,137.94,162.77,upi,Cancelled by Customer,
RPD101711,CUST2278,,Mumbai,Powai,Andheri,2026-06-28 00:15:00,Bike,0.5,4.3,Low,16.0,Cloudy,4.31,18.0,77.58,Wallet,Cancelled by Customer,
RPD102101,CUST3617,DRV158,BANGALORE,Whitefield,Jayanagar,25-Jun-2026 09:27 PM,cab economy,5.38,34.0,Low,27.0,,1.0,79.56,79.56,Card,Completed,4.8
RPD100870,CUST1520,DRV622,Mumbai,Bandra,Powai,2026-06-16 15:51:00,Auto,3.04,17.2,Medium,32.0,Clear,1.15,42.36,48.71,Cash,Completed,3.7
RPD100764,CUST3547,DRV428,Pune,Kothrud,Kothrud,04-Jul-2026 04:47 AM,bike,7.11,17.7,Very High,23.0,Rain,1.87,57.66,107.82,UPI,Cancelled by Driver,
RPD101031,CUST2262,,Bengaluru,MG Road,MG Road,2026-06-19 01:15:00,Cab Premium,-4.76,28.8,Low,9.0,Cloudy,1.1,16.8,18.48,upi,Cancelled by Customer,
RPD103464,CUST1134,DRV576,Mumbai,Powai,Andheri,2026-06-30 02:01:00,BIKE,6.94,10.0,Low,21.0,Fog,1.06,56.64,60.04,UPI,Ongoing,
RPD101999,CUST3720,DRV644,Hyderabad,Gachibowli,Gachibowli,02-Jun-2026 03:09 AM,bike,0.98,29.4,Low,13.0,Fog,1.02,20.88,21.3,Cash,completed,4.9
RPD103591,CUST1153,DRV140,BANGALORE,Koramangala,MG Road,08-Jul-2026 02:36 PM,Cab Premium,5.7,14.8,Low,16.0,Clear,1.0,117.6,117.6,Wallet,COMPLETED,4.3
RPD101157,CUST2227,DRV340,BANGALORE,Electronic City,MG Road,2026-06-25 07:20:00,Bike,2.45,10.0,Very High,17.0,Rain,1.96,29.7,58.21,upi,COMPLETED,5.0
RPD103157,CUST3511,,hyderabad ,Kukatpally,Gachibowli,2026-06-14 01:01:00,BIKE,12.12,6.0,Low,16.0,Cloudy,1.0,87.72,87.72,Wallet,Cancelled by Customer,
RPD101576,CUST1206,DRV585,Pune,Camp,Hinjewadi,30/06/2026 23:32,cab economy,9.65,23.0,Very High,27.0,Rain,1.86,130.8,243.29,UPI,COMPLETED,4.9
RPD104752,CUST1339,,mumbai,Colaba,Dadar,08-Jul-2026 01:03 AM,Auto,4.23,15.4,Low,29.0,Clear,1.0,53.07,53.07,wallet,Cancelled by Customer,
RPD100062,CUST3755,DRV788,bangalore,HSR Layout,Koramangala,10/06/2026 07:55,,4.85,17.2,Very High,26.0,Heavy Rain,1.85,73.2,135.42,Card,Cancelled by Driver,
RPD100473,CUST1919,DRV148,Bangalore,HSR Layout,MG Road,14-Jul-2026 08:03 PM,Cab Premium,3.77,9.4,Very High,12.0,Heavy Rain,1.91,82.86,158.26,Card,Completed,3.4
RPD103455,CUST3794,,Pune,Baner,Hinjewadi,2026-06-25 05:18:00,,2.58,5.9,Low,17.0,Clear,1.01,45.96,46.42,UPI,Cancelled by Customer,
RPD100866,CUST3478,DRV676,Pune,Kothrud,Baner,2026-06-03 09:11:00,cab economy,2.05,18.6,High,8.0,Rain,1.28,39.6,50.69,UPI,completed,5.0
RPD103584,CUST3318,DRV231,hyderabad ,Madhapur,Banjara Hills,2026-07-04 18:39:00,Bike,1.9,7.7,Very High,17.0,Cloudy,1.9,26.4,50.16,cash ,Ongoing,
RPD104814,CUST3686,DRV479,hyderabad ,Gachibowli,Kukatpally,2026-07-16 16:55:00,Bike,15.7,9.8,Low,20.0,,1.0,109.2,109.2,Cash,Cancelled by Driver,
RPD103615,CUST3166,,Mumbai,Bandra,Andheri,2026-06-02 14:10:00,Bike,2.53,6.8,Medium,11.0,Heavy Rain,1.19,30.18,35.91,cash ,Cancelled by Customer,
RPD104895,CUST3926,DRV799,Bangalore,Jayanagar,Jayanagar,09/07/2026 21:17,Bike,5.3,33.0,Low,26.0,Cloudy,1.0,46.8,46.8,Cash,Cancelled by Driver,
RPD103389,CUST1138,DRV743,Hyderabad,Madhapur,Banjara Hills,05-Jun-2026 10:44 AM,BIKE,8.97,6.4,Low,28.0,Fog,1.0,68.82,68.82,upi,Ongoing,
RPD102181,CUST1077,DRV351,BANGALORE,Electronic City,Jayanagar,06/07/2026 12:48,cab economy,3.31,4.1,Low,20.0,Fog,1.12,54.72,61.29,Wallet,Cancelled by Driver,
RPD103282,CUST2589,DRV268,Hyderabad,Hitech City,Hitech City,2026-06-04 13:23:00,cab economy,9.37,10.8,Low,16.0,Clear,1.06,127.44,135.09,,Completed,3.3
RPD104193,CUST3761,DRV473,Bangalore,Jayanagar,Electronic City,2026-07-08 13:30:00,BIKE,-3.71,27.2,Very High,18.0,Rain,1.88,15.6,29.33,Wallet,Cancelled by Driver,
RPD101629,CUST1275,DRV321,BANGALORE,HSR Layout,HSR Layout,2026-06-19 00:20:00,,6.04,21.4,Medium,23.0,Cloudy,1.13,87.48,98.85,upi,Cancelled by Driver,
RPD102439,CUST2208,DRV424,Bengaluru,Koramangala,HSR Layout,07-Jun-2026 09:03 AM,Bike,6.14,32.2,Very High,3.0,Clear,1.79,51.84,92.79,,Ongoing,
RPD101150,CUST2895,,Bangalore,Koramangala,Electronic City,2026-07-12 15:06:00,bike,5.31,11.9,Very High,24.0,Rain,1.91,46.86,89.5,,Cancelled by Customer,
RPD101161,CUST2338,,hyderabad ,Madhapur,Madhapur,2026-06-18 03:15:00,cab economy,9.32,13.3,Very High,19.0,Rain,1.86,126.84,235.92,Card,Cancelled by Customer,
RPD100257,CUST1737,DRV629,Hyderabad,Kukatpally,Gachibowli,08-Jul-2026 05:41 AM,BIKE,2.55,59.4,Low,9.0,Rain,1.0,30.3,30.3,wallet,Cancelled by Driver,
RPD102599,CUST1620,DRV773,hyderabad ,Gachibowli,Gachibowli,01/06/2026 01:36,cab economy,8.16,70.9,Very High,16.0,Heavy Rain,1.9,112.92,214.55,upi,completed,4.0
RPD104550,CUST2637,,hyderabad ,Banjara Hills,Hitech City,29-Jun-2026 02:53 AM,Cab Economy,8.68,20.6,Low,19.0,Clear,1.0,119.16,119.16,Wallet,Cancelled by Customer,
RPD101106,CUST2994,DRV683,Bengaluru,MG Road,Whitefield,2026-07-10 19:57:00,Auto,2.33,18.3,Very High,7.0,Heavy Rain,1.82,35.97,65.47,UPI,Completed,3.9
RPD104224,CUST3640,DRV721,Bengaluru,Electronic City,MG Road,02/07/2026 13:54,Auto,6.05,24.5,Medium,25.0,Fog,1.1,69.45,76.4,Wallet,completed,5.0
RPD103408,CUST1018,DRV763,Hyderabad,Banjara Hills,Madhapur,24/06/2026 20:03,auto,16.62,4.0,Very High,3.0,Rain,1.85,164.58,304.47,cash ,Completed,5.0
RPD100558,CUST1947,DRV327,Bengaluru,Koramangala,Indiranagar,26-Jun-2026 01:17 AM,Auto,9.18,13.0,Low,22.0,Clear,1.05,97.62,102.5,Wallet,COMPLETED,3.6
RPD101851,CUST3143,DRV653,mumbai,Dadar,Powai,16/07/2026 09:05,,3.47,30.8,Very High,5.0,,1.91,56.64,108.18,wallet,completed,5.0
RPD102089,CUST2733,DRV575,mumbai,Powai,Powai,2026-06-30 18:19:00,BIKE,2.32,28.6,High,16.0,,1.41,28.92,40.78,Cash,Cancelled by Driver,
RPD102900,CUST2353,DRV169,Pune,Camp,Baner,20-Jun-2026 09:19 PM,cab economy,0.52,7.7,Low,17.0,Clear,1.03,21.24,21.88,upi,Ongoing,
RPD103221,CUST2486,DRV668,Bengaluru,Koramangala,Electronic City,2026-06-02 02:28:00,,6.47,8.0,Low,13.0,Cloudy,1.0,92.64,92.64,cash ,Ongoing,
RPD100262,CUST2497,DRV726,hyderabad ,Hitech City,Kukatpally,12-Jul-2026 06:44 AM,Cab Premium,3.81,60.4,Low,24.0,,1.0,83.58,83.58,Card,Ongoing,
RPD104269,CUST2373,DRV673,Hyderabad,Hitech City,Madhapur,2026-06-02 07:06:00,Auto,7.53,17.0,Low,22.0,Fog,3.71,82.77,307.08,cash ,Ongoing,
RPD100628,CUST2863,DRV680,hyderabad ,Gachibowli,Banjara Hills,2026-07-14 11:56:00,auto,4.8,7.8,Very High,17.0,Heavy Rain,1.96,58.2,114.07,Wallet,Completed,3.9
RPD101890,CUST1850,,BANGALORE,Indiranagar,HSR Layout,2026-06-10 07:33:00,BIKE,3.81,10.7,Low,26.0,,1.01,37.86,38.24,wallet,Cancelled by Customer,
RPD103043,CUST3611,DRV233,Hyderabad,Banjara Hills,Banjara Hills,03-Jul-2026 02:31 PM,BIKE,3.41,3.0,Low,16.0,Clear,1.0,35.46,35.46,UPI,Ongoing,
RPD102079,CUST1047,DRV433,hyderabad ,Madhapur,Banjara Hills,07/07/2026 09:42,Auto,2.56,15.6,Very High,2.0,Heavy Rain,1.86,38.04,70.75,Wallet,Completed,3.6
RPD103586,CUST3844,DRV738,hyderabad ,Hitech City,Gachibowli,09/07/2026 03:09,Bike,11.26,9.7,Very High,28.0,Heavy Rain,1.9,82.56,156.86,Wallet,COMPLETED,4.9
RPD101607,CUST3595,DRV635,hyderabad ,Gachibowli,Kukatpally,2026-07-10 04:35:00,Cab Economy,5.63,24.5,Medium,20.0,Clear,1.19,82.56,98.25,Wallet,Ongoing,
RPD101021,CUST3336,DRV195,Bengaluru,Koramangala,Whitefield,2026-06-20 07:59:00,Cab Economy,5.72,10.3,Low,11.0,Clear,1.05,83.64,87.82,UPI,completed,4.2
RPD100609,CUST2531,DRV747,BANGALORE,Jayanagar,Indiranagar,2026-07-02 13:56:00,Cab Economy,3.81,15.4,Medium,25.0,Fog,1.19,60.72,72.26,upi,Cancelled by Driver,
RPD101404,CUST3633,DRV659,BANGALORE,Whitefield,HSR Layout,16/07/2026 14:47,,5.25,27.6,Medium,19.0,Fog,1.2,78.0,93.6,,Ongoing,
RPD103255,CUST1115,DRV687,Hyderabad,Hitech City,Gachibowli,2026-06-30 01:40:00,,14.47,23.0,Very High,14.0,Heavy Rain,1.91,188.64,360.3,Card,Completed,5.0
RPD102097,CUST1037,DRV383,Hyderabad,Kukatpally,Madhapur,04/07/2026 17:51,BIKE,1.41,11.6,Low,23.0,Clear,1.03,23.46,24.16,UPI,completed,5.0
RPD100210,CUST3299,DRV762,Pune,Baner,Viman Nagar,2026-06-30 08:13:00,Cab Premium,3.67,22.1,Very High,20.0,Fog,1.84,81.06,149.15,Card,Cancelled by Driver,
RPD103799,CUST3815,DRV132,Mumbai,Colaba,Borivali,2026-06-04 23:51:00,cab economy,1.01,31.7,Low,14.0,Clear,1.0,27.12,27.12,Cash,Cancelled by Driver,
RPD103540,CUST3433,DRV478,Bangalore,Jayanagar,Indiranagar,09/06/2026 00:40,auto,8.59,14.5,Low,12.0,Cloudy,1.02,92.31,94.16,upi,COMPLETED,4.4
RPD100154,CUST1949,,Mumbai,Andheri,Borivali,2026-06-08 00:54:00,Auto,12.67,15.0,Low,23.0,Fog,1.0,129.03,129.03,wallet,Cancelled by Customer,
RPD101591,CUST3514,,bangalore,HSR Layout,HSR Layout,23/06/2026 06:50,Auto,7.3,10.5,Medium,26.0,Cloudy,1.08,80.7,87.16,Wallet,Cancelled by Customer,
RPD102443,CUST2902,DRV635,bangalore,HSR Layout,Whitefield,13/06/2026 04:08,cab economy,5.0,34.7,Low,22.0,,1.0,75.0,75.0,upi,Completed,3.9
RPD101148,CUST2754,DRV378,Hyderabad,Hitech City,Banjara Hills,2026-06-21 08:36:00,bike,1.64,5.4,Very High,15.0,Heavy Rain,1.93,24.84,47.94,UPI,COMPLETED,4.8
RPD103428,CUST2587,DRV560,hyderabad ,Kukatpally,Madhapur,12-Jun-2026 09:18 AM,cab economy,2.5,12.2,High,5.0,Clear,1.35,45.0,Rs. 60.75,Card,Ongoing,
RPD101968,CUST2647,DRV510,Mumbai,Borivali,Bandra,09-Jul-2026 06:12 AM,Cab Economy,4.55,14.6,Medium,14.0,,1.23,69.6,85.61,wallet,COMPLETED,4.8
RPD103207,CUST1354,,Hyderabad,Hitech City,Madhapur,11-Jun-2026 06:35 PM,,7.29,17.7,High,0.0,Heavy Rain,1.38,102.48,141.42,wallet,Cancelled by Customer,
RPD102434,CUST3458,DRV374,Mumbai,Colaba,Borivali,14/07/2026 07:35,Cab Economy,7.42,10.3,Very High,32.0,Heavy Rain,1.95,104.04,202.88,,Cancelled by Driver,
RPD101634,CUST1841,DRV199,bangalore,Indiranagar,Electronic City,25-Jun-2026 10:23 AM,bike,4.05,32.4,Low,19.0,Cloudy,1.0,39.3,39.3,cash ,Ongoing,
RPD103293,CUST3348,DRV201,Mumbai,Powai,Bandra,2026-07-12 14:45:00,,6.35,7.1,Low,10.0,,1.0,91.2,91.2,Wallet,Ongoing,
RPD100598,CUST3555,DRV657,Pune,Viman Nagar,Baner,11/07/2026 09:44,bike,5.1,15.4,Very High,3.0,Clear,1.85,45.6,Rs. 84.36,upi,Completed,4.1
RPD103138,CUST2580,DRV322,Bengaluru,Jayanagar,Jayanagar,16-Jun-2026 12:39 AM,auto,4.72,19.7,Low,9.0,Heavy Rain,1.0,57.48,57.48,cash ,Completed,5.0
RPD101657,CUST1451,DRV505,bangalore,Electronic City,HSR Layout,2026-06-29 16:38:00,Bike,999.0,7.5,Medium,22.0,Fog,1.18,6009.0,7090.62,cash ,completed,3.1
RPD104358,CUST1380,DRV476,hyderabad ,Hitech City,Gachibowli,2026-07-13 17:49:00,Bike,7.4,13.8,Medium,24.0,Heavy Rain,1.15,59.4,68.31,Wallet,COMPLETED,5.0
RPD103298,CUST1213,,Bengaluru,Jayanagar,Indiranagar,2026-07-07 07:17:00,BIKE,18.33,11.0,Low,29.0,Cloudy,1.04,124.98,129.98,,Cancelled by Customer,
RPD101566,CUST1542,DRV582,BANGALORE,Koramangala,Indiranagar,2026-06-24 19:52:00,BIKE,1.01,48.9,Very High,6.0,Fog,1.92,21.06,40.44,Wallet,Cancelled by Driver,
RPD101519,CUST3874,DRV205,Hyderabad,Madhapur,Banjara Hills,03/06/2026 02:59,bike,3.91,40.2,Low,15.0,Cloudy,1.0,38.46,38.46,wallet,COMPLETED,4.3
RPD104273,CUST3649,DRV228,Hyderabad,Gachibowli,Kukatpally,22/06/2026 20:12,cab economy,4.77,11.0,High,17.0,,1.39,72.24,100.41,upi,Cancelled by Driver,
RPD100226,CUST3682,DRV421,BANGALORE,Electronic City,HSR Layout,23-Jun-2026 07:01 PM,BIKE,5.68,12.7,Very High,7.0,Cloudy,1.99,49.08,97.67,UPI,Completed,5.0
RPD102518,CUST2382,DRV364,Mumbai,Bandra,Bandra,2026-06-20 12:55:00,auto,7.93,12.1,Low,13.0,,1.0,86.37,86.37,upi,COMPLETED,4.0
RPD104694,CUST2605,DRV514,BANGALORE,MG Road,Electronic City,15/06/2026 15:04,Cab Economy,6.39,20.7,Very High,14.0,Heavy Rain,1.86,91.68,170.52,UPI,completed,4.6
RPD102394,CUST3061,,Hyderabad,Kukatpally,Gachibowli,08/07/2026 20:52,Cab Premium,2.81,11.5,Very High,13.0,Cloudy,1.89,65.58,123.95,Wallet,Cancelled by Customer,
RPD101761,CUST3456,DRV375,bangalore,Koramangala,Indiranagar,07-Jun-2026 08:51 AM,Cab Economy,6.86,6.9,Very High,9.0,Cloudy,1.88,97.32,182.96,UPI,COMPLETED,5.0
RPD101361,CUST1654,DRV783,bangalore,Koramangala,Indiranagar,2026-07-04 18:31:00,cab economy,11.8,7.9,Very High,2.0,Rain,1.79,156.6,280.31,Cash,COMPLETED,4.5
RPD103305,CUST1321,DRV628,Bangalore,Koramangala,MG Road,2026-07-10 02:32:00,Cab Economy,999.0,14.9,Low,15.0,,1.0,12003.0,12003.0,UPI,Completed,4.6
RPD102325,CUST2761,,Hyderabad,Kukatpally,Banjara Hills,10-Jun-2026 03:49 PM,cab economy,6.4,4.2,Low,20.0,Fog,1.0,91.8,91.8,cash ,Cancelled by Customer,
RPD103559,CUST1072,DRV599,bangalore,Electronic City,Koramangala,03-Jul-2026 05:49 AM,auto,3.7,25.6,Very High,11.0,Heavy Rain,1.84,48.3,88.87,wallet,completed,4.4
RPD104346,CUST3278,,Bangalore,Whitefield,Koramangala,15-Jun-2026 07:46 AM,bike,6.57,17.8,Low,17.0,Cloudy,1.04,54.42,56.6,Card,Cancelled by Customer,
RPD101834,CUST2927,DRV473,Bangalore,Whitefield,Koramangala,2026-06-10 11:42:00,Auto,2.41,16.4,Medium,21.0,,1.08,36.69,39.63,,COMPLETED,5.0
RPD103662,CUST1840,DRV366,Bengaluru,Koramangala,Jayanagar,16/07/2026 14:40,Cab Economy,2.3,6.2,Medium,19.0,,1.16,42.6,49.42,Card,completed,5.0
RPD102010,CUST1228,DRV447,BANGALORE,Jayanagar,Indiranagar,2026-07-02 04:43:00,auto,5.27,24.1,Medium,20.0,Heavy Rain,1.16,62.43,72.42,Card,COMPLETED,4.4
RPD103658,CUST2015,DRV192,BANGALORE,Koramangala,Jayanagar,08/07/2026 02:19,Auto,15.39,20.0,Low,12.0,Fog,1.0,153.51,153.51,upi,Cancelled by Driver,
RPD104188,CUST2889,DRV447,Bengaluru,Koramangala,Electronic City,2026-06-02 21:35:00,Cab Premium,2.61,8.8,Low,24.0,Fog,1.05,61.98,65.08,,COMPLETED,4.3
RPD103858,CUST3367,DRV439,Bangalore,Whitefield,Whitefield,12/07/2026 12:29,auto,4.31,4.3,Medium,20.0,Fog,1.11,53.79,59.71,Card,Cancelled by Driver,
RPD100694,CUST3393,,hyderabad ,Kukatpally,Banjara Hills,2026-06-07 01:39:00,,7.25,3.0,Very High,27.0,Rain,1.9,102.0,193.8,Card,Cancelled by Customer,
RPD104600,CUST1710,DRV472,mumbai,Borivali,Colaba,25/06/2026 11:16,,3.27,27.5,Low,15.0,Clear,1.0,54.24,54.24,upi,Cancelled by Driver,
RPD102613,CUST3123,DRV274,Pune,Kothrud,Camp,01-Jun-2026 03:12 PM,auto,999.0,23.7,Medium,17.0,,1.15,9006.0,10356.9,Card,Cancelled by Driver,
RPD101187,CUST3759,DRV100,hyderabad ,Kukatpally,Madhapur,02-Jul-2026 12:19 PM,,5.34,26.2,Very High,17.0,Heavy Rain,1.96,79.08,155.0,UPI,completed,5.0
RPD101370,CUST3729,DRV219,hyderabad ,Hitech City,Banjara Hills,2026-06-23 17:47:00,cab economy,7.52,15.4,Very High,14.0,Heavy Rain,1.9,105.24,199.96,wallet,Ongoing,
RPD101908,CUST2414,DRV275,Bengaluru,Whitefield,Whitefield,2026-06-09 04:03:00,Auto,1.42,25.0,Low,31.0,Clear,1.0,27.78,27.78,Wallet,Cancelled by Driver,
RPD104089,CUST1397,DRV189,hyderabad ,Banjara Hills,Kukatpally,2026-06-19 05:34:00,cab economy,4.3,13.9,Medium,17.0,Cloudy,1.09,66.6,72.59,upi,COMPLETED,3.7
RPD102478,CUST2066,DRV156,Mumbai,Powai,Dadar,21-Jun-2026 10:28 PM,bike,4.15,16.9,Low,20.0,,1.02,39.9,40.7,Wallet,Cancelled by Driver,
RPD100017,CUST1409,DRV175,Mumbai,Bandra,Borivali,2026-07-16 10:15:00,cab economy,4.24,15.3,Low,9.0,Heavy Rain,1.01,65.88,Rs. 66.54,cash ,Ongoing,
RPD102515,CUST3281,DRV131,Pune,Baner,Hinjewadi,11-Jun-2026 08:20 PM,Cab Economy,7.29,17.7,Very High,19.0,Fog,1.82,102.48,186.51,UPI,Completed,3.2
RPD104685,CUST3493,DRV150,BANGALORE,MG Road,Koramangala,27-Jun-2026 10:39 AM,auto,2.06,5.2,Low,20.0,Fog,1.03,33.54,34.55,wallet,completed,5.0
RPD102206,CUST1796,DRV351,Pune,Kothrud,Kothrud,01-Jul-2026 07:21 AM,auto,6.56,22.5,Low,30.0,Clear,1.04,74.04,77.0,Card,Completed,5.0
RPD103596,CUST2356,DRV317,Pune,Viman Nagar,Baner,07-Jun-2026 04:33 AM,Cab Economy,3.26,25.0,Medium,12.0,Heavy Rain,1.23,54.12,66.57,upi,Ongoing,
RPD101487,CUST1627,DRV632,Hyderabad,Banjara Hills,Madhapur,07-Jul-2026 09:44 AM,Bike,8.24,11.1,High,3.0,Cloudy,1.43,64.44,92.15,wallet,COMPLETED,4.0
RPD101677,CUST1675,DRV604,hyderabad ,Madhapur,Gachibowli,2026-06-18 02:13:00,Auto,8.81,10.5,Medium,11.0,Fog,4.18,94.29,394.13,Card,Cancelled by Driver,
RPD102354,CUST2826,DRV790,mumbai,Bandra,Colaba,2026-06-15 19:08:00,cab economy,4.09,18.9,High,9.0,Cloudy,1.34,64.08,85.87,Wallet,Cancelled by Driver,
RPD100657,CUST2777,DRV537,hyderabad ,Hitech City,Banjara Hills,2026-06-03 17:48:00,Cab Economy,6.23,7.2,Medium,17.0,Heavy Rain,1.2,89.76,107.71,UPI,Ongoing,
RPD101572,CUST1194,DRV378,hyderabad ,Kukatpally,Madhapur,2026-07-10 01:56:00,Bike,7.68,27.9,Very High,10.0,Rain,1.92,61.08,117.27,UPI,completed,3.8
RPD101738,CUST2886,,Hyderabad,Kukatpally,Hitech City,2026-06-21 01:18:00,Cab Premium,6.15,8.1,Low,16.0,Fog,1.0,125.7,125.7,upi,Cancelled by Customer,
RPD103856,CUST1022,DRV619,Bangalore,HSR Layout,MG Road,07-Jul-2026 04:15 PM,Bike,14.87,9.9,Low,23.0,Clear,1.0,104.22,104.22,cash ,Cancelled by Driver,
RPD102847,CUST3160,,Pune,Baner,Hinjewadi,12-Jul-2026 08:32 AM,auto,4.39,13.0,Very High,20.0,,1.86,54.51,101.39,Cash,Cancelled by Customer,
RPD102981,CUST1918,DRV674,Bangalore,MG Road,Whitefield,07-Jun-2026 01:09 PM,BIKE,5.49,15.3,Medium,23.0,Clear,1.11,47.94,53.21,UPI,Completed,5.0
RPD100619,CUST3655,DRV204,hyderabad ,Hitech City,Gachibowli,15-Jun-2026 11:24 AM,Cab Premium,10.51,9.1,Very High,17.0,Rain,1.93,204.18,394.07,Cash,Ongoing,
RPD102848,CUST2547,DRV413,Hyderabad,Banjara Hills,Kukatpally,01-Jul-2026 06:03 AM,Cab Premium,4.52,35.7,Medium,24.0,Clear,1.21,96.36,116.6,UPI,Ongoing,
RPD104473,CUST1286,DRV219,bangalore,Indiranagar,Whitefield,2026-07-11 13:31:00,auto,2.54,34.4,Medium,18.0,Clear,1.24,37.86,46.95,Wallet,Cancelled by Driver,
RPD100868,CUST2529,DRV670,mumbai,Dadar,Dadar,03-Jul-2026 07:58 AM,bike,3.15,13.3,Medium,16.0,Fog,1.21,33.9,41.02,Card,Ongoing,
RPD102508,CUST2544,DRV735,BANGALORE,Electronic City,HSR Layout,01-Jul-2026 08:31 AM,Bike,1.84,4.1,Very High,12.0,Heavy Rain,1.94,26.04,50.52,wallet,Ongoing,
RPD102111,CUST2156,,Mumbai,Bandra,Powai,12/06/2026 08:45,auto,1.96,8.3,Very High,8.0,Heavy Rain,1.96,32.64,63.97,UPI,Cancelled by Customer,
RPD100458,CUST2946,,Mumbai,Bandra,Bandra,02/07/2026 00:07,cab economy,9.33,3.0,Low,18.0,Fog,1.03,126.96,130.77,Cash,Cancelled by Customer,
RPD104553,CUST1040,DRV211,BANGALORE,Jayanagar,MG Road,2026-06-12 11:23:00,,4.43,7.1,Very High,17.0,Heavy Rain,1.95,68.16,132.91,UPI,Completed,4.4
RPD100791,CUST2032,DRV128,bangalore,Indiranagar,Koramangala,06/07/2026 14:35,BIKE,1.55,11.0,Medium,18.0,Clear,1.03,24.3,25.03,,Ongoing,
RPD104326,CUST1103,,Bangalore,Electronic City,HSR Layout,02/07/2026 07:34,bike,3.57,18.7,Low,23.0,Fog,1.0,36.42,36.42,cash ,Cancelled by Customer,
RPD103608,CUST2452,DRV295,Pune,Viman Nagar,Baner,10/07/2026 16:49,BIKE,14.68,9.5,Low,15.0,Clear,1.0,103.08,103.08,upi,Ongoing,
RPD103823,CUST1070,DRV786,mumbai,Borivali,Colaba,05/06/2026 12:05,,5.37,10.4,Low,26.0,Cloudy,1.1,79.44,87.38,upi,Completed,4.1
RPD102261,CUST3386,DRV192,Hyderabad,Kukatpally,Kukatpally,2026-06-05 23:56:00,Cab Economy,8.97,4.0,Medium,16.0,,1.15,122.64,141.04,Wallet,Completed,4.9
RPD104647,CUST1796,DRV606,BANGALORE,Whitefield,Electronic City,2026-06-22 06:16:00,BIKE,4.2,14.8,Medium,28.0,Fog,1.14,40.2,45.83,Cash,Ongoing,
RPD102809,CUST1292,DRV400,hyderabad ,Kukatpally,Banjara Hills,2026-07-16 18:41:00,Bike,3.11,18.9,Very High,5.0,,1.86,33.66,62.61,Cash,COMPLETED,4.4
RPD103519,CUST2315,DRV585,mumbai,Colaba,Andheri,2026-06-06 05:38:00,BIKE,1.59,32.2,Low,9.0,Clear,1.0,24.54,24.54,Card,Cancelled by Driver,
RPD100734,CUST1495,DRV721,bangalore,Koramangala,MG Road,2026-06-03 21:43:00,Cab Premium,8.87,4.0,Medium,18.0,Clear,1.17,174.66,204.35,UPI,Ongoing,
RPD104926,CUST1653,DRV748,BANGALORE,MG Road,HSR Layout,2026-06-27 22:29:00,BIKE,1.14,50.7,Very High,16.0,Rain,1.92,21.84,41.93,,Completed,4.5
RPD103959,CUST3249,,bangalore,Electronic City,MG Road,05-Jul-2026 05:29 PM,Bike,3.08,17.8,Low,22.0,,1.0,33.48,33.48,wallet,Cancelled by Customer,
RPD102134,CUST2059,DRV352,Bengaluru,HSR Layout,HSR Layout,2026-06-04 02:10:00,Cab Premium,6.49,14.7,Low,26.0,,1.0,131.82,131.82,,completed,4.5
RPD101945,CUST1320,DRV412,BANGALORE,MG Road,HSR Layout,2026-06-17 10:25:00,,5.41,17.7,Very High,17.0,Heavy Rain,1.87,79.92,149.45,Cash,Cancelled by Driver,
RPD102280,CUST1305,DRV427,bangalore,Jayanagar,Electronic City,24-Jun-2026 03:48 AM,Cab Premium,4.02,17.9,Low,18.0,Cloudy,1.0,87.36,87.36,,Cancelled by Driver,
RPD100660,CUST2286,DRV165,Mumbai,Bandra,Dadar,2026-06-30 00:28:00,,3.41,18.2,Very High,9.0,Rain,1.8,55.92,100.66,,Ongoing,
RPD102431,CUST3468,DRV258,bangalore,Whitefield,Koramangala,29-Jun-2026 07:30 AM,cab economy,10.96,36.2,Low,15.0,Clear,1.06,146.52,155.31,UPI,completed,4.3
RPD103752,CUST2458,,bangalore,Indiranagar,MG Road,2026-06-03 12:13:00,cab economy,13.37,8.8,Medium,20.0,Fog,1.12,175.44,196.49,wallet,Cancelled by Customer,
RPD102529,CUST1193,DRV769,hyderabad ,Gachibowli,Kukatpally,07-Jun-2026 11:00 PM,cab economy,3.88,12.5,Low,7.0,,1.0,61.56,61.56,wallet,COMPLETED,4.8
RPD104431,CUST3817,DRV638,bangalore,MG Road,Jayanagar,06/07/2026 02:10,bike,4.76,35.2,Low,20.0,Fog,1.0,43.56,43.56,Cash,Completed,3.9
RPD100643,CUST3861,DRV560,BANGALORE,MG Road,HSR Layout,27/06/2026 02:03,bike,2.32,27.2,Low,17.0,Cloudy,1.05,28.92,30.37,wallet,completed,4.7
RPD100169,CUST3640,DRV186,BANGALORE,HSR Layout,Electronic City,2026-07-14 14:55:00,bike,1.87,4.7,Medium,7.0,Fog,1.23,26.22,32.25,cash ,completed,5.0
RPD101518,CUST2832,DRV212,hyderabad ,Gachibowli,Kukatpally,2026-06-20 14:20:00,Bike,2.25,20.9,Medium,21.0,Clear,1.09,28.5,31.07,,Cancelled by Driver,
RPD101801,CUST3031,,mumbai,Borivali,Powai,15/07/2026 09:42,Cab Economy,6.87,14.4,Very High,3.0,,1.91,97.44,186.11,upi,Cancelled by Customer,
RPD103395,CUST2319,DRV651,hyderabad ,Hitech City,Banjara Hills,2026-07-14 15:36:00,auto,1.73,16.2,Very High,22.0,Rain,1.94,30.57,59.31,Cash,Cancelled by Driver,
RPD101918,CUST2874,DRV328,mumbai,Powai,Andheri,2026-07-14 21:46:00,Cab Premium,0.97,17.3,Low,21.0,,1.07,32.46,34.73,Card,Completed,5.0
RPD100273,CUST3761,DRV315,Bangalore,Electronic City,Jayanagar,2026-06-28 15:34:00,BIKE,3.65,7.4,Medium,20.0,Cloudy,1.14,36.9,42.07,wallet,COMPLETED,
RPD102469,CUST1692,,Bengaluru,HSR Layout,MG Road,18-Jun-2026 08:28 PM,bike,6.9,10.9,Very High,3.0,Rain,1.87,56.4,105.47,Card,Cancelled by Customer,
RPD104805,CUST2109,DRV659,Pune,Hinjewadi,Baner,2026-06-30 21:01:00,,3.46,8.9,Low,32.0,Heavy Rain,1.0,56.52,56.52,cash ,completed,4.8
RPD101067,CUST1952,DRV615,Pune,Viman Nagar,Camp,2026-06-25 17:03:00,BIKE,11.17,7.4,Low,17.0,Heavy Rain,1.0,82.02,82.02,Wallet,COMPLETED,4.4
RPD100495,CUST2601,,Bangalore,Indiranagar,Indiranagar,2026-06-05 12:18:00,cab economy,6.34,21.3,Medium,23.0,Clear,1.11,91.08,Rs. 101.1,Cash,Cancelled by Customer,
RPD101913,CUST3644,DRV598,Bangalore,Whitefield,Indiranagar,13-Jun-2026 07:56 AM,,0.77,11.4,Low,24.0,Fog,1.04,24.24,25.21,UPI,Completed,5.0
RPD103647,CUST1795,DRV237,Pune,Kothrud,Hinjewadi,15/06/2026 05:15,bike,9.3,31.0,Low,21.0,,1.06,70.8,75.05,upi,Completed,
RPD100039,CUST3949,DRV516,Pune,Viman Nagar,Hinjewadi,2026-07-02 10:11:00,auto,3.59,11.7,Low,31.0,Fog,1.0,47.31,47.31,,completed,4.4
RPD100307,CUST1034,DRV168,BANGALORE,MG Road,MG Road,13/07/2026 00:24,BIKE,3.61,7.3,Low,14.0,Clear,1.12,36.66,41.06,wallet,Completed,5.0
RPD103741,CUST2057,,Hyderabad,Banjara Hills,Madhapur,05/07/2026 22:25,cab economy,5.05,10.0,Very High,21.0,Heavy Rain,1.89,75.6,142.88,Cash,Cancelled by Customer,
RPD104103,CUST1544,DRV306,Pune,Baner,Kothrud,11-Jun-2026 01:48 PM,Cab Premium,5.21,13.8,Medium,32.0,,1.27,108.78,138.15,Wallet,Completed,4.0
RPD103153,CUST2412,DRV204,Bangalore,MG Road,Electronic City,2026-06-06 06:17:00,Bike,2.2,8.1,Medium,9.0,Cloudy,1.19,28.2,33.56,Card,COMPLETED,4.1
RPD102830,CUST3235,DRV145,Bengaluru,Jayanagar,Jayanagar,2026-06-21 02:56:00,cab economy,3.47,9.6,Very High,15.0,Heavy Rain,1.81,56.64,102.52,UPI,completed,4.2
RPD100782,CUST1195,,Bangalore,MG Road,Whitefield,2026-06-07 09:58:00,auto,4.49,13.5,High,2.0,Heavy Rain,1.39,55.41,77.02,Wallet,Cancelled by Customer,
RPD100535,CUST2537,DRV786,bangalore,Electronic City,MG Road,22-Jun-2026 06:27 PM,Bike,3.17,7.3,High,8.0,Clear,1.49,34.02,50.69,upi,completed,4.0
RPD100584,CUST2668,DRV615,Bangalore,Koramangala,Whitefield,06-Jun-2026 09:00 AM,,11.39,23.0,Very High,8.0,Rain,1.96,151.68,297.29,upi,COMPLETED,4.4
RPD104144,CUST2947,,mumbai,Andheri,Bandra,2026-07-03 18:57:00,Cab Economy,1.9,18.4,Very High,14.0,Rain,1.86,37.8,70.31,Card,Cancelled by Customer,
RPD103797,CUST2535,DRV603,Pune,Hinjewadi,Baner,10-Jul-2026 08:20 AM,cab economy,1.95,12.5,High,5.0,Clear,1.4,38.4,53.76,wallet,Ongoing,
RPD104867,CUST1106,DRV142,Hyderabad,Kukatpally,Kukatpally,12-Jul-2026 07:42 PM,auto,3.92,23.0,Very High,7.0,Heavy Rain,1.98,50.28,99.55,Wallet,completed,3.5
RPD104973,CUST2437,,Mumbai,Borivali,Colaba,19/06/2026 13:44,Cab Economy,4.44,41.9,Very High,34.0,Heavy Rain,1.94,68.28,Rs. 132.46,Card,Cancelled by Customer,
RPD102862,CUST3282,DRV215,Mumbai,Andheri,Bandra,2026-06-29 07:16:00,bike,4.42,5.5,Low,8.0,Clear,1.0,41.52,41.52,Wallet,completed,5.0
RPD100317,CUST2610,DRV523,Pune,Viman Nagar,Camp,04-Jun-2026 10:33 PM,bike,0.67,48.4,Medium,11.0,,1.14,19.02,21.68,Wallet,COMPLETED,4.2
RPD102198,CUST3214,DRV460,Bangalore,Whitefield,Koramangala,2026-06-12 09:02:00,auto,9.45,24.7,Very High,1.0,Cloudy,1.79,100.05,179.09,,COMPLETED,4.6
RPD102565,CUST1017,DRV762,Mumbai,Powai,Powai,2026-06-16 01:03:00,Cab Premium,9.86,12.0,Medium,10.0,Rain,1.12,192.48,215.58,Wallet,COMPLETED,3.9
RPD104582,CUST1683,DRV185,BANGALORE,Electronic City,Koramangala,2026-06-04 03:48:00,Auto,4.54,16.1,Very High,20.0,Heavy Rain,1.96,55.86,109.49,Wallet,completed,3.4
RPD104864,CUST2923,DRV721,Pune,Viman Nagar,Camp,2026-06-22 08:46:00,,6.36,10.8,High,2.0,Fog,1.46,91.32,Rs. 133.33,Cash,Completed,4.5
RPD101795,CUST2667,DRV406,Bangalore,HSR Layout,Koramangala,28/06/2026 12:16,auto,-8.11,36.3,Low,16.0,Heavy Rain,1.05,15.9,Rs. 16.7,Cash,COMPLETED,5.0
RPD104734,CUST2058,DRV787,bangalore,Electronic City,Jayanagar,2026-06-06 07:39:00,Cab Economy,3.22,3.0,Low,18.0,Fog,1.0,53.64,53.64,,Completed,4.2
RPD104315,CUST3132,DRV473,BANGALORE,MG Road,Whitefield,2026-06-23 09:47:00,Cab Premium,10.54,19.4,Very High,10.0,Heavy Rain,1.92,204.72,393.06,Cash,Ongoing,
RPD100272,CUST1909,,hyderabad ,Hitech City,Kukatpally,2026-06-24 19:20:00,auto,9.13,3.9,Very High,1.0,Cloudy,1.88,97.17,182.68,Cash,Cancelled by Customer,
RPD100549,CUST3801,DRV723,Pune,Hinjewadi,Camp,13/06/2026 23:00,Auto,7.88,21.1,Medium,18.0,,1.11,85.92,95.37,UPI,Ongoing,
RPD101693,CUST3340,DRV438,Mumbai,Dadar,Colaba,2026-06-14 22:45:00,bike,10.74,25.0,Very High,26.0,Heavy Rain,1.86,79.44,147.76,Wallet,completed,4.1
RPD103526,CUST2358,DRV662,Bangalore,Electronic City,Electronic City,14-Jun-2026 09:48 AM,cab economy,2.33,12.8,Very High,0.0,Heavy Rain,1.89,42.96,81.19,Card,Ongoing,
RPD103013,CUST2134,DRV300,Bengaluru,Indiranagar,Whitefield,07/07/2026 21:29,Bike,11.57,20.4,Very High,24.0,Heavy Rain,1.96,84.42,165.46,UPI,completed,3.9
RPD104875,CUST2018,DRV790,bangalore,MG Road,Whitefield,2026-06-10 17:59:00,BIKE,5.76,10.6,Low,20.0,Clear,1.0,49.56,49.56,Wallet,completed,4.1
RPD102391,CUST1969,DRV307,Mumbai,Dadar,Bandra,2026-07-13 23:55:00,Auto,16.65,16.8,Medium,18.0,Rain,1.18,164.85,194.52,Wallet,Cancelled by Driver,
RPD103877,CUST3608,DRV241,Hyderabad,Gachibowli,Madhapur,08/06/2026 05:25,Auto,2.12,35.1,Medium,15.0,Heavy Rain,1.21,34.08,41.24,wallet,completed,
RPD100895,CUST2520,DRV124,Hyderabad,Hitech City,Banjara Hills,22-Jun-2026 06:19 AM,BIKE,3.55,9.2,Medium,15.0,,1.09,36.3,39.57,,completed,5.0
RPD102000,CUST2217,DRV643,Bangalore,Jayanagar,MG Road,25-Jun-2026 04:08 PM,bike,1.71,18.9,Low,17.0,,1.04,25.26,26.27,Card,Cancelled by Driver,
RPD102123,CUST3327,DRV470,Hyderabad,Hitech City,Banjara Hills,2026-06-23 15:15:00,,4.62,21.5,Medium,33.0,Fog,1.17,70.44,82.41,UPI,Completed,4.1
RPD104158,CUST3595,,Mumbai,Andheri,Dadar,10/06/2026 12:09,auto,2.31,12.7,Low,15.0,Clear,1.0,35.79,35.79,Card,Cancelled by Customer,
RPD101248,CUST1684,DRV660,Hyderabad,Gachibowli,Gachibowli,08-Jun-2026 12:51 AM,auto,2.45,42.1,Low,18.0,,1.1,37.05,40.76,upi,Ongoing,
RPD101260,CUST1337,DRV198,Hyderabad,Banjara Hills,Kukatpally,2026-06-16 01:03:00,,3.31,19.6,Low,25.0,Heavy Rain,1.02,54.72,55.81,upi,completed,3.5
RPD100810,CUST2679,DRV630,Bengaluru,Whitefield,MG Road,2026-06-29 00:55:00,auto,1.9,23.2,Low,22.0,Fog,1.0,32.1,32.1,UPI,Completed,3.6
RPD101050,CUST2665,DRV381,Bangalore,Whitefield,HSR Layout,2026-07-03 09:09:00,bike,-5.3,24.5,Very High,17.0,Cloudy,1.94,15.6,30.26,Cash,completed,4.6
RPD101879,CUST3432,DRV722,mumbai,Borivali,Dadar,02-Jun-2026 06:48 AM,Auto,5.43,6.2,Medium,28.0,Clear,1.22,63.87,77.92,Card,Cancelled by Driver,
RPD102880,CUST3229,DRV146,Bangalore,Jayanagar,Electronic City,14/07/2026 21:33,,5.45,11.8,Low,14.0,,1.07,80.4,86.03,cash ,COMPLETED,3.7
RPD100108,CUST3027,DRV711,Bengaluru,Jayanagar,Indiranagar,2026-07-02 16:29:00,Cab Premium,3.11,10.6,Low,16.0,Fog,1.0,70.98,70.98,,Completed,4.6
RPD100674,CUST2154,DRV684,Bengaluru,MG Road,Whitefield,10/06/2026 03:13,Bike,2.81,5.1,Low,11.0,Fog,1.0,31.86,31.86,wallet,Completed,3.6
RPD104544,CUST2500,DRV327,mumbai,Borivali,Andheri,01/06/2026 01:26,cab economy,2.27,13.3,Low,22.0,,1.07,42.24,45.2,UPI,Cancelled by Driver,
RPD104371,CUST1298,DRV392,Mumbai,Borivali,Colaba,2026-06-21 22:39:00,Auto,1.36,14.3,Very High,29.0,Rain,1.98,27.24,53.94,upi,completed,4.6
RPD101533,CUST3026,DRV242,bangalore,Jayanagar,Whitefield,25/06/2026 07:57,Cab Premium,5.65,7.5,Low,17.0,Heavy Rain,1.03,116.7,120.2,wallet,Completed,4.5
RPD101856,CUST2354,DRV318,mumbai,Borivali,Borivali,2026-06-24 15:15:00,BIKE,5.68,9.7,Low,15.0,Cloudy,1.0,49.08,49.08,Wallet,Cancelled by Driver,
RPD100212,CUST3921,DRV327,mumbai,Borivali,Bandra,02-Jun-2026 08:31 PM,Cab Premium,6.03,9.3,Very High,12.0,,1.91,123.54,235.96,,completed,3.7
RPD103148,CUST1799,,Bengaluru,Koramangala,Indiranagar,2026-07-11 22:48:00,Bike,3.97,14.6,Medium,15.0,Fog,1.14,38.82,44.25,,Cancelled by Customer,
RPD102257,CUST2512,DRV512,BANGALORE,MG Road,Whitefield,22/06/2026 04:54,cab economy,5.84,3.0,Low,21.0,Clear,1.0,85.08,85.08,,COMPLETED,5.0
RPD102106,CUST2792,,Bengaluru,MG Road,HSR Layout,2026-07-12 18:13:00,BIKE,1.18,6.1,Very High,0.0,Clear,1.94,22.08,42.84,cash ,Cancelled by Customer,
RPD103269,CUST1573,DRV283,Pune,Kothrud,Kothrud,2026-07-08 10:50:00,bike,2.04,11.6,Low,15.0,Fog,1.0,27.24,27.24,Cash,Completed,4.6
RPD104848,CUST1481,DRV625,Pune,Hinjewadi,Camp,18/06/2026 06:32,Cab Economy,1.86,24.6,Medium,12.0,Rain,1.13,37.32,42.17,,COMPLETED,4.9
RPD101974,CUST3497,DRV208,BANGALORE,HSR Layout,Jayanagar,2026-07-02 04:12:00,cab economy,1.04,16.3,Medium,22.0,Cloudy,1.09,27.48,29.95,Wallet,Completed,3.4
RPD101502,CUST2696,DRV325,mumbai,Bandra,Bandra,2026-06-10 06:43:00,bike,6.54,14.3,Very High,15.0,Rain,1.94,54.24,105.23,,Cancelled by Driver,
RPD104183,CUST2606,DRV701,hyderabad ,Banjara Hills,Kukatpally,2026-06-20 15:05:00,auto,2.03,27.7,Low,12.0,Fog,1.04,33.27,34.6,wallet,completed,4.3
RPD100647,CUST3048,DRV419,Bengaluru,Jayanagar,Whitefield,2026-06-17 12:45:00,auto,5.29,30.1,Low,16.0,Clear,1.05,62.61,65.74,wallet,Ongoing,
RPD103634,CUST2459,DRV332,Hyderabad,Gachibowli,Madhapur,2026-06-29 12:33:00,Cab Premium,2.98,16.3,Low,16.0,Heavy Rain,1.01,68.64,69.33,Card,COMPLETED,3.9
RPD100772,CUST3173,DRV637,hyderabad ,Hitech City,Madhapur,12-Jun-2026 12:52 PM,Auto,14.24,12.5,Medium,23.0,Clear,1.19,143.16,170.36,UPI,completed,3.9
RPD100704,CUST1760,DRV425,BANGALORE,MG Road,MG Road,01/06/2026 09:17,bike,6.19,30.4,High,9.0,Fog,1.42,52.14,74.04,UPI,completed,4.5
RPD103588,CUST1577,DRV114,bangalore,Whitefield,MG Road,13-Jun-2026 05:41 AM,auto,9.53,15.9,Low,13.0,,1.01,100.77,101.78,UPI,completed,4.7
RPD101250,CUST1738,,mumbai,Bandra,Bandra,2026-07-08 08:48:00,Bike,3.39,12.3,Very High,11.0,Fog,1.96,35.34,69.27,wallet,Cancelled by Customer,
RPD102473,CUST2003,DRV601,Bengaluru,Jayanagar,Indiranagar,06-Jun-2026 03:36 AM,bike,1.78,11.5,Low,22.0,Clear,1.0,25.68,25.68,cash ,completed,
RPD101861,CUST2124,,hyderabad ,Kukatpally,Kukatpally,02-Jun-2026 12:42 AM,auto,3.41,34.5,Very High,30.0,Heavy Rain,1.94,45.69,88.64,UPI,Cancelled by Customer,
RPD100710,CUST3076,DRV210,Hyderabad,Madhapur,Madhapur,2026-07-15 13:46:00,Cab Economy,2.3,21.4,Low,29.0,Fog,1.0,42.6,42.6,wallet,completed,3.8
RPD102673,CUST3431,,Pune,Kothrud,Camp,12/07/2026 21:21,Bike,8.78,18.5,Medium,27.0,Cloudy,1.1,67.68,74.45,Card,Cancelled by Customer,
RPD101462,CUST3914,DRV119,Bangalore,HSR Layout,Jayanagar,2026-06-14 15:08:00,Bike,1.91,24.8,Low,11.0,Clear,1.0,26.46,26.46,Cash,Ongoing,
RPD101485,CUST3286,,hyderabad ,Madhapur,Madhapur,2026-06-15 00:24:00,,7.51,5.3,Medium,18.0,,1.19,105.12,Rs. 125.09,upi,Cancelled by Customer,
RPD102546,CUST2241,DRV578,mumbai,Andheri,Colaba,2026-07-16 21:09:00,auto,13.63,38.3,Low,18.0,Rain,1.0,137.67,137.67,UPI,Ongoing,
RPD100231,CUST1575,,bangalore,Jayanagar,MG Road,2026-06-15 00:21:00,,1.66,11.4,Low,23.0,Fog,1.0,34.92,34.92,wallet,Cancelled by Customer,
RPD101357,CUST3408,DRV717,Bangalore,HSR Layout,HSR Layout,26-Jun-2026 02:29 AM,Auto,2.74,14.5,Very High,25.0,Heavy Rain,1.92,39.66,76.15,cash ,COMPLETED,5.0
RPD103012,CUST2390,DRV292,hyderabad ,Hitech City,Kukatpally,2026-07-16 17:15:00,auto,999.0,32.8,Very High,17.0,Rain,1.96,9006.0,17651.76,Card,Cancelled by Driver,
RPD100852,CUST3846,DRV670,BANGALORE,Whitefield,HSR Layout,14/06/2026 03:58,cab economy,1.68,19.0,Very High,24.0,Rain,1.8,35.16,63.29,Card,Ongoing,
RPD101005,CUST3283,DRV538,hyderabad ,Hitech City,Madhapur,2026-06-09 15:00:00,,12.11,14.2,Medium,29.0,Fog,1.15,160.32,184.37,wallet,completed,4.1
RPD101997,CUST1533,DRV721,Bangalore,HSR Layout,MG Road,24-Jun-2026 01:00 PM,Bike,6.74,16.9,Medium,20.0,Clear,1.1,55.44,60.98,wallet,COMPLETED,
RPD101835,CUST2571,DRV779,Mumbai,Borivali,Dadar,14/07/2026 22:41,Cab Premium,10.02,15.0,Very High,18.0,Heavy Rain,1.86,195.36,363.37,Card,completed,5.0
RPD103974,CUST3132,DRV425,hyderabad ,Hitech City,Banjara Hills,2026-07-10 14:34:00,,3.35,16.5,Low,14.0,Cloudy,1.04,55.2,57.41,cash ,Completed,4.7
RPD101317,CUST3210,DRV212,BANGALORE,Whitefield,HSR Layout,09/07/2026 04:23,bike,0.86,36.4,Medium,13.0,Fog,1.19,20.16,23.99,Cash,COMPLETED,4.5
RPD103328,CUST1201,DRV664,Hyderabad,Madhapur,Madhapur,2026-07-03 16:15:00,auto,5.53,4.0,Very High,23.0,Rain,1.9,64.77,123.06,UPI,Cancelled by Driver,
RPD101624,CUST1533,DRV521,mumbai,Dadar,Powai,03/07/2026 04:15,,6.1,23.4,Medium,21.0,Heavy Rain,1.12,88.2,98.78,wallet,completed,4.5
RPD101481,CUST1416,DRV218,Hyderabad,Banjara Hills,Gachibowli,04-Jul-2026 06:22 AM,Bike,3.95,23.5,Very High,33.0,Heavy Rain,1.92,38.7,74.3,cash ,Completed,4.4
RPD103834,CUST3279,DRV606,BANGALORE,Electronic City,Indiranagar,24/06/2026 16:45,cab economy,0.88,3.6,Low,20.0,Cloudy,1.04,25.56,26.58,UPI,Completed,4.4
RPD101279,CUST1637,,bangalore,Jayanagar,MG Road,02/07/2026 23:06,Cab Premium,9.21,31.7,Low,15.0,Clear,1.06,180.78,191.63,Wallet,Cancelled by Customer,
RPD103081,CUST1878,,mumbai,Colaba,Bandra,2026-07-02 13:42:00,BIKE,4.71,11.0,Very High,13.0,Heavy Rain,1.78,43.26,77.0,upi,Cancelled by Customer,
RPD101824,CUST3841,DRV126,hyderabad ,Banjara Hills,Kukatpally,2026-07-05 17:56:00,BIKE,3.95,12.4,Low,17.0,Clear,1.0,38.7,38.7,upi,Ongoing,
RPD101054,CUST1267,DRV628,BANGALORE,Whitefield,Koramangala,2026-07-10 03:27:00,auto,7.37,23.4,Very High,18.0,Heavy Rain,1.92,81.33,156.15,Cash,COMPLETED,4.4
RPD104146,CUST2096,DRV583,Bangalore,Whitefield,Whitefield,15-Jun-2026 04:23 PM,bike,1.94,22.2,Low,30.0,,1.03,26.64,27.44,,Completed,4.3
RPD100476,CUST1269,,Hyderabad,Hitech City,Kukatpally,08-Jul-2026 03:05 AM,bike,2.32,43.6,Very High,21.0,Rain,1.88,28.92,54.37,upi,Cancelled by Customer,
RPD102283,CUST1787,,Bengaluru,Whitefield,Electronic City,24-Jun-2026 04:17 AM,Cab Economy,1.59,22.0,Low,12.0,Heavy Rain,1.0,34.08,34.08,UPI,Cancelled by Customer,
RPD103712,CUST2038,,mumbai,Dadar,Colaba,2026-07-01 09:19:00,,10.54,5.6,Very High,10.0,Heavy Rain,1.87,141.48,264.57,Cash,Cancelled by Customer,
RPD103147,CUST3237,DRV449,Hyderabad,Gachibowli,Gachibowli,15-Jun-2026 07:56 PM,bike,2.55,33.1,High,4.0,Fog,1.39,30.3,42.12,Card,completed,5.0
RPD100336,CUST1521,DRV620,BANGALORE,MG Road,MG Road,2026-06-22 10:29:00,cab economy,8.24,29.1,Low,23.0,Cloudy,1.02,113.88,116.16,upi,Ongoing,
RPD102618,CUST2593,,hyderabad ,Madhapur,Madhapur,2026-06-05 05:45:00,Cab Premium,4.08,17.8,Very High,12.0,Heavy Rain,1.92,88.44,169.8,Card,Cancelled by Customer,
RPD103663,CUST1005,DRV635,Bangalore,Indiranagar,Whitefield,16/07/2026 17:41,bike,6.85,22.5,Medium,23.0,Clear,1.12,56.1,62.83,,Completed,4.9
RPD100089,CUST2431,DRV127,Hyderabad,Banjara Hills,Madhapur,07/06/2026 22:54,BIKE,2.88,28.5,Very High,27.0,Heavy Rain,1.88,32.28,60.69,wallet,completed,4.2
RPD100875,CUST3120,DRV792,Mumbai,Borivali,Powai,18/06/2026 09:38,Auto,5.33,21.9,High,13.0,Fog,1.34,62.97,84.38,wallet,Cancelled by Driver,
RPD100544,CUST1391,,Bengaluru,Whitefield,Koramangala,2026-06-07 12:14:00,BIKE,1.86,13.3,Medium,18.0,Fog,1.22,26.16,31.92,Wallet,Cancelled by Customer,
RPD103001,CUST3945,DRV751,bangalore,Koramangala,HSR Layout,2026-06-29 00:40:00,bike,0.92,28.8,Very High,10.0,Rain,1.86,20.52,38.17,Wallet,Cancelled by Driver,
RPD102761,CUST3644,DRV799,Pune,Camp,Hinjewadi,01/06/2026 03:21,Auto,1.18,46.4,Low,17.0,Cloudy,1.08,25.62,27.67,Card,Ongoing,
RPD100609,CUST2531,DRV747,BANGALORE,Jayanagar,Indiranagar,2026-07-02 13:56:00,Cab Economy,3.81,15.4,Medium,25.0,Fog,1.19,60.72,72.26,upi,Cancelled by Driver,
RPD101881,CUST2200,,Hyderabad,Hitech City,Banjara Hills,2026-07-12 01:35:00,Auto,1.51,18.4,Low,32.0,Clear,1.04,28.59,29.73,Card,Cancelled by Customer,
RPD104976,CUST2686,,hyderabad ,Banjara Hills,Gachibowli,2026-06-13 14:59:00,cab economy,3.15,8.5,Very High,13.0,Heavy Rain,1.91,52.8,100.85,upi,Cancelled by Customer,
RPD100927,CUST3583,DRV117,Bangalore,HSR Layout,Jayanagar,2026-06-24 12:34:00,Auto,1.29,5.0,Medium,24.0,Clear,1.05,26.61,27.94,,COMPLETED,4.4
RPD100320,CUST3226,,Bangalore,HSR Layout,Whitefield,20-Jun-2026 11:49 PM,BIKE,1.93,21.3,Very High,24.0,Rain,1.91,26.58,Rs. 50.77,UPI,Cancelled by Customer,
RPD100879,CUST1223,DRV142,hyderabad ,Madhapur,Kukatpally,13-Jun-2026 08:03 AM,bike,7.29,9.0,Very High,9.0,Cloudy,1.9,58.74,111.61,upi,Completed,5.0
RPD103995,CUST1792,,Pune,Baner,Viman Nagar,2026-06-27 11:34:00,bike,1.37,23.1,Medium,22.0,,1.18,23.22,27.4,wallet,Cancelled by Customer,
RPD103247,CUST2927,DRV647,Pune,Camp,Camp,2026-07-04 21:24:00,BIKE,1.94,16.6,Medium,17.0,Clear,1.14,26.64,30.37,Card,Cancelled by Driver,
RPD103079,CUST3003,,BANGALORE,Whitefield,Electronic City,06/06/2026 10:08,bike,1.9,15.7,Low,21.0,Cloudy,1.0,26.4,26.4,cash ,Cancelled by Customer,
RPD103762,CUST1439,DRV255,Bangalore,Indiranagar,Koramangala,24-Jun-2026 06:34 AM,Auto,4.64,6.2,Very High,11.0,Heavy Rain,1.88,56.76,106.71,upi,Completed,4.7
RPD104688,CUST3245,DRV586,Bangalore,Whitefield,Indiranagar,2026-06-27 21:31:00,Bike,2.58,15.4,Low,19.0,,1.0,30.48,30.48,wallet,Completed,3.5
RPD104235,CUST2892,DRV270,Hyderabad,Madhapur,Gachibowli,2026-06-16 04:33:00,Cab Premium,4.32,37.2,Very High,26.0,Rain,1.92,92.76,178.1,wallet,COMPLETED,4.1
RPD104260,CUST3844,DRV566,hyderabad ,Madhapur,Hitech City,2026-07-15 17:14:00,cab economy,5.01,33.4,Low,19.0,Rain,1.08,75.12,81.13,UPI,Completed,4.7
RPD101619,CUST1900,,Bengaluru,Indiranagar,Koramangala,05-Jul-2026 02:43 AM,Cab Premium,5.46,4.2,Low,13.0,Clear,1.07,113.28,121.21,upi,Cancelled by Customer,
RPD103727,CUST3280,DRV476,Pune,Viman Nagar,Baner,01/07/2026 01:43,,3.22,28.0,Low,31.0,Fog,1.0,53.64,53.64,Cash,Completed,3.8
RPD104931,CUST2008,DRV534,Bengaluru,Electronic City,Indiranagar,2026-06-26 13:39:00,auto,9.63,3.0,Medium,18.0,Heavy Rain,1.14,101.67,115.9,Wallet,completed,4.1
RPD101046,CUST1646,DRV623,hyderabad ,Hitech City,Kukatpally,01/07/2026 10:30,Auto,14.07,7.0,Medium,26.0,Cloudy,1.15,141.63,162.87,,COMPLETED,4.2
RPD101751,CUST2340,,mumbai,Powai,Dadar,25/06/2026 04:32,,9.28,7.5,Low,11.0,Fog,1.08,126.36,136.47,wallet,Cancelled by Customer,
RPD103879,CUST2415,DRV135,hyderabad ,Hitech City,Gachibowli,2026-06-17 08:03:00,Cab Economy,2.13,21.6,Very High,11.0,Clear,1.9,40.56,77.06,Card,completed,5.0
RPD103918,CUST3574,DRV698,Pune,Baner,Baner,01-Jun-2026 12:55 AM,,1.67,3.0,Low,22.0,Rain,1.0,35.04,35.04,Card,Ongoing,
RPD101044,CUST2634,DRV366,BANGALORE,Koramangala,Koramangala,29-Jun-2026 12:46 AM,auto,10.18,36.2,Medium,15.0,,1.11,106.62,118.35,Card,Ongoing,
RPD103011,CUST3540,DRV376,hyderabad ,Madhapur,Banjara Hills,2026-06-24 03:46:00,,1.98,33.6,Low,14.0,,1.0,38.76,38.76,Cash,Ongoing,
RPD103291,CUST3242,DRV702,hyderabad ,Banjara Hills,Madhapur,2026-06-01 00:50:00,bike,13.01,11.3,Very High,18.0,Rain,1.92,93.06,178.68,UPI,Completed,4.4
RPD102065,CUST2394,DRV711,Pune,Viman Nagar,Hinjewadi,2026-07-04 23:58:00,Auto,6.62,15.5,Low,26.0,Cloudy,1.01,74.58,75.33,upi,Ongoing,
RPD102965,CUST3364,,Hyderabad,Madhapur,Hitech City,14-Jul-2026 02:42 AM,Bike,4.43,6.7,Low,17.0,Rain,1.0,41.58,41.58,,Cancelled by Customer,
RPD100642,CUST1948,DRV342,BANGALORE,MG Road,Whitefield,08/07/2026 18:22,Bike,4.43,9.7,Very High,16.0,,1.85,41.58,76.92,upi,COMPLETED,5.0
RPD100138,CUST3958,DRV381,Bengaluru,Koramangala,MG Road,10/06/2026 00:13,cab economy,2.9,20.7,Low,26.0,,1.07,49.8,Rs. 53.29,Card,Completed,
RPD100881,CUST1832,,Pune,Kothrud,Kothrud,15/06/2026 19:38,Auto,0.93,12.3,Very High,5.0,Rain,1.83,23.37,42.77,UPI,Cancelled by Customer,
RPD101977,CUST3084,DRV496,Hyderabad,Gachibowli,Kukatpally,29/06/2026 05:02,BIKE,5.59,3.0,Very High,16.0,Rain,1.92,48.54,93.2,,Cancelled by Driver,
RPD101582,CUST2726,DRV312,Mumbai,Borivali,Andheri,05-Jun-2026 02:26 PM,bike,9.9,25.6,Very High,23.0,Heavy Rain,1.9,74.4,141.36,wallet,Ongoing,
RPD101098,CUST2220,DRV515,Hyderabad,Gachibowli,Madhapur,06-Jul-2026 07:45 AM,,7.31,11.4,Very High,28.0,Rain,1.9,102.72,195.17,Cash,COMPLETED,3.9
RPD104753,CUST2007,DRV581,hyderabad ,Kukatpally,Madhapur,2026-06-13 01:07:00,auto,8.1,11.9,Low,17.0,,1.0,87.9,87.9,Wallet,COMPLETED,3.2
RPD101393,CUST3526,,BANGALORE,Indiranagar,MG Road,2026-07-05 10:41:00,Bike,3.27,29.9,Low,34.0,Fog,1.01,34.62,,cash ,Cancelled by Customer,
RPD102084,CUST3191,DRV615,BANGALORE,Jayanagar,Koramangala,05/06/2026 05:28,cab economy,9.28,7.4,Very High,14.0,Rain,1.97,126.36,248.93,wallet,Completed,5.0
RPD101267,CUST3180,DRV483,Bangalore,Koramangala,MG Road,2026-06-12 06:57:00,Cab Premium,2.08,19.9,Low,23.0,Clear,1.01,52.44,52.96,UPI,Cancelled by Driver,
RPD104232,CUST3704,DRV537,BANGALORE,Electronic City,HSR Layout,2026-06-19 02:04:00,Bike,6.06,14.4,Low,12.0,Rain,1.0,51.36,51.36,Card,completed,4.8
RPD102575,CUST2551,DRV458,BANGALORE,Whitefield,Electronic City,2026-07-08 02:00:00,bike,4.29,4.4,Low,22.0,Heavy Rain,1.0,40.74,40.74,upi,COMPLETED,3.6
RPD102136,CUST1632,DRV355,Bangalore,Jayanagar,Jayanagar,2026-06-15 21:46:00,cab economy,2.46,35.1,Low,22.0,Clear,1.09,44.52,48.53,UPI,completed,4.8
RPD101504,CUST3922,DRV364,bangalore,Indiranagar,Indiranagar,17/06/2026 13:22,Cab Premium,6.06,5.2,Medium,8.0,Fog,1.13,124.08,140.21,upi,Ongoing,
RPD103368,CUST3228,,Bengaluru,Whitefield,HSR Layout,17/06/2026 18:45,bike,3.74,32.4,Very High,9.0,Cloudy,1.87,37.44,70.01,upi,Cancelled by Customer,
RPD103730,CUST2176,DRV288,Pune,Baner,Baner,2026-06-24 14:42:00,auto,2.7,17.9,Low,19.0,Clear,1.0,39.3,39.3,wallet,completed,4.3
RPD100149,CUST2890,DRV314,Hyderabad,Madhapur,Gachibowli,21-Jun-2026 12:17 PM,Auto,6.81,20.2,Low,27.0,Fog,1.01,76.29,77.05,,Completed,5.0
RPD100304,CUST2496,DRV456,Hyderabad,Kukatpally,Madhapur,13-Jun-2026 05:39 PM,auto,3.49,7.2,Low,22.0,Cloudy,1.0,46.41,46.41,cash ,COMPLETED,4.2
RPD101925,CUST2198,,Hyderabad,Madhapur,Banjara Hills,10-Jul-2026 11:40 AM,Bike,4.55,12.2,Low,20.0,Fog,1.0,42.3,42.3,Wallet,Cancelled by Customer,
RPD104852,CUST3020,DRV574,hyderabad ,Kukatpally,Hitech City,2026-07-13 22:15:00,Cab Economy,5.73,10.2,Very High,12.0,Heavy Rain,1.93,83.76,161.66,,Completed,4.9
RPD102638,CUST3432,DRV214,hyderabad ,Hitech City,Madhapur,2026-06-02 04:13:00,bike,5.19,25.5,Low,12.0,Fog,1.01,46.14,,,COMPLETED,
RPD101905,CUST3108,DRV340,Bengaluru,HSR Layout,Electronic City,04/06/2026 16:40,Cab Premium,8.57,21.3,Low,22.0,Fog,1.0,169.26,169.26,Card,COMPLETED,
RPD104979,CUST1344,DRV445,Hyderabad,Banjara Hills,Gachibowli,06/06/2026 12:09,Bike,6.38,14.8,Low,16.0,Cloudy,1.04,53.28,55.41,Card,COMPLETED,4.9
RPD104295,CUST3852,DRV731,Mumbai,Powai,Dadar,08/06/2026 11:43,bike,13.25,23.4,Low,31.0,Fog,1.0,94.5,94.5,wallet,Cancelled by Driver,
RPD103843,CUST1880,DRV299,Bangalore,Electronic City,Electronic City,13/07/2026 15:14,Bike,4.7,30.6,Medium,18.0,Cloudy,1.09,43.2,47.09,Card,Cancelled by Driver,
RPD104511,CUST3174,DRV179,Pune,Hinjewadi,Baner,08-Jul-2026 06:37 AM,Cab Economy,-2.71,9.8,Medium,20.0,,1.2,16.2,19.44,wallet,Completed,4.8
RPD101769,CUST3939,,Bengaluru,MG Road,Indiranagar,2026-06-24 07:58:00,BIKE,1.22,26.8,Medium,20.0,Cloudy,1.09,22.32,24.33,upi,Cancelled by Customer,
RPD102876,CUST1071,DRV407,mumbai,Bandra,Bandra,2026-06-23 13:47:00,,5.39,8.3,Low,18.0,Fog,1.0,79.68,79.68,,Ongoing,
RPD102241,CUST2734,DRV601,hyderabad ,Madhapur,Kukatpally,2026-07-02 19:43:00,auto,9.94,29.1,Very High,0.0,Cloudy,1.91,104.46,199.52,Cash,COMPLETED,3.7
RPD103284,CUST2317,DRV328,bangalore,Koramangala,Jayanagar,06/07/2026 05:35,cab economy,3.66,24.5,Very High,24.0,Heavy Rain,2.0,58.92,117.84,cash ,Completed,4.9
RPD100484,CUST2549,DRV483,Bengaluru,Whitefield,HSR Layout,2026-06-16 11:51:00,Cab Premium,1.41,23.3,Medium,13.0,,1.19,40.38,48.05,Wallet,completed,5.0
RPD101281,CUST1230,DRV332,mumbai,Colaba,Bandra,2026-07-16 03:01:00,cab economy,5.42,17.5,Low,20.0,Fog,1.01,80.04,80.84,,Ongoing,
RPD103681,CUST3634,DRV494,Pune,Kothrud,Kothrud,2026-06-14 01:37:00,cab economy,6.8,22.0,Medium,25.0,Cloudy,1.13,96.6,109.16,Card,completed,4.4
RPD100792,CUST3790,DRV700,Pune,Kothrud,Baner,2026-06-14 21:28:00,Auto,3.1,5.6,Low,24.0,Fog,1.0,42.9,42.9,Wallet,Ongoing,
RPD101202,CUST1437,DRV489,hyderabad ,Gachibowli,Madhapur,2026-07-03 09:07:00,,17.59,8.0,High,12.0,,1.36,226.08,307.47,Card,Ongoing,
RPD103913,CUST2583,DRV487,BANGALORE,Koramangala,Jayanagar,2026-06-05 09:50:00,,9.97,7.3,Very High,0.0,Cloudy,1.89,134.64,254.47,,Cancelled by Driver,
RPD102363,CUST3951,DRV703,Bangalore,MG Road,Electronic City,2026-06-01 00:45:00,cab economy,4.52,27.0,Very High,14.0,Rain,1.9,69.24,131.56,wallet,COMPLETED,4.2
RPD103070,CUST1253,DRV550,Bengaluru,Jayanagar,HSR Layout,16/06/2026 05:14,BIKE,6.33,18.0,Very High,30.0,Rain,1.9,52.98,100.66,cash ,completed,5.0
RPD103430,CUST1457,DRV474,hyderabad ,Kukatpally,Madhapur,2026-06-02 19:04:00,bike,5.53,36.4,Very High,4.0,Rain,1.93,48.18,92.99,wallet,Ongoing,
RPD102776,CUST2342,DRV696,Bengaluru,Koramangala,HSR Layout,04-Jul-2026 07:28 AM,Auto,17.09,26.5,Very High,23.0,Heavy Rain,1.84,168.81,310.61,Cash,COMPLETED,5.0
RPD104919,CUST2338,DRV570,mumbai,Bandra,Borivali,14-Jul-2026 04:57 AM,auto,3.84,9.4,Low,28.0,Fog,1.07,49.56,53.03,wallet,Completed,4.6
RPD102592,CUST2617,DRV471,Bangalore,MG Road,Whitefield,16-Jun-2026 08:00 AM,Cab Economy,-8.02,37.2,Very High,6.0,Heavy Rain,1.96,16.2,31.75,,COMPLETED,4.1
RPD102711,CUST2812,DRV659,mumbai,Borivali,Powai,2026-07-16 11:45:00,BIKE,8.19,11.3,Low,14.0,Fog,1.0,64.14,64.14,cash ,Cancelled by Driver,
RPD101530,CUST1467,DRV442,BANGALORE,Indiranagar,Jayanagar,06-Jun-2026 06:04 PM,Bike,1.5,4.8,High,12.0,Cloudy,1.49,24.0,35.76,,completed,5.0
RPD102810,CUST3805,DRV311,Bangalore,Whitefield,Electronic City,09/07/2026 06:01,auto,1.89,18.2,Medium,7.0,Clear,1.06,32.01,33.93,upi,Cancelled by Driver,
RPD100686,CUST3687,DRV690,hyderabad ,Madhapur,Gachibowli,07-Jun-2026 11:37 PM,auto,4.41,30.6,Very High,18.0,Heavy Rain,1.8,54.69,98.44,,Completed,5.0
RPD101552,CUST1812,DRV403,Bengaluru,Whitefield,Whitefield,05/06/2026 08:24,Cab Premium,0.9,17.0,Very High,0.0,Heavy Rain,1.87,31.2,58.34,cash ,Ongoing,
RPD104256,CUST2556,DRV733,Pune,Kothrud,Viman Nagar,2026-06-08 19:22:00,Auto,4.1,31.3,Very High,0.0,Clear,1.89,51.9,98.09,Wallet,Ongoing,
RPD103872,CUST3524,DRV418,Bangalore,MG Road,MG Road,2026-06-21 12:22:00,bike,1.16,3.0,Medium,26.0,Cloudy,1.07,21.96,23.5,Card,completed,5.0
RPD100561,CUST2825,DRV201,Bengaluru,MG Road,Whitefield,2026-06-14 18:24:00,bike,6.04,11.4,High,1.0,Clear,1.46,51.24,74.81,upi,completed,4.6
RPD102251,CUST3133,DRV416,BANGALORE,Indiranagar,Indiranagar,2026-06-01 13:12:00,Cab Economy,4.93,12.8,Medium,11.0,Cloudy,1.07,74.16,79.35,upi,completed,4.2
RPD104762,CUST2647,DRV735,Bangalore,Jayanagar,Whitefield,2026-06-20 02:15:00,,10.6,15.3,Medium,22.0,Rain,1.15,142.2,163.53,Wallet,completed,4.5
RPD103501,CUST1916,DRV584,Mumbai,Dadar,Dadar,08/07/2026 12:37,BIKE,3.91,21.9,Medium,28.0,Heavy Rain,1.13,38.46,43.46,cash ,Ongoing,
RPD102690,CUST3073,,Bengaluru,Electronic City,MG Road,04-Jul-2026 04:24 AM,bike,2.16,25.6,Medium,21.0,Rain,1.14,27.96,31.87,wallet,Cancelled by Customer,
RPD104209,CUST3518,DRV484,Pune,Viman Nagar,Hinjewadi,2026-06-15 18:42:00,Cab Premium,3.32,23.3,Very High,24.0,Cloudy,1.87,74.76,139.8,Cash,completed,5.0
RPD104952,CUST2835,DRV157,BANGALORE,Whitefield,Jayanagar,2026-07-05 20:17:00,Cab Economy,1.06,13.0,Very High,8.0,Clear,1.97,27.72,54.61,Wallet,COMPLETED,4.0
RPD103380,CUST2361,DRV293,Hyderabad,Gachibowli,Banjara Hills,15/07/2026 09:37,Cab Economy,1.36,35.8,Very High,4.0,Fog,1.94,31.32,60.76,UPI,Cancelled by Driver,
RPD103194,CUST2071,,Mumbai,Andheri,Andheri,2026-07-14 11:08:00,Cab Premium,17.38,12.1,Very High,29.0,Heavy Rain,1.87,327.84,613.06,Wallet,Cancelled by Customer,
RPD101447,CUST2531,DRV614,mumbai,Bandra,Andheri,2026-06-09 22:00:00,cab economy,1.56,8.7,Low,18.0,Cloudy,1.0,33.72,33.72,UPI,Completed,5.0
RPD101953,CUST3601,DRV576,Bengaluru,MG Road,Koramangala,18-Jun-2026 10:41 PM,,2.77,28.0,Low,17.0,Cloudy,1.0,48.24,48.24,,completed,5.0
RPD100923,CUST3723,DRV240,Hyderabad,Kukatpally,Madhapur,2026-07-06 23:48:00,Cab Economy,15.61,9.3,Very High,17.0,Rain,1.97,202.32,398.57,Card,Completed,4.2
RPD101625,CUST2726,DRV179,Bangalore,MG Road,MG Road,13-Jul-2026 12:55 AM,bike,7.17,9.6,Low,17.0,Clear,1.05,58.02,60.92,upi,COMPLETED,4.8
RPD100311,CUST3888,DRV636,Pune,Kothrud,Camp,10-Jun-2026 01:19 PM,Auto,4.86,6.1,Medium,21.0,,1.07,58.74,62.85,Cash,completed,4.0
RPD101320,CUST1689,DRV471,hyderabad ,Gachibowli,Banjara Hills,15-Jul-2026 01:45 PM,Bike,3.95,13.2,Medium,24.0,,1.22,38.7,47.21,Card,Ongoing,
RPD103532,CUST2944,DRV114,Bangalore,Whitefield,Electronic City,2026-06-27 00:52:00,Bike,10.12,9.2,Low,18.0,Fog,1.0,75.72,75.72,Card,COMPLETED,4.2
RPD101664,CUST2406,DRV184,bangalore,Indiranagar,HSR Layout,2026-06-12 13:16:00,,11.23,16.2,Very High,19.0,Heavy Rain,1.93,149.76,289.04,upi,Completed,4.3
RPD100816,CUST3787,DRV676,Bengaluru,Indiranagar,Whitefield,2026-07-06 05:42:00,cab economy,6.07,18.3,Low,22.0,Clear,1.0,87.84,87.84,Cash,Cancelled by Driver,
RPD104612,CUST1776,,Mumbai,Borivali,Andheri,2026-06-24 10:42:00,cab economy,10.76,13.8,Low,20.0,Clear,1.0,144.12,144.12,cash ,Cancelled by Customer,
RPD102267,CUST2718,,Bengaluru,MG Road,MG Road,04-Jun-2026 11:33 AM,BIKE,3.95,11.3,Very High,6.0,Heavy Rain,1.94,38.7,75.08,Cash,Cancelled by Customer,
RPD101474,CUST1272,DRV516,BANGALORE,Indiranagar,MG Road,2026-06-10 03:22:00,bike,6.36,16.2,Very High,13.0,Heavy Rain,1.87,53.16,99.41,Card,COMPLETED,5.0
RPD101774,CUST1618,DRV470,mumbai,Dadar,Andheri,2026-06-15 19:45:00,bike,1.17,4.4,High,8.0,,1.41,22.02,31.05,Wallet,Ongoing,
RPD104701,CUST2715,,Bangalore,Jayanagar,Jayanagar,26-Jun-2026 11:55 PM,bike,5.34,6.2,Medium,20.0,Clear,1.25,47.04,58.8,UPI,Cancelled by Customer,
RPD101094,CUST3324,DRV634,Bangalore,Koramangala,HSR Layout,17-Jun-2026 10:53 PM,auto,1.55,16.6,Low,22.0,Fog,1.0,28.95,28.95,,COMPLETED,4.9
RPD104177,CUST1749,DRV740,bangalore,HSR Layout,Koramangala,2026-07-09 09:52:00,BIKE,7.94,27.8,Very High,9.0,Rain,1.93,62.64,120.9,cash ,completed,4.3
RPD101951,CUST1771,DRV221,Pune,Hinjewadi,Baner,12-Jun-2026 03:23 AM,Bike,4.8,16.3,Low,21.0,,1.04,43.8,45.55,Card,completed,4.7
RPD103885,CUST2349,DRV513,Bangalore,MG Road,Whitefield,2026-07-14 06:12:00,Cab Economy,3.04,20.0,Medium,14.0,Cloudy,1.16,51.48,Rs. 59.72,Card,COMPLETED,5.0
RPD104596,CUST1690,DRV639,BANGALORE,Electronic City,Indiranagar,20-Jun-2026 03:52 AM,cab economy,14.21,14.0,Medium,16.0,Fog,1.1,185.52,204.07,,Cancelled by Driver,
RPD104761,CUST3570,DRV712,Pune,Camp,Baner,15/07/2026 20:03,Auto,4.65,30.5,Very High,8.0,Heavy Rain,1.91,56.85,108.58,Cash,Ongoing,
RPD102801,CUST1169,DRV669,hyderabad ,Banjara Hills,Kukatpally,2026-07-14 14:18:00,bike,3.38,15.3,Very High,27.0,Heavy Rain,1.87,35.28,65.97,wallet,Cancelled by Driver,
RPD101240,CUST1523,DRV505,Bangalore,Jayanagar,Whitefield,2026-06-07 07:45:00,Cab Economy,-10.27,21.2,Very High,23.0,Rain,1.94,16.2,31.43,Cash,Ongoing,
RPD100330,CUST1586,DRV200,BANGALORE,Koramangala,Whitefield,2026-06-03 06:58:00,,9.24,23.6,Very High,16.0,Rain,1.82,125.88,229.1,Cash,Cancelled by Driver,
RPD103103,CUST2896,DRV225,mumbai,Borivali,Colaba,15/07/2026 13:49,Auto,0.79,18.4,Medium,26.0,Cloudy,1.18,22.11,26.09,Cash,Completed,5.0
RPD100243,CUST3184,DRV107,hyderabad ,Banjara Hills,Madhapur,2026-07-03 14:31:00,,3.51,16.3,Low,21.0,Clear,1.0,57.12,57.12,upi,Ongoing,
RPD104770,CUST3972,DRV767,Mumbai,Powai,Borivali,2026-07-09 18:20:00,Cab Economy,6.17,25.0,High,4.0,Heavy Rain,1.36,89.04,121.09,,Ongoing,
RPD102258,CUST3069,DRV343,hyderabad ,Hitech City,Kukatpally,05-Jun-2026 04:44 AM,auto,2.03,34.7,Low,21.0,Fog,1.01,33.27,33.6,Cash,COMPLETED,4.1
RPD102819,CUST3018,DRV582,Pune,Viman Nagar,Camp,2026-06-05 02:02:00,BIKE,1.72,6.3,Low,19.0,,1.15,25.32,29.12,,Completed,5.0
RPD103825,CUST1847,DRV117,bangalore,Electronic City,Electronic City,2026-07-14 02:08:00,bike,6.04,7.0,Very High,32.0,Rain,1.96,51.24,100.43,UPI,completed,3.5
RPD100754,CUST1246,DRV624,Bengaluru,MG Road,MG Road,17/06/2026 08:38,Cab Premium,5.15,7.2,Very High,0.0,Cloudy,1.81,107.7,194.94,Wallet,Ongoing,
RPD101564,CUST1133,DRV437,bangalore,Electronic City,Jayanagar,28-Jun-2026 07:01 AM,Cab Economy,9.57,16.0,Medium,27.0,Clear,1.26,129.84,163.6,Cash,Cancelled by Driver,
RPD101935,CUST2978,DRV107,Bengaluru,HSR Layout,MG Road,2026-06-24 01:56:00,Auto,5.93,8.2,Low,18.0,Fog,1.0,68.37,68.37,UPI,COMPLETED,4.8
RPD104880,CUST1879,DRV711,Mumbai,Dadar,Powai,09-Jun-2026 02:21 AM,Cab Economy,2.63,14.3,Low,10.0,Cloudy,1.07,46.56,49.82,,Cancelled by Driver,
RPD103494,CUST3841,DRV216,Pune,Baner,Camp,2026-06-18 20:48:00,auto,10.17,3.6,High,0.0,Fog,1.38,106.53,147.01,cash ,Cancelled by Driver,
RPD103023,CUST1048,DRV384,BANGALORE,Jayanagar,Indiranagar,2026-06-29 05:16:00,BIKE,4.84,25.4,Very High,19.0,Rain,1.87,44.04,82.35,Wallet,COMPLETED,5.0
RPD102649,CUST2320,DRV799,mumbai,Dadar,Andheri,2026-07-08 18:56:00,,999.0,49.5,High,19.0,Heavy Rain,1.37,12003.0,16444.11,Wallet,COMPLETED,4.1
RPD101857,CUST1668,DRV360,hyderabad ,Banjara Hills,Madhapur,01-Jul-2026 06:03 AM,BIKE,2.63,27.2,Very High,20.0,Rain,1.88,30.78,57.87,UPI,Completed,4.7
RPD103564,CUST2956,DRV162,BANGALORE,Jayanagar,Koramangala,21/06/2026 09:09,cab economy,6.5,29.0,Very High,8.0,Clear,1.88,93.0,174.84,upi,completed,4.4
RPD101965,CUST2047,,Hyderabad,Gachibowli,Hitech City,20/06/2026 23:56,Cab Premium,3.11,5.3,Medium,16.0,Fog,1.23,70.98,87.31,UPI,Cancelled by Customer,
RPD101014,CUST3937,DRV322,Pune,Camp,Kothrud,07/06/2026 12:03,bike,3.38,29.5,Low,9.0,,1.05,35.28,37.04,Cash,completed,3.4
RPD101428,CUST2393,DRV747,hyderabad ,Gachibowli,Gachibowli,2026-06-22 11:44:00,bike,3.84,16.8,Medium,24.0,Rain,1.12,38.04,42.6,UPI,Cancelled by Driver,
RPD103323,CUST3891,DRV539,Hyderabad,Banjara Hills,Banjara Hills,02/07/2026 04:45,cab economy,2.38,38.3,Low,18.0,Clear,1.0,43.56,43.56,Cash,COMPLETED,
RPD101296,CUST1235,DRV442,hyderabad ,Kukatpally,Madhapur,2026-07-01 19:03:00,auto,5.03,23.2,High,0.0,Fog,1.42,60.27,85.58,Wallet,COMPLETED,4.0
RPD100467,CUST3601,DRV367,BANGALORE,MG Road,Electronic City,2026-07-07 02:19:00,,1.94,19.1,Low,15.0,Heavy Rain,1.05,38.28,40.19,,COMPLETED,4.8
RPD104029,CUST3865,DRV134,bangalore,Whitefield,Jayanagar,2026-06-07 00:58:00,cab economy,4.15,10.1,Medium,19.0,Fog,1.22,64.8,79.06,,COMPLETED,4.0
RPD100175,CUST1683,DRV476,bangalore,Jayanagar,Koramangala,22/06/2026 13:17,bike,5.03,41.8,Medium,19.0,Cloudy,1.18,45.18,53.31,Cash,Ongoing,
RPD100278,CUST2727,DRV746,Mumbai,Powai,Powai,14-Jul-2026 04:31 PM,auto,1.11,5.2,Low,30.0,Cloudy,1.11,24.99,27.74,wallet,Cancelled by Driver,
RPD101070,CUST2585,DRV352,Bengaluru,Jayanagar,Jayanagar,06/07/2026 17:24,Cab Economy,2.99,13.5,Low,16.0,,1.02,50.88,51.9,UPI,Completed,5.0
RPD101549,CUST3041,DRV754,Pune,Camp,Viman Nagar,2026-06-10 05:10:00,bike,7.06,8.3,Low,28.0,,1.01,57.36,57.93,cash ,Completed,5.0
RPD101025,CUST3133,DRV206,Bengaluru,Indiranagar,Electronic City,14/06/2026 01:18,,5.82,16.3,Low,21.0,Clear,1.11,84.84,94.17,Cash,Cancelled by Driver,
RPD102835,CUST2842,DRV381,BANGALORE,Koramangala,MG Road,2026-07-04 18:20:00,auto,3.86,13.1,High,7.0,Fog,1.4,49.74,69.64,Wallet,Ongoing,
RPD101467,CUST3021,,Pune,Baner,Kothrud,14-Jul-2026 08:34 AM,,1.64,9.7,High,0.0,,1.44,34.68,49.94,cash ,Cancelled by Customer,
RPD101714,CUST2525,DRV619,BANGALORE,Jayanagar,Koramangala,2026-06-15 23:25:00,auto,2.87,5.4,Low,17.0,,1.0,40.83,40.83,,Completed,4.6
RPD103425,CUST3879,DRV582,bangalore,Jayanagar,HSR Layout,01-Jul-2026 06:24 AM,Bike,2.88,15.6,Low,27.0,Fog,1.0,32.28,32.28,cash ,Completed,4.8
RPD102612,CUST3359,DRV542,Hyderabad,Banjara Hills,Gachibowli,21-Jun-2026 04:43 AM,auto,1.89,4.4,Low,21.0,,1.0,32.01,32.01,Wallet,COMPLETED,4.4
RPD100389,CUST1668,DRV154,Mumbai,Borivali,Borivali,2026-07-01 22:52:00,auto,4.51,11.3,Very High,18.0,Rain,1.94,55.59,107.84,Card,Cancelled by Driver,
RPD102071,CUST3975,DRV357,BANGALORE,Indiranagar,Koramangala,23-Jun-2026 12:53 PM,Auto,0.52,23.4,Very High,20.0,Heavy Rain,1.86,19.68,36.6,wallet,completed,5.0
RPD103971,CUST3742,DRV477,Hyderabad,Banjara Hills,Hitech City,2026-07-07 02:57:00,Auto,0.5,16.6,Low,11.0,,1.0,19.5,19.5,Wallet,COMPLETED,5.0
RPD103496,CUST3091,,bangalore,HSR Layout,HSR Layout,26-Jun-2026 07:15 AM,Bike,2.41,11.2,Low,19.0,Fog,1.0,29.46,29.46,Cash,Cancelled by Customer,
RPD102822,CUST1110,DRV681,Pune,Baner,Hinjewadi,14-Jul-2026 05:58 PM,bike,8.41,27.4,Low,19.0,Clear,1.01,65.46,Rs. 66.11,Cash,COMPLETED,3.7
RPD101425,CUST1408,DRV258,Bengaluru,Electronic City,HSR Layout,2026-07-14 03:11:00,Bike,2.4,10.8,Low,25.0,,1.01,29.4,29.69,wallet,Ongoing,
RPD103543,CUST2538,DRV202,Pune,Kothrud,Kothrud,2026-06-07 11:23:00,cab economy,6.26,18.2,Very High,16.0,Heavy Rain,1.8,90.12,162.22,Cash,Ongoing,
RPD104990,CUST1357,DRV481,Bangalore,Koramangala,Jayanagar,2026-07-13 02:36:00,auto,4.04,8.0,Low,20.0,Cloudy,1.0,51.36,51.36,Card,COMPLETED,
RPD103575,CUST3039,DRV153,Mumbai,Dadar,Dadar,2026-06-06 22:26:00,,4.93,7.6,Medium,19.0,Cloudy,1.11,74.16,82.32,Card,Cancelled by Driver,
RPD100051,CUST3935,DRV398,bangalore,Koramangala,MG Road,2026-07-09 07:45:00,bike,3.66,9.9,Low,18.0,Rain,1.0,36.96,36.96,Card,completed,4.1
RPD101888,CUST1366,DRV373,mumbai,Powai,Powai,2026-07-16 20:17:00,Cab Premium,3.84,7.2,High,2.0,Fog,1.43,84.12,120.29,UPI,completed,4.3
RPD103696,CUST1964,DRV420,Pune,Viman Nagar,Kothrud,01-Jul-2026 01:54 AM,,4.99,14.7,Low,23.0,Clear,1.06,74.88,79.37,UPI,Ongoing,
RPD104230,CUST1219,DRV687,bangalore,HSR Layout,MG Road,2026-06-19 05:47:00,,5.23,12.3,Low,8.0,Cloudy,1.12,77.76,87.09,upi,Ongoing,
RPD100483,CUST3682,DRV213,Bengaluru,Indiranagar,Whitefield,2026-06-12 07:56:00,Auto,18.36,20.4,Very High,16.0,Rain,1.96,180.24,353.27,Wallet,COMPLETED,5.0
RPD103394,CUST2251,DRV578,bangalore,Koramangala,Indiranagar,2026-07-13 17:33:00,bike,9.05,15.6,Very High,15.0,Heavy Rain,1.92,69.3,133.06,Card,Completed,4.6
RPD102252,CUST3845,DRV490,Bangalore,Jayanagar,Whitefield,2026-06-01 22:02:00,Bike,5.62,10.0,Low,0.0,Rain,1.0,48.72,48.72,cash ,Cancelled by Driver,
RPD104163,CUST3999,,Mumbai,Bandra,Borivali,25/06/2026 00:18,Auto,4.27,11.3,Low,32.0,Cloudy,1.0,53.43,53.43,Wallet,Cancelled by Customer,
RPD102314,CUST2285,,mumbai,Dadar,Bandra,26-Jun-2026 05:57 PM,,5.46,22.8,Low,30.0,,1.0,80.52,80.52,wallet,Cancelled by Customer,
RPD102850,CUST3177,DRV763,Hyderabad,Kukatpally,Kukatpally,2026-06-22 08:00:00,bike,2.32,16.9,Very High,0.0,Heavy Rain,2.0,28.92,57.84,Cash,Completed,4.6
RPD103104,CUST3608,,bangalore,Electronic City,Electronic City,07/07/2026 06:54,cab economy,3.04,7.6,Low,18.0,Cloudy,1.0,51.48,51.48,UPI,Cancelled by Customer,
RPD104128,CUST1664,DRV382,Pune,Baner,Kothrud,2026-07-15 10:46:00,Auto,6.4,6.8,Medium,20.0,Clear,1.1,72.6,79.86,wallet,Completed,4.0
RPD103868,CUST1493,DRV768,BANGALORE,Koramangala,Koramangala,22/06/2026 19:30,BIKE,6.1,14.6,High,12.0,,1.42,51.6,73.27,Card,completed,5.0
RPD102466,CUST1242,,Bengaluru,Indiranagar,Jayanagar,09-Jun-2026 05:14 AM,Auto,6.02,7.2,Low,25.0,Fog,1.05,69.18,72.64,Card,Cancelled by Customer,
RPD102930,CUST3527,DRV453,Bengaluru,MG Road,MG Road,16/06/2026 12:46,auto,7.15,50.3,Medium,15.0,Clear,1.14,79.35,90.46,upi,Completed,4.3
RPD104107,CUST1858,DRV257,mumbai,Borivali,Andheri,14-Jun-2026 08:25 PM,BIKE,7.84,10.7,Very High,9.0,Rain,1.84,62.04,114.15,Cash,Cancelled by Driver,
RPD100065,CUST2630,DRV382,Hyderabad,Madhapur,Kukatpally,2026-06-18 01:44:00,Cab Economy,5.42,27.7,Medium,9.0,Clear,1.15,80.04,92.05,cash ,COMPLETED,4.7
RPD104823,CUST1642,DRV710,mumbai,Bandra,Dadar,03-Jun-2026 11:30 AM,bike,3.75,16.2,Very High,15.0,Heavy Rain,1.95,37.5,73.12,Wallet,Completed,4.6
RPD100777,CUST2744,,hyderabad ,Madhapur,Kukatpally,10-Jun-2026 02:56 AM,auto,6.21,4.0,Low,21.0,Clear,1.06,70.89,75.14,Cash,Cancelled by Customer,
RPD104174,CUST1655,DRV586,Mumbai,Bandra,Borivali,10/06/2026 23:13,cab economy,3.33,6.2,Low,24.0,Fog,1.01,54.96,55.51,wallet,COMPLETED,3.9
RPD102735,CUST3799,DRV117,bangalore,MG Road,Koramangala,24/06/2026 20:41,Auto,2.82,3.6,Very High,8.0,Rain,1.89,40.38,76.32,wallet,COMPLETED,4.3
RPD102581,CUST2135,DRV374,Hyderabad,Banjara Hills,Gachibowli,15/07/2026 20:12,Auto,13.44,9.7,Very High,10.0,Cloudy,1.93,135.96,262.4,upi,Cancelled by Driver,
RPD103484,CUST3667,DRV121,Mumbai,Powai,Powai,10/07/2026 06:06,Cab Economy,7.95,10.7,Low,29.0,Heavy Rain,5.83,110.4,643.63,Wallet,Completed,5.0
RPD104967,CUST2152,DRV256,BANGALORE,Koramangala,Koramangala,16/06/2026 15:23,BIKE,0.84,17.5,Medium,14.0,Clear,1.19,20.04,23.85,upi,completed,4.5
RPD102345,CUST1605,,Pune,Viman Nagar,Viman Nagar,2026-06-03 16:24:00,Cab Economy,20.06,9.3,Low,17.0,Rain,1.07,255.72,273.62,Card,Cancelled by Customer,
RPD102816,CUST1241,DRV126,mumbai,Bandra,Bandra,27/06/2026 01:06,Auto,2.8,37.5,Medium,13.0,Clear,1.14,40.2,45.83,upi,COMPLETED,3.5
RPD104789,CUST2847,DRV183,Bengaluru,Indiranagar,Koramangala,2026-06-08 06:02:00,Auto,2.65,7.4,Medium,14.0,Fog,1.14,38.85,44.29,cash ,Completed,5.0
RPD104027,CUST2724,DRV227,bangalore,Jayanagar,Koramangala,24/06/2026 06:35,bike,3.1,25.7,Medium,20.0,Rain,5.68,33.6,190.85,wallet,completed,4.5
RPD100725,CUST1621,,Mumbai,Borivali,Borivali,2026-07-09 14:37:00,cab economy,22.44,16.7,Medium,23.0,Fog,1.11,284.28,315.55,,Cancelled by Customer,
RPD104669,CUST2508,DRV208,bangalore,Jayanagar,Whitefield,11/06/2026 07:22,Bike,4.53,8.6,Medium,16.0,Rain,1.06,42.18,44.71,Wallet,COMPLETED,4.7
RPD104650,CUST3926,DRV735,mumbai,Powai,Bandra,2026-06-21 09:30:00,Cab Economy,7.07,10.5,Very High,15.0,Rain,1.8,99.84,179.71,cash ,Ongoing,
RPD102182,CUST1415,DRV657,bangalore,Electronic City,HSR Layout,2026-07-10 22:20:00,auto,0.5,24.7,Medium,15.0,Clear,1.12,19.5,21.84,cash ,COMPLETED,5.0
RPD104960,CUST3886,DRV485,BANGALORE,Indiranagar,Koramangala,08/06/2026 18:33,bike,2.8,9.2,Very High,0.0,Rain,1.91,31.8,60.74,wallet,Completed,4.8
RPD101736,CUST2137,DRV519,Hyderabad,Hitech City,Banjara Hills,15-Jul-2026 03:54 PM,Cab Premium,0.5,12.4,Medium,22.0,Cloudy,1.08,24.0,25.92,cash ,COMPLETED,4.2
RPD103125,CUST3710,DRV260,hyderabad ,Hitech City,Gachibowli,03-Jun-2026 03:21 PM,bike,10.83,16.2,Very High,16.0,Heavy Rain,1.89,79.98,151.16,Cash,Ongoing,
RPD100274,CUST2640,DRV386,bangalore,Whitefield,Whitefield,10/07/2026 08:11,Cab Economy,0.88,31.1,Very High,3.0,Heavy Rain,1.84,25.56,47.03,,Cancelled by Driver,
RPD102945,CUST1044,DRV426,Pune,Viman Nagar,Hinjewadi,13/06/2026 06:58,Cab Premium,4.38,31.0,Low,15.0,Cloudy,1.0,93.84,93.84,Card,Completed,4.0
RPD104858,CUST3472,,Bengaluru,Indiranagar,HSR Layout,18-Jun-2026 06:25 PM,Bike,2.91,7.2,Very High,10.0,Cloudy,2.03,32.46,65.89,cash ,Cancelled by Customer,
RPD104644,CUST3717,,Pune,Viman Nagar,Camp,17-Jun-2026 01:05 PM,auto,5.84,14.0,Very High,16.0,Heavy Rain,1.85,67.56,124.99,cash ,Cancelled by Customer,
RPD101453,CUST1413,DRV297,Bangalore,Whitefield,HSR Layout,2026-06-09 20:01:00,Bike,4.65,40.8,Very High,18.0,Clear,1.85,42.9,79.36,cash ,completed,4.7
RPD102716,CUST2220,DRV744,Mumbai,Dadar,Colaba,2026-06-04 14:18:00,auto,1.62,29.5,Low,16.0,Fog,1.05,29.58,31.06,Card,completed,
RPD104246,CUST2307,DRV279,bangalore,Whitefield,Jayanagar,05-Jun-2026 05:01 AM,Bike,4.41,10.8,Medium,12.0,Cloudy,1.09,41.46,45.19,cash ,Ongoing,
RPD102693,CUST2695,DRV635,hyderabad ,Kukatpally,Banjara Hills,04-Jun-2026 02:20 PM,bike,4.4,3.6,Very High,22.0,Heavy Rain,4.62,41.4,191.27,upi,Completed,3.8
RPD102768,CUST1802,DRV593,BANGALORE,Electronic City,Whitefield,2026-07-11 20:32:00,bike,1.98,29.2,Very High,13.0,,1.92,26.88,51.61,UPI,COMPLETED,4.5
RPD100219,CUST3622,DRV361,Bengaluru,Indiranagar,Jayanagar,2026-06-26 00:14:00,Bike,9.61,5.2,Low,33.0,Fog,1.0,72.66,72.66,UPI,Completed,4.6
RPD100240,CUST1900,DRV288,BANGALORE,Koramangala,Indiranagar,21-Jun-2026 07:03 PM,auto,3.51,28.4,High,10.0,Cloudy,1.37,46.59,63.83,upi,COMPLETED,4.2
RPD101132,CUST2171,DRV153,Pune,Baner,Viman Nagar,29-Jun-2026 05:07 AM,auto,5.85,13.3,Very High,16.0,Rain,1.92,67.65,129.89,Card,completed,5.0
RPD104829,CUST3913,DRV301,hyderabad ,Banjara Hills,Madhapur,22-Jun-2026 02:26 PM,Cab Economy,2.65,11.0,Medium,19.0,Cloudy,1.15,46.8,53.82,Cash,Cancelled by Driver,
RPD103265,CUST1875,DRV201,bangalore,MG Road,Koramangala,2026-06-09 09:10:00,Cab Premium,5.09,21.6,Very High,9.0,Rain,1.85,106.62,197.25,UPI,Ongoing,
RPD102240,CUST3022,DRV109,BANGALORE,Indiranagar,Jayanagar,2026-07-08 00:01:00,BIKE,4.99,4.0,Low,23.0,,1.0,44.94,44.94,upi,Cancelled by Driver,
RPD101384,CUST1505,DRV605,hyderabad ,Hitech City,Madhapur,09/07/2026 12:22,auto,4.87,28.7,Very High,19.0,Heavy Rain,1.82,58.83,107.07,,COMPLETED,4.1
RPD103075,CUST3131,DRV390,Bengaluru,Indiranagar,HSR Layout,17-Jun-2026 03:17 PM,BIKE,3.58,23.5,Medium,7.0,,1.15,36.48,41.95,cash ,completed,3.3
RPD101358,CUST2011,DRV360,Bengaluru,Whitefield,Jayanagar,06-Jul-2026 11:30 PM,cab economy,1.79,16.9,Low,17.0,Cloudy,1.02,36.48,37.21,Cash,Completed,5.0
RPD102631,CUST2589,DRV730,Bengaluru,Electronic City,MG Road,02/06/2026 02:13,,0.95,5.4,Medium,35.0,Clear,1.16,26.4,30.62,wallet,Cancelled by Driver,
RPD102833,CUST2818,DRV235,Mumbai,Bandra,Colaba,19/06/2026 23:42,Cab Premium,20.35,12.5,Medium,25.0,,1.26,381.3,480.44,wallet,COMPLETED,4.4
RPD100625,CUST2374,DRV563,mumbai,Dadar,Colaba,2026-06-01 15:55:00,auto,1.06,31.0,Very High,15.0,Rain,1.87,24.54,45.89,,Cancelled by Driver,
RPD100840,CUST1103,DRV129,bangalore,Whitefield,MG Road,2026-06-04 23:56:00,Cab Premium,3.2,15.5,Medium,21.0,Cloudy,1.15,72.6,83.49,wallet,completed,3.8
RPD100324,CUST3493,DRV424,hyderabad ,Gachibowli,Gachibowli,10/07/2026 01:06,bike,4.62,10.8,Medium,23.0,Cloudy,1.17,42.72,49.98,Card,COMPLETED,3.6
RPD101622,CUST3444,DRV555,Bangalore,Jayanagar,Jayanagar,2026-06-16 15:24:00,auto,5.43,41.0,Very High,31.0,Rain,1.97,63.87,125.82,Wallet,Cancelled by Driver,
RPD101868,CUST3985,DRV471,Bangalore,Jayanagar,Jayanagar,13/07/2026 04:30,cab economy,5.06,27.1,Very High,18.0,Rain,1.91,75.72,144.63,cash ,Completed,4.7
RPD102827,CUST2783,,Pune,Baner,Camp,2026-06-17 19:00:00,cab economy,7.55,13.6,Very High,10.0,Heavy Rain,1.96,105.6,206.98,,Cancelled by Customer,
RPD104640,CUST1416,DRV129,bangalore,MG Road,HSR Layout,11/06/2026 02:16,Auto,9.77,8.9,Medium,12.0,Fog,1.22,102.93,125.57,cash ,Cancelled by Driver,
RPD100438,CUST1857,DRV592,Mumbai,Colaba,Colaba,24-Jun-2026 10:43 PM,bike,1.2,42.5,Very High,23.0,Rain,1.92,22.2,42.62,Cash,completed,4.8
RPD100120,CUST2117,,Mumbai,Andheri,Andheri,2026-06-20 18:38:00,,1.78,13.2,High,15.0,Fog,1.42,36.36,51.63,cash ,Cancelled by Customer,
RPD104608,CUST3786,DRV400,BANGALORE,HSR Layout,MG Road,11/07/2026 13:14,Bike,2.84,24.5,Low,29.0,,1.02,32.04,32.68,Cash,Ongoing,
RPD104784,CUST3441,,Pune,Baner,Baner,2026-07-16 15:34:00,auto,999.0,8.9,Low,19.0,Clear,1.04,9006.0,9366.24,upi,Cancelled by Customer,
RPD101840,CUST3268,DRV784,bangalore,Koramangala,Koramangala,15/07/2026 01:58,bike,3.24,14.2,Low,16.0,Fog,1.03,34.44,35.47,Wallet,Ongoing,
RPD101027,CUST3330,DRV710,Bangalore,Jayanagar,Jayanagar,08-Jul-2026 06:44 AM,Cab Premium,11.75,37.7,Medium,11.0,Clear,1.12,226.5,,Wallet,completed,4.8
RPD103302,CUST1508,DRV214,mumbai,Borivali,Powai,15/06/2026 09:18,cab economy,7.8,15.3,High,11.0,Clear,1.43,108.6,155.3,,COMPLETED,4.8
RPD104173,CUST1897,DRV382,hyderabad ,Hitech City,Banjara Hills,04-Jun-2026 05:29 AM,,8.46,12.2,Medium,12.0,Clear,1.17,116.52,136.33,Wallet,completed,4.5
RPD103102,CUST2983,DRV152,Mumbai,Colaba,Dadar,2026-06-06 19:57:00,bike,3.62,15.8,High,1.0,Fog,1.37,36.72,50.31,wallet,Cancelled by Driver,
RPD100901,CUST2486,DRV522,Bangalore,Electronic City,Whitefield,2026-06-17 03:52:00,Auto,3.82,12.4,Low,12.0,Cloudy,1.05,49.38,51.85,wallet,Ongoing,
RPD104468,CUST1714,DRV432,Bengaluru,Indiranagar,HSR Layout,26-Jun-2026 12:59 PM,,8.16,22.9,Very High,14.0,Heavy Rain,1.84,112.92,207.77,,completed,4.1
RPD101205,CUST2831,DRV479,Bangalore,Whitefield,HSR Layout,20/06/2026 21:52,cab economy,8.4,26.3,Medium,8.0,Heavy Rain,1.07,115.8,123.91,UPI,completed,
RPD104690,CUST1751,DRV160,mumbai,Andheri,Bandra,2026-07-01 23:55:00,BIKE,7.2,17.4,Low,13.0,Cloudy,1.0,58.2,Rs. 58.2,UPI,completed,3.8
RPD104134,CUST2014,DRV137,mumbai,Powai,Andheri,2026-06-26 18:27:00,,7.43,5.3,Very High,8.0,Rain,1.94,104.16,202.07,UPI,completed,3.9
RPD104051,CUST3686,,Mumbai,Colaba,Borivali,09/07/2026 02:41,BIKE,4.8,3.3,Medium,14.0,Fog,1.09,43.8,47.74,Cash,Cancelled by Customer,
RPD100553,CUST2777,DRV105,Mumbai,Bandra,Dadar,2026-06-26 11:19:00,auto,4.99,14.4,Medium,25.0,Clear,1.04,59.91,62.31,Wallet,completed,4.8
RPD100407,CUST3733,DRV447,Mumbai,Andheri,Borivali,01-Jul-2026 06:01 PM,bike,7.7,11.1,High,5.0,Cloudy,1.3,61.2,79.56,Cash,Ongoing,
RPD104623,CUST3702,DRV236,BANGALORE,Whitefield,HSR Layout,2026-06-05 16:47:00,Bike,0.86,19.0,Low,11.0,Clear,1.0,20.16,Rs. 20.16,,Cancelled by Driver,
RPD101614,CUST2825,DRV227,Hyderabad,Banjara Hills,Banjara Hills,03/06/2026 04:52,,2.9,22.8,Low,13.0,Cloudy,1.06,49.8,52.79,Card,completed,5.0
RPD102935,CUST2077,DRV509,Pune,Baner,Viman Nagar,2026-07-01 02:43:00,BIKE,7.13,19.6,Medium,10.0,,3.89,57.78,224.76,Wallet,COMPLETED,5.0
RPD103299,CUST1012,DRV753,Bengaluru,MG Road,Jayanagar,05-Jul-2026 11:16 AM,Cab Economy,-3.62,37.5,Very High,15.0,Rain,1.88,16.2,30.46,Wallet,Completed,4.6
RPD102834,CUST2456,,bangalore,Koramangala,Whitefield,18-Jun-2026 08:50 PM,Bike,1.93,16.5,High,11.0,,1.31,26.58,34.82,Wallet,Cancelled by Customer,
RPD102350,CUST2095,DRV565,bangalore,Jayanagar,HSR Layout,02-Jul-2026 02:43 AM,Cab Economy,8.97,15.7,Low,19.0,Clear,1.0,122.64,122.64,cash ,Cancelled by Driver,
RPD103110,CUST2755,,mumbai,Borivali,Borivali,2026-07-12 14:14:00,Cab Premium,4.29,33.3,Medium,25.0,Cloudy,1.15,92.22,106.05,UPI,Cancelled by Customer,
RPD101739,CUST1393,,Mumbai,Bandra,Borivali,2026-06-14 22:27:00,Bike,5.17,41.0,Medium,11.0,Clear,1.1,46.02,50.62,UPI,Cancelled by Customer,
RPD100237,CUST2587,DRV526,mumbai,Dadar,Andheri,10/07/2026 21:47,Cab Premium,2.37,15.4,Very High,21.0,Rain,1.86,57.66,107.25,Wallet,Completed,4.2
RPD103164,CUST1292,DRV351,hyderabad ,Madhapur,Madhapur,2026-07-13 10:27:00,Cab Premium,2.54,16.9,Low,21.0,Heavy Rain,1.0,60.72,,cash ,completed,4.7
RPD100500,CUST2407,,mumbai,Andheri,Andheri,2026-07-03 10:26:00,cab economy,16.12,39.9,Low,25.0,Clear,1.0,208.44,208.44,wallet,Cancelled by Customer,
RPD103626,CUST1282,DRV423,mumbai,Dadar,Borivali,2026-07-08 21:54:00,Cab Economy,6.08,11.3,Low,16.0,Heavy Rain,1.0,87.96,87.96,cash ,Completed,4.2
RPD103128,CUST2857,DRV295,mumbai,Borivali,Andheri,01-Jun-2026 01:52 PM,bike,6.45,24.3,Very High,27.0,Rain,1.93,53.7,103.64,UPI,COMPLETED,5.0
RPD100795,CUST1249,DRV670,Hyderabad,Hitech City,Gachibowli,2026-06-17 12:12:00,Cab Economy,10.02,17.1,Medium,26.0,Cloudy,1.14,135.24,154.17,UPI,Ongoing,
RPD103359,CUST3578,DRV474,hyderabad ,Madhapur,Gachibowli,2026-07-15 06:18:00,bike,4.76,12.7,Medium,12.0,Fog,1.25,43.56,54.45,,Cancelled by Driver,
RPD103292,CUST2909,DRV603,Mumbai,Andheri,Andheri,06-Jun-2026 11:52 PM,BIKE,7.03,18.0,Low,27.0,Clear,1.0,57.18,57.18,Cash,Completed,4.7
RPD103973,CUST2599,DRV641,bangalore,Koramangala,Jayanagar,16-Jul-2026 12:06 PM,Bike,7.42,19.5,Very High,21.0,Rain,1.95,59.52,116.06,Cash,Ongoing,
RPD100991,CUST3433,,bangalore,MG Road,Whitefield,26/06/2026 18:09,BIKE,1.63,27.6,High,0.0,Clear,1.37,24.78,33.95,UPI,Cancelled by Customer,
RPD102436,CUST2817,DRV248,Bangalore,Whitefield,Jayanagar,22/06/2026 17:15,cab economy,999.0,12.0,Low,19.0,,1.0,12003.0,12003.0,upi,COMPLETED,3.7
RPD103377,CUST1219,DRV466,Mumbai,Powai,Andheri,2026-06-06 04:41:00,,6.14,23.4,Low,20.0,,1.04,88.68,92.23,cash ,Completed,3.6
RPD100391,CUST1633,DRV615,Mumbai,Borivali,Borivali,15/07/2026 11:06,BIKE,5.36,19.9,Medium,13.0,Fog,1.14,47.16,53.76,cash ,completed,4.5
RPD102401,CUST2741,DRV628,Bangalore,Jayanagar,HSR Layout,2026-07-15 06:36:00,Auto,17.54,5.7,Medium,27.0,Clear,1.16,172.86,200.52,upi,completed,4.1
RPD101218,CUST2341,DRV331,BANGALORE,HSR Layout,Electronic City,2026-07-01 06:00:00,bike,1.08,25.5,Very High,20.0,Heavy Rain,1.96,21.48,42.1,,COMPLETED,4.6
RPD100236,CUST2208,DRV308,hyderabad ,Banjara Hills,Kukatpally,2026-06-01 16:06:00,Auto,2.88,10.0,Low,21.0,Heavy Rain,1.0,40.92,40.92,UPI,Completed,4.3
RPD100332,CUST1419,DRV311,Mumbai,Borivali,Bandra,2026-06-21 06:12:00,bike,8.93,13.7,Very High,17.0,Heavy Rain,1.92,68.58,Rs. 131.67,Wallet,Ongoing,
RPD104577,CUST3101,DRV482,Bangalore,MG Road,Electronic City,2026-07-15 23:05:00,Auto,5.42,13.5,Medium,24.0,Cloudy,1.19,63.78,75.9,upi,Completed,4.2
RPD103189,CUST2560,DRV755,BANGALORE,HSR Layout,MG Road,2026-06-28 06:05:00,Bike,0.8,23.9,Medium,23.0,Rain,1.12,19.8,22.18,Wallet,completed,4.7
RPD100045,CUST2158,DRV564,Bengaluru,MG Road,Indiranagar,2026-06-17 21:05:00,Bike,0.77,22.8,Low,12.0,Cloudy,1.08,19.62,21.19,upi,completed,4.2
RPD104785,CUST3710,,bangalore,Whitefield,Indiranagar,19-Jun-2026 12:40 AM,BIKE,5.32,17.7,Low,18.0,Cloudy,1.08,46.92,50.67,wallet,Cancelled by Customer,
RPD104217,CUST3004,DRV546,BANGALORE,Koramangala,Electronic City,15/06/2026 05:24,Auto,4.01,10.7,Low,19.0,Clear,1.04,51.09,53.13,Wallet,completed,
RPD103437,CUST1691,DRV481,mumbai,Dadar,Borivali,2026-07-13 22:20:00,Auto,2.49,12.6,Medium,23.0,,1.18,37.41,44.14,Card,completed,3.5
RPD103073,CUST1095,DRV567,Bengaluru,Koramangala,Whitefield,2026-06-30 23:22:00,Bike,4.0,12.9,Medium,19.0,Cloudy,1.17,39.0,45.63,wallet,Cancelled by Driver,
RPD103135,CUST3322,DRV707,Pune,Viman Nagar,Baner,05-Jul-2026 06:13 PM,Auto,3.41,40.5,Very High,12.0,Fog,1.8,45.69,82.24,UPI,completed,5.0
RPD104046,CUST3663,DRV166,Bangalore,MG Road,Jayanagar,2026-07-16 13:20:00,Cab Premium,3.66,8.6,Medium,21.0,Heavy Rain,1.14,80.88,92.2,Card,Completed,4.0
RPD101595,CUST2595,DRV322,Bangalore,Koramangala,MG Road,05/07/2026 12:14,Auto,2.8,12.8,Low,5.0,,1.01,40.2,40.6,UPI,Cancelled by Driver,
RPD100224,CUST1749,DRV216,Pune,Hinjewadi,Hinjewadi,2026-06-03 00:54:00,cab economy,3.23,18.7,Low,26.0,Fog,1.0,53.76,53.76,wallet,Cancelled by Driver,
RPD102892,CUST1244,DRV779,Mumbai,Bandra,Borivali,2026-06-21 04:08:00,BIKE,5.63,27.3,Low,16.0,Heavy Rain,1.01,48.78,49.27,Cash,Ongoing,
RPD101246,CUST1050,DRV126,bangalore,Electronic City,Whitefield,13/06/2026 13:34,Cab Economy,-2.33,31.1,Medium,18.0,Clear,1.16,16.2,18.79,,Ongoing,
RPD101541,CUST3085,DRV607,Mumbai,Bandra,Borivali,2026-06-28 19:14:00,Bike,5.45,14.5,Very High,14.0,,1.87,47.7,89.2,,COMPLETED,4.4
RPD103538,CUST3443,DRV711,hyderabad ,Hitech City,Banjara Hills,2026-07-13 16:22:00,BIKE,-2.72,30.5,Low,20.0,Fog,1.01,15.6,15.76,Card,Completed,4.9
RPD104149,CUST2820,DRV390,Bangalore,Indiranagar,Jayanagar,11/07/2026 21:38,bike,5.24,6.3,Very High,11.0,Rain,1.9,46.44,88.24,,Completed,3.3
RPD104626,CUST2556,DRV532,Bangalore,Koramangala,Electronic City,07/07/2026 03:13,bike,2.17,9.8,Low,15.0,Cloudy,1.0,28.02,28.02,Card,Completed,3.9
RPD102534,CUST3555,DRV105,Bengaluru,MG Road,Jayanagar,2026-06-21 20:45:00,cab economy,9.64,5.6,High,1.0,Clear,1.4,130.68,182.95,Card,completed,3.4
RPD101133,CUST1925,,hyderabad ,Madhapur,Gachibowli,16-Jun-2026 05:26 AM,auto,4.64,13.3,Medium,35.0,Rain,1.16,56.76,65.84,upi,Cancelled by Customer,
RPD100819,CUST3826,DRV355,BANGALORE,Whitefield,Whitefield,07-Jun-2026 05:10 PM,,4.6,40.3,Low,13.0,Fog,1.0,70.2,70.2,upi,COMPLETED,4.5
RPD103459,CUST3458,DRV786,Bangalore,Indiranagar,Jayanagar,04/07/2026 09:44,Auto,4.64,25.0,Very High,23.0,Heavy Rain,2.0,56.76,113.52,upi,completed,3.9
RPD100156,CUST3528,,mumbai,Bandra,Dadar,08-Jun-2026 08:42 AM,Cab Premium,7.2,15.5,Very High,0.0,Fog,1.88,144.6,271.85,Cash,Cancelled by Customer,
RPD104977,CUST3010,,Hyderabad,Hitech City,Kukatpally,19/06/2026 04:03,Auto,3.52,12.8,Low,12.0,Cloudy,1.0,46.68,46.68,Card,Cancelled by Customer,
RPD100249,CUST2845,DRV436,hyderabad ,Hitech City,Banjara Hills,2026-07-13 02:16:00,Cab Economy,1.85,28.1,Very High,15.0,Heavy Rain,1.93,37.2,71.8,Card,completed,4.6
RPD103928,CUST3432,DRV511,bangalore,Electronic City,Whitefield,05/06/2026 03:17,bike,9.91,8.0,Medium,20.0,Cloudy,1.2,74.46,89.35,Cash,completed,5.0
RPD104015,CUST2039,DRV645,Mumbai,Powai,Borivali,20-Jun-2026 04:50 AM,Auto,3.18,22.0,Low,24.0,Cloudy,1.04,43.62,45.36,cash ,completed,3.8
RPD102637,CUST1660,DRV160,bangalore,Whitefield,HSR Layout,24-Jun-2026 12:53 AM,Cab Economy,2.56,27.1,Very High,27.0,Heavy Rain,1.89,45.72,86.41,upi,COMPLETED,4.1
RPD104639,CUST3251,DRV462,Pune,Kothrud,Hinjewadi,11-Jun-2026 04:57 PM,Cab Economy,5.69,20.4,Very High,34.0,Rain,1.95,83.28,162.4,,Ongoing,
RPD100794,CUST1726,DRV540,Hyderabad,Hitech City,Banjara Hills,06/06/2026 03:25,Cab Premium,1.64,12.3,Low,21.0,Cloudy,1.0,44.52,44.52,Card,Completed,4.2
RPD101726,CUST3525,DRV527,BANGALORE,Electronic City,Jayanagar,15/06/2026 06:21,auto,4.42,6.2,Very High,24.0,Rain,1.89,54.78,103.53,wallet,COMPLETED,4.1
RPD103190,CUST1570,DRV432,Bengaluru,Jayanagar,Jayanagar,2026-07-16 12:27:00,Auto,9.86,11.7,Very High,26.0,Heavy Rain,1.93,103.74,200.22,cash ,COMPLETED,4.4
RPD102650,CUST1144,DRV457,BANGALORE,Koramangala,Indiranagar,12/06/2026 21:55,bike,6.9,15.0,Low,12.0,Fog,1.02,56.4,57.53,Cash,Ongoing,
RPD100629,CUST1063,DRV564,Mumbai,Andheri,Andheri,2026-07-02 21:09:00,,8.44,9.6,Low,25.0,,1.05,116.28,122.09,UPI,Cancelled by Driver,
RPD104837,CUST3635,DRV730,hyderabad ,Banjara Hills,Madhapur,23-Jun-2026 04:21 AM,Auto,999.0,23.4,Low,14.0,Heavy Rain,1.0,9006.0,9006.0,cash ,COMPLETED,4.1
RPD102340,CUST3951,DRV773,Mumbai,Borivali,Andheri,22-Jun-2026 01:35 AM,Bike,1.69,11.5,Very High,23.0,Heavy Rain,1.93,25.14,48.52,wallet,Ongoing,
RPD104958,CUST2795,,BANGALORE,MG Road,HSR Layout,2026-06-01 06:13:00,Cab Premium,11.15,21.3,Very High,23.0,Rain,1.93,215.7,416.3,UPI,Cancelled by Customer,
RPD101621,CUST2882,,Hyderabad,Banjara Hills,Kukatpally,24/06/2026 19:17,,1.79,3.5,High,14.0,,1.43,36.48,52.17,Card,Cancelled by Customer,
RPD101452,CUST1534,DRV288,BANGALORE,Koramangala,Koramangala,2026-06-26 13:57:00,BIKE,7.43,35.0,Medium,20.0,Rain,1.11,59.58,66.13,Cash,Ongoing,
RPD102903,CUST2066,DRV621,mumbai,Andheri,Colaba,13/07/2026 00:22,cab economy,6.81,24.5,Medium,15.0,Fog,1.06,96.72,102.52,Card,completed,4.2
RPD104651,CUST3630,DRV182,mumbai,Colaba,Colaba,13/06/2026 18:31,bike,5.6,16.7,Very High,11.0,,1.83,48.6,88.94,Card,Ongoing,
RPD101829,CUST2933,DRV691,hyderabad ,Kukatpally,Hitech City,22/06/2026 12:46,Auto,999.0,66.3,Low,22.0,Clear,1.1,9006.0,9906.6,Wallet,Cancelled by Driver,
RPD100827,CUST3561,DRV642,Bangalore,MG Road,Indiranagar,2026-06-13 23:59:00,Bike,6.96,23.8,Low,20.0,Cloudy,1.0,56.76,56.76,cash ,Completed,5.0
RPD101640,CUST3826,,Bangalore,HSR Layout,Whitefield,14/07/2026 02:59,Cab Premium,2.85,12.9,Low,16.0,Clear,1.08,66.3,71.6,upi,Cancelled by Customer,
RPD103865,CUST3363,DRV481,Pune,Viman Nagar,Hinjewadi,2026-06-25 08:06:00,,5.01,6.9,Very High,0.0,Rain,1.84,75.12,138.22,UPI,completed,5.0
RPD102914,CUST1490,DRV577,bangalore,MG Road,Koramangala,2026-06-03 21:10:00,Bike,4.36,3.9,Very High,29.0,Heavy Rain,1.96,41.16,80.67,Wallet,Completed,4.1
RPD103792,CUST2569,,Bangalore,Jayanagar,Jayanagar,2026-07-06 18:27:00,bike,7.82,8.9,High,5.0,,1.45,61.92,89.78,,Cancelled by Customer,
RPD102940,CUST1099,DRV405,Hyderabad,Gachibowli,Hitech City,2026-06-30 10:06:00,,3.39,78.0,Low,25.0,Rain,1.01,55.68,56.24,Wallet,completed,4.9
RPD103421,CUST1660,DRV756,Hyderabad,Gachibowli,Banjara Hills,2026-06-22 14:14:00,Bike,1.24,20.6,Medium,13.0,Fog,1.2,22.44,26.93,,completed,
RPD103997,CUST1654,DRV690,bangalore,MG Road,Indiranagar,2026-06-05 22:39:00,Auto,5.34,12.7,Low,19.0,Fog,1.01,63.06,63.69,,Ongoing,
RPD103768,CUST3364,DRV569,Pune,Kothrud,Baner,2026-06-28 12:28:00,Cab Premium,0.96,6.9,Medium,26.0,,1.2,32.28,38.74,Wallet,Ongoing,
RPD100536,CUST3345,DRV591,Hyderabad,Kukatpally,Banjara Hills,2026-07-11 20:28:00,cab economy,6.2,50.7,Very High,13.0,,1.96,89.4,175.22,Card,Ongoing,
RPD102664,CUST3297,DRV516,Bangalore,MG Road,Indiranagar,01-Jun-2026 08:33 PM,bike,7.14,7.9,Very High,0.0,Cloudy,1.81,57.84,104.69,upi,COMPLETED,4.2
RPD100155,CUST3199,DRV291,BANGALORE,Indiranagar,MG Road,2026-07-13 13:25:00,Cab Premium,10.25,35.3,Low,21.0,Cloudy,4.04,199.5,805.98,Wallet,Completed,3.5
RPD103242,CUST2202,DRV617,BANGALORE,Indiranagar,MG Road,2026-06-30 15:58:00,auto,3.92,28.9,Low,14.0,Cloudy,1.0,50.28,50.28,Card,completed,4.0
RPD103150,CUST3241,DRV357,bangalore,Electronic City,Koramangala,2026-07-09 10:16:00,BIKE,2.98,13.0,Very High,20.0,Heavy Rain,1.93,32.88,63.46,UPI,Cancelled by Driver,
RPD102953,CUST1474,,BANGALORE,Indiranagar,Whitefield,16-Jul-2026 08:44 PM,Auto,4.29,5.4,High,9.0,Cloudy,1.45,53.61,77.73,wallet,Cancelled by Customer,
RPD101312,CUST2265,DRV702,Hyderabad,Banjara Hills,Madhapur,26-Jun-2026 10:58 AM,Bike,3.41,27.5,Medium,11.0,Clear,1.14,35.46,40.42,Wallet,Completed,5.0
RPD100323,CUST2124,DRV437,Hyderabad,Madhapur,Banjara Hills,2026-06-03 02:49:00,bike,5.45,9.4,Medium,16.0,Cloudy,1.22,47.7,58.19,wallet,Completed,5.0
RPD104111,CUST1680,DRV382,Hyderabad,Banjara Hills,Kukatpally,27/06/2026 08:19,BIKE,6.52,37.4,Very High,4.0,Clear,1.98,54.12,107.16,UPI,Cancelled by Driver,
RPD103331,CUST1515,,Mumbai,Colaba,Powai,2026-06-08 03:49:00,Bike,3.47,18.2,Very High,20.0,Rain,1.93,35.82,69.13,Wallet,Cancelled by Customer,
RPD103986,CUST2836,DRV758,Hyderabad,Hitech City,Madhapur,28-Jun-2026 07:50 PM,Bike,7.78,30.8,Very High,2.0,Cloudy,1.95,61.68,120.28,Card,Ongoing,
RPD101799,CUST2131,,BANGALORE,Jayanagar,Whitefield,2026-06-21 16:43:00,,4.63,5.8,Low,16.0,Fog,1.0,70.56,70.56,UPI,Cancelled by Customer,
RPD100083,CUST1269,DRV437,Bangalore,Indiranagar,MG Road,29/06/2026 14:33,auto,6.02,10.8,Medium,29.0,Cloudy,1.12,69.18,77.48,upi,COMPLETED,4.9
RPD102561,CUST3149,DRV499,hyderabad ,Gachibowli,Kukatpally,2026-07-16 07:35:00,Auto,9.44,15.2,Medium,11.0,Fog,1.16,99.96,115.95,Cash,Ongoing,
RPD101944,CUST3054,DRV135,bangalore,Whitefield,Koramangala,2026-07-06 07:17:00,Cab Economy,3.91,13.1,Medium,25.0,Clear,1.05,61.92,Rs. 65.02,wallet,COMPLETED,3.9
RPD101989,CUST3891,DRV584,Hyderabad,Madhapur,Kukatpally,13-Jun-2026 04:12 PM,bike,9.33,24.1,Very High,16.0,Heavy Rain,1.86,70.98,132.02,cash ,Cancelled by Driver,
RPD103537,CUST3875,DRV447,mumbai,Borivali,Powai,29/06/2026 23:18,Auto,3.73,17.6,Very High,24.0,Rain,1.97,48.57,95.68,upi,COMPLETED,3.2
RPD101575,CUST3872,DRV590,hyderabad ,Gachibowli,Hitech City,2026-07-14 12:33:00,Cab Premium,1.64,6.5,Low,17.0,Clear,1.02,44.52,45.41,cash ,Completed,4.3
RPD102978,CUST2147,,mumbai,Borivali,Powai,14/07/2026 15:31,Cab Economy,1.66,11.0,Medium,10.0,Clear,1.15,34.92,40.16,Wallet,Cancelled by Customer,
RPD102724,CUST3531,DRV733,Bengaluru,Jayanagar,MG Road,2026-06-15 12:40:00,auto,2.78,9.8,Medium,26.0,Cloudy,1.2,40.02,48.02,cash ,Completed,4.5
RPD103406,CUST2054,DRV557,Bengaluru,Indiranagar,Koramangala,2026-06-16 20:14:00,BIKE,14.53,10.8,Very High,2.0,Clear,1.93,102.18,197.21,Cash,Cancelled by Driver,
RPD102059,CUST3570,DRV700,BANGALORE,Koramangala,Koramangala,2026-06-07 16:51:00,Cab Premium,6.96,6.7,Low,17.0,Fog,1.04,140.28,145.89,cash ,completed,5.0
RPD101763,CUST1186,DRV456,BANGALORE,Jayanagar,MG Road,2026-06-26 09:04:00,Cab Premium,3.67,18.1,High,2.0,Cloudy,1.45,81.06,117.54,,Ongoing,
RPD101495,CUST2237,DRV644,Pune,Baner,Camp,14-Jun-2026 03:54 PM,BIKE,-5.8,20.8,Medium,20.0,Heavy Rain,1.1,15.6,17.16,Wallet,completed,4.8
RPD102081,CUST2756,DRV334,mumbai,Powai,Andheri,08/07/2026 13:13,bike,10.65,21.4,Medium,13.0,Clear,1.23,78.9,97.05,wallet,COMPLETED,5.0
RPD101175,CUST3968,DRV250,BANGALORE,Whitefield,Electronic City,2026-06-05 05:09:00,Cab Economy,5.83,8.8,Low,16.0,Cloudy,1.0,84.96,84.96,cash ,Ongoing,
RPD104510,CUST3963,,Mumbai,Powai,Colaba,25-Jun-2026 05:10 AM,cab economy,5.05,23.0,Very High,24.0,Rain,1.9,75.6,143.64,UPI,Cancelled by Customer,
RPD102629,CUST1685,,hyderabad ,Madhapur,Madhapur,2026-06-06 02:34:00,Auto,3.19,13.6,Low,18.0,Clear,1.06,43.71,46.33,wallet,Cancelled by Customer,
RPD104262,CUST3812,DRV361,Pune,Hinjewadi,Baner,2026-07-12 18:39:00,Auto,4.55,13.3,Very High,2.0,Cloudy,1.88,55.95,105.19,UPI,Cancelled by Driver,
RPD104727,CUST3608,DRV791,BANGALORE,Electronic City,HSR Layout,11/06/2026 11:55,Bike,7.26,13.2,Low,14.0,Cloudy,1.0,58.56,58.56,Wallet,Ongoing,
RPD100615,CUST1020,DRV153,Bengaluru,Koramangala,Jayanagar,01-Jun-2026 04:06 AM,Auto,6.14,6.0,Very High,27.0,Rain,1.87,70.26,131.39,Card,Ongoing,
RPD103094,CUST2156,DRV714,Bangalore,Whitefield,Indiranagar,2026-06-17 03:06:00,Cab Premium,2.03,7.6,Medium,3.0,Heavy Rain,1.2,51.54,61.85,Wallet,Ongoing,
RPD103451,CUST3500,DRV559,mumbai,Powai,Colaba,2026-06-21 18:43:00,BIKE,3.26,25.9,High,9.0,,5.84,34.56,201.83,upi,completed,5.0
RPD101015,CUST1308,DRV755,Bangalore,Whitefield,Indiranagar,12-Jun-2026 04:36 AM,Cab Premium,8.31,26.5,Low,12.0,Rain,1.0,164.58,164.58,Card,Ongoing,
RPD103058,CUST3391,DRV399,hyderabad ,Hitech City,Kukatpally,02/07/2026 09:45,Cab Economy,9.29,22.8,Very High,0.0,Heavy Rain,1.93,126.48,244.11,,completed,4.8
RPD104876,CUST3326,DRV674,Bengaluru,Jayanagar,Whitefield,2026-06-12 04:07:00,Cab Premium,10.17,4.0,Medium,24.0,Fog,1.24,198.06,245.59,wallet,completed,4.4
RPD103906,CUST2659,DRV288,Bangalore,MG Road,MG Road,2026-07-11 01:50:00,Auto,22.25,36.8,Very High,17.0,Heavy Rain,1.86,215.25,400.37,upi,completed,3.6
RPD102182,CUST1415,DRV657,bangalore,Electronic City,HSR Layout,2026-07-10 22:20:00,auto,0.5,24.7,Medium,15.0,Clear,1.12,19.5,21.84,cash ,COMPLETED,5.0
RPD103419,CUST3233,DRV502,Bangalore,HSR Layout,Indiranagar,02-Jun-2026 08:27 AM,Bike,6.67,20.6,Very High,7.0,Rain,1.86,55.02,102.34,,Cancelled by Driver,
RPD104652,CUST1651,DRV600,Mumbai,Powai,Powai,02/06/2026 07:11,,9.29,9.1,Low,19.0,,1.0,126.48,126.48,Card,Cancelled by Driver,
RPD103101,CUST1588,DRV380,Hyderabad,Banjara Hills,Madhapur,2026-06-09 02:45:00,Cab Economy,4.11,12.3,Low,19.0,Clear,1.03,64.32,66.25,UPI,completed,3.5
RPD101212,CUST2897,DRV606,bangalore,Indiranagar,MG Road,09/07/2026 01:00,bike,3.53,24.2,Medium,20.0,Clear,1.14,36.18,41.25,Cash,COMPLETED,4.6
RPD100635,CUST3936,DRV154,Bangalore,Koramangala,Koramangala,2026-06-18 20:06:00,cab economy,2.8,4.3,Very High,4.0,,1.92,48.6,93.31,cash ,COMPLETED,4.5
RPD101056,CUST2621,DRV733,Bengaluru,Jayanagar,Whitefield,2026-07-10 05:58:00,Cab Premium,5.28,10.5,Low,28.0,Fog,1.0,110.04,110.04,,COMPLETED,4.4
RPD102341,CUST2761,DRV558,Bangalore,MG Road,Indiranagar,2026-06-07 07:04:00,Cab Premium,8.98,7.8,Low,29.0,Clear,1.0,176.64,176.64,wallet,Cancelled by Driver,
RPD100797,CUST2276,DRV398,mumbai,Colaba,Bandra,29-Jun-2026 10:54 PM,cab economy,5.13,19.1,Low,16.0,Clear,1.02,76.56,78.09,upi,Completed,4.7
RPD104271,CUST3571,DRV128,Bengaluru,Jayanagar,Jayanagar,2026-07-14 01:48:00,bike,12.24,18.5,Medium,11.0,,1.21,88.44,107.01,wallet,COMPLETED,
RPD102815,CUST3761,DRV707,BANGALORE,Koramangala,HSR Layout,2026-06-10 10:46:00,BIKE,5.54,33.1,Medium,17.0,Heavy Rain,1.19,48.24,57.41,Cash,COMPLETED,5.0
RPD104342,CUST3374,,Bengaluru,Jayanagar,Koramangala,10/06/2026 10:32,Bike,2.68,11.6,Very High,17.0,Rain,1.89,31.08,58.74,UPI,Cancelled by Customer,
RPD101081,CUST1376,DRV175,mumbai,Powai,Powai,08-Jul-2026 12:28 PM,Bike,4.26,12.2,Low,14.0,Cloudy,1.0,40.56,40.56,UPI,Cancelled by Driver,
RPD101655,CUST2580,DRV800,mumbai,Colaba,Borivali,11/06/2026 16:44,auto,1.19,6.5,Low,11.0,Clear,1.04,25.71,26.74,Cash,Ongoing,
RPD101608,CUST2344,,Mumbai,Dadar,Borivali,2026-06-01 07:36:00,Cab Premium,5.34,9.8,Very High,17.0,Heavy Rain,1.92,111.12,213.35,UPI,Cancelled by Customer,
RPD100145,CUST3270,DRV195,bangalore,Koramangala,Whitefield,2026-06-29 11:48:00,cab economy,0.99,10.2,Low,24.0,Fog,1.0,26.88,26.88,Wallet,Cancelled by Driver,
RPD104242,CUST2034,DRV158,Pune,Kothrud,Baner,2026-07-06 13:07:00,Cab Economy,2.94,26.2,Low,27.0,Fog,1.0,50.28,50.28,Card,COMPLETED,3.9
RPD100091,CUST3617,DRV737,Hyderabad,Madhapur,Hitech City,2026-06-06 00:16:00,,4.85,6.6,Low,25.0,Cloudy,1.01,73.2,73.93,,Completed,5.0
RPD100683,CUST1661,DRV482,bangalore,Jayanagar,MG Road,22-Jun-2026 11:49 AM,Auto,4.7,11.5,Very High,17.0,Heavy Rain,1.93,57.3,110.59,Wallet,COMPLETED,4.8
RPD104407,CUST1128,,Bengaluru,MG Road,MG Road,17-Jun-2026 12:51 AM,cab economy,4.77,16.8,Medium,29.0,Fog,1.1,72.24,79.46,cash ,Cancelled by Customer,
RPD103432,CUST1284,DRV653,Hyderabad,Gachibowli,Madhapur,2026-06-12 16:16:00,Cab Economy,3.83,25.8,Medium,19.0,,1.13,60.96,68.88,Cash,Completed,3.0
RPD100094,CUST1151,,Bangalore,Whitefield,Electronic City,22-Jun-2026 08:11 PM,cab economy,6.16,56.0,High,1.0,,1.32,88.92,117.37,Card,Cancelled by Customer,
RPD100835,CUST1530,DRV642,BANGALORE,Indiranagar,Electronic City,2026-07-02 06:26:00,Cab Economy,3.09,20.2,Low,18.0,,1.03,52.08,53.64,Card,Ongoing,
RPD104873,CUST3301,,bangalore,MG Road,Electronic City,2026-06-12 14:09:00,auto,2.43,17.2,Low,20.0,,1.0,36.87,36.87,Card,Cancelled by Customer,
RPD101401,CUST3418,DRV363,Bangalore,Electronic City,MG Road,2026-07-10 10:52:00,Auto,11.05,18.0,Low,28.0,Rain,1.12,114.45,128.18,wallet,completed,5.0
RPD103980,CUST2864,DRV302,Pune,Baner,Hinjewadi,22/06/2026 00:26,BIKE,4.72,36.8,Low,23.0,Heavy Rain,1.0,43.32,43.32,,Ongoing,
RPD102292,CUST3670,DRV327,Pune,Viman Nagar,Camp,04-Jun-2026 04:52 PM,auto,1.66,17.3,Low,13.0,Fog,1.0,29.94,29.94,UPI,completed,5.0
RPD101501,CUST3591,DRV537,bangalore,Jayanagar,MG Road,2026-07-10 01:09:00,cab economy,11.68,9.2,Low,19.0,,1.0,155.16,155.16,cash ,COMPLETED,3.6
RPD102263,CUST1119,DRV328,Hyderabad,Hitech City,Kukatpally,25-Jun-2026 03:35 AM,,2.95,8.7,Low,28.0,Cloudy,1.02,50.4,51.41,cash ,Completed,4.8
RPD101469,CUST2238,DRV666,Pune,Hinjewadi,Baner,05-Jul-2026 01:47 AM,Auto,6.5,7.8,Very High,15.0,Heavy Rain,1.88,73.5,138.18,Card,COMPLETED,4.0
RPD103929,CUST1534,DRV544,Hyderabad,Madhapur,Kukatpally,08/06/2026 02:33,Auto,3.33,15.7,Low,32.0,,1.06,44.97,47.67,UPI,COMPLETED,5.0
RPD103246,CUST3328,DRV528,Hyderabad,Kukatpally,Banjara Hills,2026-06-29 13:49:00,Bike,3.56,20.6,Very High,14.0,Rain,1.84,36.36,66.9,UPI,completed,4.7
RPD100999,CUST2406,DRV498,hyderabad ,Madhapur,Hitech City,2026-06-22 12:10:00,BIKE,2.14,42.2,Low,22.0,Fog,1.01,27.84,28.12,Cash,completed,4.0
RPD100854,CUST2783,DRV672,Mumbai,Borivali,Powai,2026-07-01 06:51:00,Auto,3.28,4.8,Low,14.0,Rain,1.0,44.52,44.52,,Ongoing,
RPD103876,CUST3509,DRV572,Pune,Hinjewadi,Viman Nagar,22/06/2026 20:47,bike,1.22,8.2,Very High,4.0,Heavy Rain,1.95,22.32,43.52,upi,Cancelled by Driver,
RPD101143,CUST1887,DRV256,bangalore,Jayanagar,HSR Layout,13-Jul-2026 08:27 PM,auto,0.5,22.5,High,5.0,Cloudy,1.35,19.5,26.33,Cash,completed,5.0
RPD102275,CUST2924,DRV621,BANGALORE,HSR Layout,Jayanagar,2026-06-25 07:32:00,auto,-4.69,5.8,Low,23.0,Fog,1.0,15.9,15.9,wallet,Completed,5.0
RPD104498,CUST3139,,Hyderabad,Madhapur,Madhapur,2026-06-18 16:52:00,Auto,4.16,18.8,Low,16.0,Rain,1.03,52.44,54.01,wallet,Cancelled by Customer,
RPD101104,CUST2179,,Hyderabad,Madhapur,Madhapur,04/06/2026 11:45,Auto,3.23,17.3,Medium,23.0,,1.11,44.07,,cash ,Cancelled by Customer,
RPD100085,CUST2265,DRV284,Mumbai,Colaba,Dadar,2026-07-12 10:52:00,,2.5,12.3,Medium,6.0,Clear,1.07,45.0,48.15,cash ,Cancelled by Driver,
RPD102211,CUST1982,DRV102,hyderabad ,Kukatpally,Gachibowli,2026-06-17 14:46:00,,5.71,17.3,Medium,2.0,Cloudy,1.16,83.52,96.88,UPI,Cancelled by Driver,
RPD104211,CUST3076,,Pune,Kothrud,Camp,28-Jun-2026 03:59 AM,Auto,3.68,9.2,Medium,20.0,Fog,1.16,48.12,55.82,upi,Cancelled by Customer,
RPD104758,CUST1460,DRV266,mumbai,Andheri,Bandra,30-Jun-2026 05:52 AM,cab economy,3.8,9.1,Very High,24.0,Rain,1.84,60.6,111.5,,completed,3.5
RPD103441,CUST2343,DRV511,BANGALORE,Electronic City,Koramangala,2026-07-10 11:24:00,,1.28,15.2,Very High,29.0,Heavy Rain,1.93,30.36,58.59,UPI,completed,5.0
RPD101568,CUST1064,DRV517,Bengaluru,HSR Layout,Electronic City,24-Jun-2026 07:58 AM,BIKE,8.55,5.7,Low,19.0,,1.0,66.3,66.3,Cash,COMPLETED,4.2
RPD101661,CUST1557,,Bangalore,Whitefield,Indiranagar,2026-07-08 04:57:00,auto,4.04,28.1,Low,18.0,,1.0,51.36,51.36,UPI,Cancelled by Customer,
RPD101557,CUST1859,DRV451,BANGALORE,Whitefield,Electronic City,2026-06-23 03:22:00,Bike,4.52,15.3,Low,28.0,Heavy Rain,1.01,42.12,42.54,cash ,Cancelled by Driver,
RPD104722,CUST3056,DRV768,mumbai,Colaba,Andheri,03/07/2026 09:42,auto,3.35,8.4,Very High,8.0,Heavy Rain,1.91,45.15,86.24,Cash,Ongoing,
RPD103765,CUST3842,DRV350,Mumbai,Dadar,Powai,2026-06-15 19:12:00,,10.2,18.2,Very High,17.0,Clear,1.86,137.4,255.56,wallet,completed,3.7
RPD103585,CUST3161,DRV578,Hyderabad,Hitech City,Hitech City,2026-06-17 09:37:00,Cab Premium,2.13,27.7,Very High,14.0,Heavy Rain,1.91,53.34,101.88,Wallet,COMPLETED,3.7
RPD101886,CUST1730,DRV657,mumbai,Bandra,Colaba,2026-06-29 15:25:00,Bike,3.58,12.0,Low,16.0,Fog,1.06,36.48,38.67,upi,Completed,4.2
RPD103145,CUST2477,DRV184,hyderabad ,Kukatpally,Hitech City,2026-06-20 12:56:00,Cab Economy,0.74,18.1,Low,24.0,Fog,1.0,23.88,23.88,cash ,completed,4.8
RPD101867,CUST1610,DRV161,hyderabad ,Madhapur,Gachibowli,2026-06-05 12:41:00,BIKE,2.39,18.3,Medium,16.0,Clear,1.1,29.34,32.27,cash ,COMPLETED,5.0
RPD104721,CUST1017,DRV463,Pune,Kothrud,Kothrud,09/06/2026 20:25,Auto,1.7,17.3,Very High,21.0,Cloudy,1.86,30.3,56.36,Wallet,Ongoing,
RPD102875,CUST1825,DRV745,Mumbai,Powai,Borivali,13-Jun-2026 08:17 PM,Bike,7.39,10.4,Very High,21.0,Fog,1.9,59.34,112.75,UPI,Cancelled by Driver,
RPD104331,CUST2899,DRV131,Pune,Baner,Viman Nagar,10-Jul-2026 10:30 AM,cab economy,0.67,5.9,Medium,18.0,Clear,1.05,23.04,24.19,,completed,3.9
RPD103589,CUST1260,DRV391,hyderabad ,Kukatpally,Banjara Hills,05/07/2026 12:11,auto,11.38,23.2,Medium,23.0,Fog,1.08,117.42,126.81,,completed,4.3
RPD103268,CUST3913,DRV345,Hyderabad,Hitech City,Kukatpally,2026-07-12 19:52:00,bike,999.0,25.8,Very High,15.0,Fog,1.89,6009.0,11357.01,Wallet,completed,5.0
RPD102885,CUST3109,DRV339,Bangalore,Koramangala,Jayanagar,04/06/2026 19:12,auto,3.92,21.3,Very High,14.0,Clear,1.92,50.28,96.54,Cash,Cancelled by Driver,
RPD102891,CUST1685,DRV737,mumbai,Borivali,Dadar,07-Jul-2026 04:47 PM,Cab Economy,1.09,14.3,Medium,25.0,Clear,1.2,28.08,33.7,wallet,Cancelled by Driver,
RPD103008,CUST1598,,Mumbai,Andheri,Bandra,2026-06-21 00:45:00,bike,11.4,4.6,Very High,16.0,Rain,1.91,83.4,159.29,UPI,Cancelled by Customer,
RPD101827,CUST2858,DRV256,Bangalore,HSR Layout,Koramangala,2026-07-15 22:38:00,Bike,1.61,6.6,Low,37.0,Cloudy,1.0,24.66,24.66,Card,Ongoing,
RPD103924,CUST3300,DRV539,hyderabad ,Kukatpally,Kukatpally,2026-06-26 14:57:00,BIKE,7.13,9.3,Low,17.0,Clear,1.0,57.78,57.78,upi,Cancelled by Driver,
RPD102641,CUST1471,,Bangalore,Jayanagar,Indiranagar,2026-06-25 21:21:00,bike,9.72,10.8,Very High,26.0,Heavy Rain,1.87,73.32,137.11,,Cancelled by Customer,
RPD101526,CUST1339,,bangalore,Koramangala,Jayanagar,2026-07-03 09:08:00,,0.63,16.7,High,8.0,Cloudy,1.4,22.56,31.58,Cash,Cancelled by Customer,
RPD101563,CUST3338,,BANGALORE,Jayanagar,HSR Layout,02/06/2026 16:16,cab economy,5.4,11.4,Low,26.0,Cloudy,1.0,79.8,79.8,cash ,Cancelled by Customer,
RPD100344,CUST3360,DRV475,Hyderabad,Madhapur,Kukatpally,2026-07-06 14:24:00,cab economy,2.82,8.9,Medium,9.0,,1.14,48.84,55.68,UPI,Ongoing,
RPD102543,CUST3260,,Bengaluru,HSR Layout,Whitefield,14/06/2026 13:22,Cab Economy,10.71,15.5,Medium,20.0,,1.16,143.52,166.48,upi,Cancelled by Customer,
RPD103386,CUST3610,DRV457,bangalore,HSR Layout,Jayanagar,2026-06-15 20:28:00,auto,5.86,15.6,Very High,3.0,,1.93,67.74,Rs. 130.74,UPI,COMPLETED,4.6
RPD102413,CUST2147,,bangalore,Indiranagar,HSR Layout,2026-06-26 18:32:00,Cab Economy,2.65,22.1,High,10.0,Cloudy,1.33,46.8,62.24,Wallet,Cancelled by Customer,
RPD102708,CUST2111,DRV230,Bengaluru,MG Road,HSR Layout,10-Jun-2026 10:15 AM,auto,10.62,7.8,Medium,13.0,Cloudy,1.12,110.58,123.85,UPI,Cancelled by Driver,
RPD101111,CUST3304,DRV669,Bengaluru,Koramangala,Indiranagar,2026-06-08 02:24:00,Bike,0.97,7.2,Low,22.0,Heavy Rain,1.05,20.82,21.86,,Cancelled by Driver,
RPD103443,CUST1268,,Pune,Hinjewadi,Baner,01-Jun-2026 09:50 PM,bike,5.33,22.1,Low,21.0,Cloudy,1.04,46.98,48.86,UPI,Cancelled by Customer,
RPD102214,CUST2267,DRV721,Mumbai,Borivali,Dadar,01/06/2026 13:26,Bike,4.62,3.0,Low,23.0,Cloudy,1.0,42.72,42.72,upi,COMPLETED,3.5
RPD101360,CUST1289,DRV322,Bangalore,MG Road,MG Road,2026-07-15 14:59:00,bike,9.08,15.7,Medium,16.0,Heavy Rain,1.17,69.48,81.29,Card,COMPLETED,4.0
RPD102108,CUST1521,DRV756,Mumbai,Borivali,Bandra,27/06/2026 22:05,Auto,7.37,13.7,Medium,14.0,Cloudy,1.08,81.33,87.84,Wallet,completed,4.3
RPD101379,CUST2991,DRV668,Pune,Kothrud,Kothrud,21/06/2026 22:48,Bike,9.94,13.5,Low,22.0,Rain,1.07,74.64,79.86,,Cancelled by Driver,
RPD102829,CUST2620,DRV583,Bangalore,MG Road,Electronic City,2026-06-16 17:25:00,Auto,3.51,26.6,Low,5.0,Cloudy,1.0,46.59,46.59,Wallet,Cancelled by Driver,
RPD100425,CUST3909,DRV643,Mumbai,Dadar,Borivali,24/06/2026 04:57,,4.74,36.2,Low,20.0,Cloudy,1.01,71.88,72.6,wallet,Cancelled by Driver,
RPD100293,CUST3698,DRV168,mumbai,Borivali,Andheri,2026-07-13 17:52:00,,7.46,9.6,Low,18.0,Rain,1.03,104.52,107.66,UPI,Ongoing,
RPD101066,CUST2960,DRV450,Mumbai,Dadar,Bandra,2026-07-16 13:50:00,bike,1.77,20.9,Medium,14.0,Rain,1.16,25.62,29.72,cash ,completed,3.3
RPD102378,CUST1912,DRV341,Bengaluru,MG Road,Whitefield,24/06/2026 04:44,Cab Premium,5.33,5.6,Very High,5.0,Rain,1.84,110.94,204.13,Wallet,COMPLETED,5.0
RPD102128,CUST1905,DRV124,Bengaluru,Indiranagar,Indiranagar,01/06/2026 17:33,auto,7.16,16.5,Low,28.0,Clear,1.0,79.44,Rs. 79.44,UPI,COMPLETED,4.4
RPD101718,CUST2156,DRV715,Bengaluru,Jayanagar,HSR Layout,2026-07-08 10:32:00,Cab Economy,2.2,4.6,Low,20.0,Heavy Rain,1.02,41.4,42.23,Cash,COMPLETED,3.5
RPD100938,CUST3303,,mumbai,Andheri,Dadar,01-Jul-2026 07:12 PM,Cab Economy,1.2,21.5,Very High,0.0,Cloudy,1.89,29.4,55.57,UPI,Cancelled by Customer,
RPD103780,CUST3596,DRV286,Bangalore,Indiranagar,Jayanagar,24-Jun-2026 04:07 PM,cab economy,7.54,32.0,Low,22.0,Fog,1.09,105.48,114.97,Card,COMPLETED,4.6
RPD103965,CUST3616,,BANGALORE,Indiranagar,Koramangala,2026-06-09 08:40:00,Cab Premium,5.61,46.8,Very High,15.0,Heavy Rain,1.93,115.98,223.84,Card,Cancelled by Customer,
RPD103991,CUST1280,DRV651,hyderabad ,Kukatpally,Kukatpally,07-Jun-2026 03:20 PM,Cab Economy,9.08,5.9,Medium,24.0,Cloudy,1.11,123.96,137.6,wallet,Ongoing,
RPD100255,CUST2445,,Mumbai,Colaba,Colaba,07/07/2026 05:24,bike,7.78,20.6,Low,19.0,Fog,1.0,61.68,61.68,Wallet,Cancelled by Customer,
RPD104905,CUST3840,DRV451,BANGALORE,Electronic City,Electronic City,10/06/2026 06:36,cab economy,3.51,8.4,Medium,23.0,Rain,1.09,57.12,62.26,upi,Completed,4.1
RPD101483,CUST2178,DRV437,mumbai,Dadar,Colaba,2026-06-03 19:48:00,,1.86,16.9,High,2.0,Clear,1.36,37.32,Rs. 50.76,cash ,Ongoing,
RPD100945,CUST2210,DRV484,Hyderabad,Gachibowli,Madhapur,2026-07-05 21:36:00,cab economy,5.62,22.8,Very High,24.0,Heavy Rain,1.8,82.44,148.39,,Completed,4.0
RPD103184,CUST2596,,BANGALORE,HSR Layout,Jayanagar,2026-06-28 16:54:00,,0.97,10.2,Low,23.0,Clear,1.0,26.64,26.64,upi,Cancelled by Customer,
RPD103267,CUST2696,,Pune,Viman Nagar,Kothrud,2026-06-08 23:00:00,BIKE,4.3,9.8,Medium,22.0,Fog,1.03,40.8,42.02,Card,Cancelled by Customer,
RPD102908,CUST2463,DRV491,Bangalore,Koramangala,HSR Layout,13-Jun-2026 03:49 AM,Cab Economy,10.48,4.3,Low,17.0,Fog,1.0,140.76,140.76,,Ongoing,
RPD100970,CUST1868,DRV339,bangalore,Indiranagar,Whitefield,06/07/2026 00:50,auto,6.71,8.5,Very High,26.0,Rain,1.93,75.39,145.5,Wallet,completed,4.4
RPD100497,CUST3359,,hyderabad ,Kukatpally,Banjara Hills,2026-06-13 00:09:00,Auto,3.15,10.3,Low,20.0,Fog,1.0,43.35,43.35,UPI,Cancelled by Customer,
RPD101830,CUST1340,DRV508,bangalore,Indiranagar,HSR Layout,08-Jul-2026 04:12 PM,auto,9.55,17.1,Very High,19.0,Rain,1.94,100.95,195.84,UPI,Cancelled by Driver,
RPD102178,CUST1584,DRV435,mumbai,Borivali,Andheri,04/07/2026 10:21,BIKE,9.17,16.2,Medium,21.0,Fog,1.18,70.02,82.62,,completed,4.9
RPD100338,CUST1721,,Pune,Camp,Viman Nagar,2026-07-05 22:15:00,cab economy,4.58,23.0,Medium,24.0,Clear,1.19,69.96,83.25,Card,Cancelled by Customer,
RPD104705,CUST2608,DRV103,BANGALORE,Koramangala,Electronic City,2026-06-29 22:57:00,Cab Premium,2.09,5.5,Medium,19.0,,1.16,52.62,61.04,upi,COMPLETED,4.4
RPD101149,CUST1691,DRV545,bangalore,Electronic City,MG Road,25/06/2026 18:13,BIKE,3.66,19.1,High,11.0,Clear,1.39,36.96,Rs. 51.37,Cash,Cancelled by Driver,
RPD102244,CUST1369,DRV463,Hyderabad,Banjara Hills,Banjara Hills,12/07/2026 05:45,BIKE,13.76,14.3,Medium,22.0,Fog,1.15,97.56,112.19,UPI,Cancelled by Driver,
RPD100989,CUST1600,DRV115,Hyderabad,Madhapur,Madhapur,11/07/2026 13:25,Bike,12.02,16.3,Low,15.0,Cloudy,1.0,87.12,87.12,Wallet,Ongoing,
RPD103969,CUST3209,DRV345,mumbai,Andheri,Powai,08/06/2026 08:24,cab economy,7.04,42.7,Very High,3.0,Heavy Rain,2.0,99.48,198.96,Wallet,Cancelled by Driver,
RPD102152,CUST2429,DRV506,Mumbai,Powai,Dadar,2026-07-16 16:13:00,,5.24,4.2,Medium,19.0,Rain,1.13,77.88,88.0,wallet,Cancelled by Driver,
RPD102011,CUST3717,DRV319,mumbai,Powai,Colaba,2026-06-16 09:22:00,Cab Economy,4.71,8.2,High,6.0,Cloudy,1.42,71.52,101.56,cash ,Ongoing,
RPD102492,CUST3748,DRV525,Bangalore,Electronic City,Jayanagar,23-Jun-2026 01:48 PM,Cab Economy,5.35,10.2,Low,15.0,,1.0,79.2,79.2,,COMPLETED,5.0
RPD104992,CUST1566,DRV677,Mumbai,Andheri,Dadar,2026-07-03 18:21:00,cab economy,1.76,17.3,High,21.0,Rain,1.37,36.12,49.48,,Cancelled by Driver,
RPD101811,CUST2907,DRV497,Pune,Baner,Camp,20/06/2026 06:19,Auto,5.76,13.3,Low,14.0,Clear,1.07,66.84,71.52,upi,COMPLETED,5.0
RPD101995,CUST2049,,Mumbai,Powai,Colaba,09/06/2026 15:11,cab economy,1.11,38.8,Low,23.0,Fog,1.02,28.32,28.89,cash ,Cancelled by Customer,
RPD102933,CUST2385,DRV170,bangalore,Jayanagar,Whitefield,2026-06-23 07:09:00,Auto,4.06,51.0,Very High,26.0,Rain,1.83,51.54,94.32,wallet,COMPLETED,4.7
RPD102825,CUST2179,DRV169,mumbai,Andheri,Borivali,16/07/2026 18:48,Cab Economy,1.72,23.2,Very High,11.0,Cloudy,1.97,35.64,70.21,Cash,Ongoing,
RPD102898,CUST1270,DRV247,Pune,Camp,Hinjewadi,03-Jun-2026 02:07 PM,Cab Economy,7.11,17.2,Low,27.0,Clear,1.0,100.32,100.32,,completed,
RPD102276,CUST3173,DRV554,Bangalore,Whitefield,HSR Layout,2026-06-29 12:53:00,,5.45,81.0,Low,14.0,Fog,1.05,80.4,84.42,Wallet,Completed,5.0
RPD100435,CUST2037,DRV463,BANGALORE,MG Road,Whitefield,2026-06-16 16:27:00,Bike,0.91,25.3,Medium,14.0,Fog,1.14,20.46,23.32,Card,COMPLETED,4.6
RPD104502,CUST3974,DRV149,BANGALORE,MG Road,MG Road,14/06/2026 21:47,cab economy,4.04,16.2,Low,22.0,Clear,1.05,63.48,66.65,Cash,Ongoing,
RPD102824,CUST3563,,Hyderabad,Kukatpally,Hitech City,2026-07-16 10:22:00,Cab Economy,8.6,16.5,Low,25.0,Clear,1.11,118.2,131.2,Cash,Cancelled by Customer,
RPD103756,CUST1887,DRV361,Bangalore,Whitefield,Electronic City,13-Jul-2026 02:34 AM,cab economy,4.39,55.1,Medium,24.0,Fog,1.2,67.68,81.22,upi,Ongoing,
RPD102505,CUST1559,,Pune,Kothrud,Baner,01/07/2026 07:19,Auto,7.27,7.4,Medium,24.0,Clear,1.17,80.43,94.1,upi,Cancelled by Customer,
RPD103212,CUST1197,DRV650,Pune,Hinjewadi,Kothrud,2026-06-13 23:23:00,Cab Premium,0.68,15.9,Low,21.0,Fog,1.06,27.24,28.87,upi,Cancelled by Driver,
RPD104642,CUST2095,DRV657,Bangalore,Koramangala,Koramangala,2026-06-08 02:23:00,bike,12.1,22.1,Low,15.0,,1.0,87.6,Rs. 87.6,Wallet,Ongoing,
RPD104309,CUST2793,,Bangalore,HSR Layout,MG Road,2026-07-11 18:57:00,,4.23,12.8,High,8.0,Heavy Rain,1.37,65.76,90.09,UPI,Cancelled by Customer,
RPD103541,CUST3415,DRV618,Bengaluru,Jayanagar,Indiranagar,2026-06-18 12:20:00,bike,10.2,43.5,Very High,9.0,Heavy Rain,1.91,76.2,145.54,cash ,Completed,3.8
RPD103271,CUST1784,,bangalore,Jayanagar,Jayanagar,2026-06-01 02:18:00,cab economy,1.54,33.5,Medium,18.0,Heavy Rain,1.1,33.48,36.83,UPI,Cancelled by Customer,
RPD101942,CUST1577,DRV150,hyderabad ,Madhapur,Madhapur,07/06/2026 00:56,Cab Premium,1.76,25.0,Medium,14.0,Fog,1.15,46.68,53.68,cash ,completed,4.0
RPD101892,CUST2898,DRV134,Bangalore,Electronic City,Koramangala,05-Jun-2026 06:26 AM,Bike,12.71,47.7,Very High,24.0,Rain,1.97,91.26,179.78,UPI,COMPLETED,4.0
RPD103600,CUST1431,DRV679,hyderabad ,Banjara Hills,Banjara Hills,2026-06-01 12:02:00,Bike,4.36,12.5,Low,19.0,Fog,1.01,41.16,41.57,UPI,COMPLETED,4.6
RPD101266,CUST1587,DRV569,Bangalore,Whitefield,MG Road,2026-06-26 03:56:00,Bike,5.71,18.1,Very High,11.0,Heavy Rain,1.81,49.26,89.16,upi,Ongoing,
RPD104439,CUST3673,DRV373,Bangalore,Indiranagar,Whitefield,02-Jun-2026 07:28 PM,bike,4.55,7.8,High,8.0,Heavy Rain,1.37,42.3,57.95,upi,COMPLETED,3.9
RPD102598,CUST1724,DRV557,Hyderabad,Kukatpally,Madhapur,05/07/2026 16:58,Cab Economy,7.84,10.3,Low,23.0,Fog,1.01,109.08,110.17,Card,COMPLETED,4.6
RPD101411,CUST1630,DRV317,Bangalore,Electronic City,Jayanagar,2026-06-15 10:52:00,Bike,3.42,9.7,Very High,22.0,Rain,1.85,35.52,65.71,wallet,Cancelled by Driver,
RPD101215,CUST1459,DRV572,Hyderabad,Banjara Hills,Banjara Hills,2026-07-01 07:48:00,auto,8.05,48.5,Low,23.0,Cloudy,1.0,87.45,87.45,upi,Cancelled by Driver,
RPD100967,CUST1527,DRV536,hyderabad ,Madhapur,Kukatpally,2026-06-03 11:40:00,Cab Premium,5.72,35.9,Medium,17.0,Cloudy,1.11,117.96,130.94,UPI,COMPLETED,4.0
RPD101231,CUST2369,DRV495,Bengaluru,Whitefield,Indiranagar,2026-07-10 01:45:00,Cab Premium,2.54,10.2,Medium,16.0,Clear,1.16,60.72,70.44,wallet,completed,3.6
RPD104792,CUST3626,,Mumbai,Colaba,Powai,2026-06-19 18:29:00,,2.38,10.6,Very High,13.0,Clear,1.84,43.56,80.15,,Cancelled by Customer,
RPD100606,CUST1498,DRV297,BANGALORE,Whitefield,Koramangala,12/06/2026 21:36,Cab Economy,2.4,12.5,Very High,17.0,Heavy Rain,1.85,43.8,81.03,UPI,COMPLETED,4.4
RPD100105,CUST3629,DRV409,Bangalore,Jayanagar,Jayanagar,02-Jun-2026 02:02 AM,Auto,1.45,14.3,Low,15.0,Fog,1.04,28.05,29.17,,COMPLETED,3.7
RPD100646,CUST3214,DRV438,mumbai,Colaba,Colaba,2026-06-09 02:28:00,bike,0.56,22.6,Low,17.0,Rain,1.0,18.36,18.36,UPI,Ongoing,
RPD104591,CUST1173,DRV783,Bengaluru,Electronic City,Electronic City,08/06/2026 00:08,Bike,5.83,16.2,Low,20.0,Rain,1.03,49.98,51.48,cash ,COMPLETED,3.4
RPD103089,CUST1750,DRV588,bangalore,MG Road,Jayanagar,08-Jun-2026 04:11 PM,auto,999.0,7.3,Low,36.0,Clear,1.0,9006.0,9006.0,upi,Ongoing,
RPD101020,CUST1249,,hyderabad ,Madhapur,Madhapur,07/07/2026 14:22,Cab Economy,1.34,39.3,Medium,27.0,,1.14,31.08,35.43,UPI,Cancelled by Customer,
RPD100092,CUST3144,DRV469,bangalore,Koramangala,Jayanagar,2026-07-02 19:34:00,BIKE,4.44,14.1,Very High,10.0,Heavy Rain,1.91,41.64,79.53,upi,COMPLETED,4.0
RPD102871,CUST2123,DRV316,Bengaluru,Koramangala,Whitefield,02-Jun-2026 12:55 AM,Cab Premium,6.34,22.0,Low,20.0,Fog,1.0,129.12,129.12,cash ,Completed,4.5
RPD100909,CUST3904,,Bengaluru,HSR Layout,MG Road,2026-06-03 11:10:00,auto,2.09,9.9,Low,21.0,Cloudy,1.0,33.81,33.81,Wallet,Cancelled by Customer,
RPD102151,CUST3492,,mumbai,Powai,Colaba,05/07/2026 10:21,auto,3.9,26.8,Very High,24.0,Heavy Rain,1.91,50.1,95.69,,Cancelled by Customer,
RPD100239,CUST1023,DRV438,Mumbai,Dadar,Bandra,14-Jul-2026 02:11 AM,Bike,4.51,21.9,Low,25.0,Cloudy,1.0,42.06,42.06,,Cancelled by Driver,
RPD103141,CUST3128,DRV217,hyderabad ,Banjara Hills,Kukatpally,05/07/2026 03:35,auto,8.2,17.9,Low,11.0,Fog,1.0,88.8,88.8,Wallet,Ongoing,
RPD100943,CUST1651,DRV585,Bengaluru,Indiranagar,Whitefield,2026-06-30 01:42:00,Auto,1.63,35.9,Low,14.0,Heavy Rain,1.0,29.67,29.67,wallet,completed,4.8
RPD101271,CUST3554,DRV400,mumbai,Borivali,Dadar,10-Jun-2026 04:17 AM,cab economy,2.46,14.0,Low,17.0,Cloudy,1.0,44.52,44.52,,Cancelled by Driver,
RPD100939,CUST1878,DRV323,bangalore,Koramangala,Electronic City,09-Jun-2026 07:26 AM,bike,1.12,8.0,Low,11.0,Clear,1.0,21.72,21.72,Wallet,completed,4.3
RPD103230,CUST2683,DRV797,Pune,Kothrud,Baner,2026-07-08 13:05:00,cab economy,4.83,10.5,Medium,22.0,Clear,1.13,72.96,82.44,Card,Ongoing,
RPD103552,CUST3224,DRV554,Hyderabad,Gachibowli,Gachibowli,2026-07-02 03:19:00,,2.0,12.7,Very High,26.0,Heavy Rain,1.86,39.0,72.54,Cash,COMPLETED,4.4
RPD101863,CUST1894,DRV311,Pune,Kothrud,Camp,2026-06-15 07:22:00,,1.22,5.5,Medium,25.0,Clear,1.08,29.64,32.01,,Cancelled by Driver,
RPD101670,CUST2527,DRV457,Bengaluru,Whitefield,Whitefield,2026-07-12 23:40:00,Cab Economy,3.13,34.2,Medium,15.0,Cloudy,1.16,52.56,60.97,UPI,completed,4.6
RPD100006,CUST3021,DRV193,Hyderabad,Kukatpally,Kukatpally,2026-06-10 08:08:00,Cab Premium,1.33,29.3,Very High,9.0,Fog,1.94,38.94,75.54,UPI,Ongoing,
RPD104344,CUST3098,,hyderabad ,Kukatpally,Kukatpally,2026-06-25 15:33:00,auto,5.55,31.7,Medium,27.0,,1.13,64.95,73.39,Card,Cancelled by Customer,
RPD103944,CUST1073,DRV306,Mumbai,Bandra,Andheri,17-Jun-2026 10:32 PM,,8.09,39.2,Low,12.0,Cloudy,1.02,112.08,114.32,upi,Ongoing,
RPD103014,CUST1699,DRV413,Bangalore,Electronic City,MG Road,06-Jun-2026 09:47 PM,Auto,6.14,7.2,Very High,21.0,Rain,1.87,70.26,Rs. 131.39,Card,COMPLETED,4.1
RPD100019,CUST2734,DRV383,bangalore,Indiranagar,Whitefield,08/06/2026 03:47,Cab Economy,2.23,24.6,Low,28.0,Rain,1.0,41.76,41.76,UPI,Completed,4.5
RPD101971,CUST3345,DRV364,Mumbai,Borivali,Colaba,2026-06-07 02:44:00,Cab Economy,7.35,31.4,Medium,20.0,,1.16,103.2,119.71,Cash,Cancelled by Driver,
RPD102710,CUST2590,DRV245,Bengaluru,Koramangala,Jayanagar,22/06/2026 21:12,auto,1.44,44.4,Low,20.0,,1.0,27.96,27.96,UPI,COMPLETED,4.9
RPD102233,CUST1453,DRV728,Hyderabad,Kukatpally,Kukatpally,2026-06-30 07:54:00,auto,2.2,33.9,Very High,29.0,Heavy Rain,1.89,34.8,65.77,Wallet,Ongoing,
RPD100812,CUST1627,DRV565,Bangalore,MG Road,Jayanagar,2026-07-01 18:41:00,Auto,4.39,13.7,Very High,12.0,,1.91,54.51,104.11,Wallet,COMPLETED,3.9
RPD101301,CUST3329,DRV662,Mumbai,Powai,Colaba,2026-06-26 18:35:00,Cab Premium,3.61,18.7,High,15.0,Fog,4.96,79.98,396.7,UPI,completed,4.6
RPD104993,CUST3864,DRV557,Mumbai,Borivali,Bandra,2026-07-04 12:26:00,Bike,0.63,17.7,Very High,21.0,Rain,1.92,18.78,36.06,UPI,completed,4.9
RPD100261,CUST3367,DRV635,Pune,Viman Nagar,Camp,2026-07-15 18:06:00,bike,7.15,5.3,Very High,14.0,Heavy Rain,1.87,57.9,,upi,COMPLETED,4.8
RPD101805,CUST1199,,bangalore,MG Road,Koramangala,16/06/2026 23:53,BIKE,5.93,10.8,Low,13.0,Cloudy,1.0,50.58,50.58,cash ,Cancelled by Customer,
RPD101571,CUST3646,DRV486,Hyderabad,Hitech City,Kukatpally,12-Jul-2026 09:22 AM,bike,5.79,10.4,Very High,1.0,Heavy Rain,1.85,49.74,92.02,cash ,completed,
RPD104281,CUST3555,DRV131,Bengaluru,Koramangala,Whitefield,13/06/2026 21:55,BIKE,8.54,20.5,Medium,31.0,Clear,1.15,66.24,76.18,Card,COMPLETED,4.8
RPD102455,CUST2475,DRV259,Hyderabad,Banjara Hills,Kukatpally,16/06/2026 07:17,cab economy,1.66,9.8,Very High,17.0,Rain,1.87,34.92,65.3,Wallet,Ongoing,
RPD101744,CUST3157,,bangalore,MG Road,Whitefield,23/06/2026 09:38,auto,1.55,20.8,High,0.0,Cloudy,1.36,28.95,39.37,wallet,Cancelled by Customer,
RPD101631,CUST1336,DRV650,Bengaluru,Whitefield,Electronic City,2026-06-17 09:06:00,BIKE,5.25,15.7,Very High,6.0,,1.9,46.5,88.35,wallet,Cancelled by Driver,
RPD101717,CUST2843,DRV103,Bangalore,Electronic City,Indiranagar,2026-06-23 02:36:00,,1.21,11.2,Low,20.0,,1.0,29.52,29.52,Card,completed,4.5
RPD100521,CUST1029,DRV484,Mumbai,Andheri,Powai,2026-06-02 18:15:00,Bike,1.74,9.3,Very High,3.0,Heavy Rain,4.96,25.44,126.18,Card,Ongoing,
RPD103938,CUST3530,DRV209,Hyderabad,Madhapur,Banjara Hills,2026-07-15 06:29:00,bike,2.69,19.8,Low,26.0,,1.0,31.14,31.14,upi,COMPLETED,5.0
RPD103483,CUST1081,DRV798,bangalore,Jayanagar,Koramangala,04-Jul-2026 10:24 PM,bike,6.92,25.8,Medium,19.0,Fog,1.1,56.52,62.17,Wallet,Cancelled by Driver,
RPD101659,CUST2228,DRV666,hyderabad ,Hitech City,Madhapur,2026-07-11 16:49:00,bike,2.58,15.0,Medium,13.0,,1.11,30.48,33.83,UPI,completed,5.0
RPD103473,CUST2038,DRV151,Mumbai,Colaba,Colaba,2026-06-29 02:44:00,Auto,4.05,21.3,Medium,13.0,,1.09,51.45,56.08,Card,completed,4.5
RPD102476,CUST2844,DRV262,mumbai,Powai,Andheri,2026-06-28 10:53:00,Auto,3.32,29.2,Low,19.0,Cloudy,1.0,44.88,44.88,UPI,Completed,5.0
RPD103949,CUST1042,DRV100,Mumbai,Borivali,Andheri,01-Jun-2026 10:30 PM,,2.37,12.2,Low,30.0,Fog,1.05,43.44,45.61,Card,COMPLETED,5.0
RPD103935,CUST1629,DRV358,Bangalore,Koramangala,Koramangala,2026-07-07 01:24:00,Cab Economy,2.62,24.8,Low,13.0,Rain,1.0,46.44,46.44,Card,completed,4.2
RPD103646,CUST2579,,Mumbai,Andheri,Borivali,30-Jun-2026 06:44 PM,auto,0.5,21.9,Very High,9.0,Clear,1.83,19.5,35.69,upi,Cancelled by Customer,
RPD100764,CUST3547,DRV428,Pune,Kothrud,Kothrud,04-Jul-2026 04:47 AM,bike,7.11,17.7,Very High,23.0,Rain,1.87,57.66,107.82,UPI,Cancelled by Driver,
RPD104704,CUST1759,DRV745,Bengaluru,Koramangala,MG Road,2026-06-13 02:13:00,,5.95,19.2,Medium,23.0,Heavy Rain,1.18,86.4,101.95,wallet,Completed,4.1
RPD104327,CUST3560,DRV296,BANGALORE,HSR Layout,Whitefield,2026-07-10 19:05:00,cab economy,2.74,23.9,Very High,1.0,,1.93,47.88,Rs. 92.41,cash ,Completed,4.8
RPD104428,CUST2689,,Bengaluru,HSR Layout,MG Road,2026-06-03 11:44:00,cab economy,1.95,4.1,Very High,15.0,Rain,1.91,38.4,73.34,Cash,Cancelled by Customer,
RPD101092,CUST3690,DRV188,Bangalore,Jayanagar,Whitefield,06-Jul-2026 08:44 PM,Cab Economy,4.02,22.1,Very High,12.0,Clear,1.9,63.24,120.16,Wallet,Completed,4.1
RPD103609,CUST1530,DRV372,Bangalore,MG Road,Electronic City,01-Jul-2026 01:04 AM,cab economy,3.45,6.6,Low,23.0,Clear,1.0,56.4,56.4,wallet,completed,4.6
RPD101102,CUST1323,DRV427,Bangalore,Koramangala,MG Road,09-Jun-2026 05:28 AM,Cab Economy,1.64,4.3,Low,16.0,Clear,1.07,34.68,37.11,upi,COMPLETED,4.1
RPD104558,CUST2178,DRV296,bangalore,Indiranagar,MG Road,03/06/2026 02:54,,6.7,9.8,Very High,1.0,Rain,1.97,95.4,187.94,wallet,Completed,4.7
RPD100959,CUST2128,DRV439,Mumbai,Dadar,Powai,19-Jun-2026 04:36 PM,Bike,15.16,18.3,Low,17.0,Rain,1.01,105.96,107.02,Cash,completed,5.0
RPD100560,CUST2480,DRV703,Mumbai,Dadar,Powai,2026-07-09 03:27:00,auto,11.59,7.9,Medium,24.0,Clear,1.14,119.31,Rs. 136.01,Wallet,completed,3.6
RPD101520,CUST3372,DRV633,bangalore,Koramangala,Whitefield,04-Jul-2026 12:27 PM,bike,6.42,10.0,Low,15.0,Fog,1.03,53.52,55.13,cash ,Cancelled by Driver,
RPD104991,CUST3076,DRV225,hyderabad ,Madhapur,Madhapur,09-Jun-2026 11:32 AM,Bike,1.57,37.7,Medium,20.0,,1.13,24.42,27.59,upi,Cancelled by Driver,
RPD102485,CUST2258,DRV484,Bengaluru,Jayanagar,Jayanagar,07/06/2026 20:02,BIKE,3.26,38.7,Very High,4.0,,1.88,34.56,64.97,upi,Completed,4.5
RPD100367,CUST3427,,mumbai,Colaba,Dadar,2026-06-03 03:47:00,Bike,3.11,21.8,Low,18.0,Cloudy,1.05,33.66,35.34,Wallet,Cancelled by Customer,
RPD103902,CUST1582,DRV569,hyderabad ,Kukatpally,Banjara Hills,04-Jul-2026 10:16 PM,Auto,7.09,4.8,Low,18.0,Fog,1.0,78.81,78.81,cash ,Ongoing,
RPD101949,CUST1183,DRV261,Mumbai,Dadar,Colaba,09/07/2026 20:50,Cab Premium,3.04,33.1,Very High,9.0,Heavy Rain,1.9,69.72,132.47,upi,Cancelled by Driver,
RPD104166,CUST3098,DRV725,Mumbai,Dadar,Andheri,04/06/2026 23:29,cab economy,0.5,17.1,Low,22.0,Fog,1.0,21.0,21.0,Cash,Cancelled by Driver,
RPD101573,CUST3723,DRV235,Bengaluru,Whitefield,HSR Layout,14/07/2026 22:29,BIKE,3.73,13.4,Low,18.0,Rain,1.0,37.38,37.38,,completed,5.0
RPD100809,CUST1260,DRV330,Bangalore,Electronic City,Koramangala,10-Jun-2026 10:55 AM,Auto,2.88,38.6,Low,24.0,,1.06,40.92,43.38,Cash,Ongoing,
RPD103233,CUST1689,DRV122,Hyderabad,Madhapur,Madhapur,2026-07-16 11:55:00,Auto,1.64,10.2,Low,20.0,Fog,1.04,29.76,30.95,upi,COMPLETED,4.0
RPD103947,CUST3822,DRV404,BANGALORE,MG Road,MG Road,2026-06-30 10:19:00,Bike,2.75,11.1,Low,21.0,Heavy Rain,1.09,31.5,34.34,,Cancelled by Driver,
RPD100012,CUST2451,,Mumbai,Borivali,Dadar,14/06/2026 17:08,Auto,4.57,15.4,Low,18.0,Cloudy,1.0,56.13,56.13,wallet,Cancelled by Customer,
RPD102026,CUST1916,DRV424,bangalore,Jayanagar,Whitefield,2026-06-09 01:15:00,,3.08,18.4,Medium,28.0,Heavy Rain,1.18,51.96,61.31,Wallet,COMPLETED,4.7
RPD100177,CUST1282,DRV576,Bengaluru,Whitefield,Indiranagar,2026-06-27 23:20:00,,1.22,20.3,Low,30.0,,1.0,29.64,29.64,Card,Completed,4.1
RPD102489,CUST1185,DRV429,hyderabad ,Madhapur,Kukatpally,06-Jul-2026 12:41 AM,cab economy,2.25,19.2,Low,13.0,Cloudy,1.0,42.0,42.0,cash ,completed,3.6
RPD103887,CUST2464,,bangalore,MG Road,HSR Layout,08-Jun-2026 01:58 PM,Cab Economy,3.52,6.9,Low,17.0,Cloudy,1.04,57.24,Rs. 59.53,Wallet,Cancelled by Customer,
RPD102570,CUST1674,DRV333,mumbai,Powai,Colaba,11-Jul-2026 05:31 PM,Bike,5.34,18.9,Low,13.0,Heavy Rain,1.08,47.04,50.8,UPI,Ongoing,
RPD103521,CUST1809,DRV340,Mumbai,Colaba,Bandra,2026-07-05 04:49:00,Bike,1.01,17.4,Medium,29.0,,1.12,21.06,23.59,wallet,Ongoing,
RPD103761,CUST1960,,mumbai,Andheri,Powai,2026-07-05 03:55:00,Cab Premium,4.0,10.3,Low,28.0,Fog,1.09,87.0,94.83,,Cancelled by Customer,
RPD103283,CUST2472,DRV493,Hyderabad,Banjara Hills,Kukatpally,09/07/2026 19:45,auto,-5.44,19.7,Very High,4.0,Clear,1.81,15.9,28.78,wallet,Ongoing,
RPD101665,CUST2759,DRV382,hyderabad ,Hitech City,Kukatpally,2026-07-01 11:23:00,auto,1.51,6.9,Medium,9.0,Clear,1.1,28.59,31.45,Cash,completed,5.0
RPD102192,CUST1392,DRV441,bangalore,MG Road,Jayanagar,06/06/2026 12:28,cab economy,2.77,15.2,Low,23.0,,1.0,48.24,48.24,cash ,Completed,3.7
,,,,,,,,,,,,,,,,,,
RPD103371,CUST3967,DRV684,hyderabad ,Gachibowli,Kukatpally,2026-06-26 09:42:00,Cab Economy,4.28,18.5,Very High,1.0,Heavy Rain,1.85,66.36,122.77,upi,Cancelled by Driver,
RPD102661,CUST2775,DRV110,hyderabad ,Madhapur,Madhapur,2026-06-18 07:35:00,Cab Economy,2.19,20.7,Medium,27.0,Cloudy,1.22,41.28,50.36,UPI,Cancelled by Driver,
RPD104253,CUST2673,DRV138,bangalore,Koramangala,Electronic City,2026-06-13 01:06:00,BIKE,8.3,38.7,Medium,26.0,Cloudy,1.25,64.8,Rs. 81.0,wallet,Cancelled by Driver,
RPD103579,CUST3738,,Pune,Baner,Camp,03-Jun-2026 03:14 PM,Bike,6.55,27.3,Medium,19.0,Clear,1.17,54.3,63.53,UPI,Cancelled by Customer,
RPD102047,CUST3848,,mumbai,Dadar,Borivali,12-Jul-2026 11:38 PM,cab economy,6.22,7.6,Low,24.0,Cloudy,1.04,89.64,93.23,upi,Cancelled by Customer,
RPD102625,CUST1297,DRV701,Mumbai,Powai,Bandra,2026-07-02 04:49:00,cab economy,2.59,12.6,Medium,25.0,Cloudy,1.21,46.08,55.76,upi,completed,4.1
RPD103411,CUST3588,DRV510,Pune,Camp,Viman Nagar,14-Jul-2026 02:24 PM,,9.61,6.2,Low,21.0,Clear,1.0,130.32,130.32,Cash,Ongoing,
RPD101186,CUST3204,DRV257,BANGALORE,Koramangala,Jayanagar,12-Jul-2026 02:11 AM,bike,6.99,39.9,Low,15.0,Heavy Rain,1.0,56.94,56.94,wallet,Cancelled by Driver,
RPD101007,CUST1025,DRV140,mumbai,Powai,Borivali,10/07/2026 09:11,bike,3.13,11.3,High,11.0,Clear,1.38,33.78,46.62,UPI,completed,4.5
RPD103570,CUST1166,DRV657,Hyderabad,Madhapur,Gachibowli,08/07/2026 07:54,bike,4.76,13.7,Low,13.0,Cloudy,1.0,43.56,43.56,,COMPLETED,4.6
RPD103738,CUST1387,DRV122,Hyderabad,Hitech City,Hitech City,21-Jun-2026 09:10 PM,auto,1.27,27.7,Very High,22.0,Heavy Rain,1.91,26.43,50.48,cash ,completed,3.8
RPD104657,CUST1903,DRV502,mumbai,Dadar,Andheri,2026-06-24 14:31:00,Auto,4.02,12.2,Medium,24.0,Cloudy,1.2,51.18,61.42,upi,COMPLETED,4.8
RPD102050,CUST1147,DRV182,mumbai,Colaba,Colaba,13/07/2026 21:21,Cab Economy,13.03,15.6,Low,9.0,Cloudy,1.0,171.36,171.36,cash ,completed,4.4
RPD104012,CUST3906,DRV246,Mumbai,Borivali,Andheri,30/06/2026 07:01,bike,6.56,20.7,Low,23.0,,1.04,54.36,56.53,Card,Ongoing,
RPD100270,CUST2102,DRV287,hyderabad ,Madhapur,Hitech City,2026-07-15 08:15:00,Cab Economy,2.57,32.2,High,18.0,Clear,1.45,45.84,66.47,cash ,completed,4.1
RPD101994,CUST3826,DRV794,Hyderabad,Madhapur,Banjara Hills,2026-07-03 06:51:00,Cab Economy,3.7,20.0,Low,19.0,Cloudy,1.0,59.4,59.4,UPI,Cancelled by Driver,
RPD100266,CUST2446,,Bengaluru,Koramangala,Jayanagar,09/07/2026 16:33,Cab Economy,3.4,8.8,Low,18.0,Rain,1.0,55.8,55.8,wallet,Cancelled by Customer,
RPD100915,CUST3716,DRV152,Bangalore,HSR Layout,Koramangala,05-Jun-2026 08:34 AM,,3.25,19.8,Very High,12.0,,1.88,54.0,101.52,,Ongoing,
RPD102279,CUST3681,,Bengaluru,HSR Layout,Whitefield,12/06/2026 11:28,,2.52,13.2,Low,24.0,Fog,1.0,45.24,45.24,UPI,Cancelled by Customer,
RPD102232,CUST2988,,Bangalore,MG Road,Electronic City,2026-06-13 02:14:00,BIKE,1.32,6.7,Low,24.0,,1.0,22.92,22.92,wallet,Cancelled by Customer,
RPD100291,CUST2325,DRV579,Hyderabad,Gachibowli,Hitech City,15/07/2026 12:22,cab economy,0.94,4.7,Medium,8.0,Fog,1.16,26.28,30.48,Card,completed,4.5
RPD102913,CUST3377,DRV370,mumbai,Andheri,Dadar,07/07/2026 12:58,Cab Economy,9.88,11.0,Medium,23.0,Fog,1.09,133.56,145.58,upi,completed,3.8
RPD102094,CUST1332,,Bengaluru,Electronic City,Koramangala,2026-07-05 20:20:00,Cab Economy,2.05,16.3,Very High,0.0,Heavy Rain,1.88,39.6,74.45,Wallet,Cancelled by Customer,
RPD104572,CUST2565,DRV785,Bengaluru,HSR Layout,Jayanagar,14-Jul-2026 02:42 PM,cab economy,8.5,17.1,Low,19.0,Fog,1.0,117.0,117.0,Cash,completed,4.9
RPD101653,CUST2635,DRV385,mumbai,Bandra,Andheri,2026-06-28 16:32:00,Cab Premium,1.38,8.8,Low,27.0,Cloudy,1.01,39.84,40.24,Wallet,Ongoing,
RPD104142,CUST2159,,hyderabad ,Madhapur,Gachibowli,2026-06-28 17:46:00,Cab Economy,5.74,20.5,Medium,5.0,,1.13,83.88,94.78,Card,Cancelled by Customer,
RPD104258,CUST3135,DRV124,Pune,Viman Nagar,Kothrud,08-Jun-2026 12:54 PM,auto,5.33,23.9,Low,24.0,Fog,1.0,62.97,62.97,upi,Cancelled by Driver,
RPD103040,CUST2985,DRV120,mumbai,Andheri,Colaba,2026-06-25 08:49:00,Cab Economy,4.56,11.6,High,0.0,Fog,1.38,69.72,96.21,Cash,Completed,4.7
RPD102678,CUST1416,DRV729,Mumbai,Bandra,Dadar,2026-06-17 02:40:00,Bike,3.91,23.8,Low,24.0,Fog,1.01,38.46,38.84,,Completed,5.0
RPD100289,CUST3829,DRV586,mumbai,Andheri,Borivali,14/06/2026 03:15,auto,7.59,11.3,Medium,16.0,Fog,1.17,83.31,,Cash,Completed,5.0
RPD103108,CUST1840,DRV118,Hyderabad,Madhapur,Banjara Hills,19/06/2026 10:30,Auto,6.3,22.8,Low,25.0,Clear,1.0,71.7,71.7,upi,Cancelled by Driver,
RPD104378,CUST3603,,hyderabad ,Kukatpally,Gachibowli,23/06/2026 20:25,Cab Premium,1.68,23.9,High,12.0,Fog,1.44,45.24,65.15,Wallet,Cancelled by Customer,
RPD100576,CUST3186,DRV604,mumbai,Powai,Dadar,28-Jun-2026 03:44 PM,BIKE,2.38,3.8,Low,31.0,,1.0,29.28,29.28,cash ,Ongoing,
RPD100851,CUST1143,DRV222,Bangalore,Whitefield,HSR Layout,25-Jun-2026 11:36 PM,Auto,9.26,7.4,Medium,31.0,Cloudy,1.1,98.34,108.17,Card,COMPLETED,
RPD103884,CUST1911,,hyderabad ,Madhapur,Banjara Hills,25-Jun-2026 05:15 AM,Cab Premium,4.62,23.8,Medium,19.0,Heavy Rain,1.17,98.16,114.85,UPI,Cancelled by Customer,
RPD101723,CUST3842,DRV241,Bangalore,MG Road,Koramangala,2026-06-04 18:18:00,cab economy,1.83,20.5,Very High,0.0,Rain,1.86,36.96,68.75,Cash,COMPLETED,5.0
RPD103950,CUST2414,DRV305,mumbai,Powai,Powai,2026-07-02 19:18:00,Auto,3.38,7.3,Very High,14.0,Cloudy,1.89,45.42,85.84,,COMPLETED,3.3
RPD101101,CUST2097,DRV185,BANGALORE,Whitefield,Jayanagar,19/06/2026 22:28,BIKE,2.39,7.3,Medium,14.0,,1.12,29.34,32.86,Cash,completed,4.8
RPD101208,CUST3438,DRV144,Pune,Hinjewadi,Hinjewadi,2026-06-08 20:48:00,Bike,4.91,19.0,Very High,3.0,Rain,1.88,44.46,83.58,wallet,Ongoing,
RPD101844,CUST3538,,BANGALORE,Koramangala,Whitefield,2026-06-28 02:29:00,auto,0.5,10.8,Low,17.0,Heavy Rain,1.0,19.5,19.5,,Cancelled by Customer,
RPD101849,CUST1858,DRV656,Hyderabad,Hitech City,Madhapur,2026-06-27 20:41:00,Cab Economy,14.02,27.9,Very High,18.0,Cloudy,1.81,183.24,331.66,UPI,completed,4.2
RPD102525,CUST2999,DRV234,Hyderabad,Kukatpally,Madhapur,2026-06-17 05:32:00,bike,5.03,23.4,Low,12.0,Fog,1.0,45.18,45.18,upi,Completed,5.0
RPD103948,CUST3391,DRV728,mumbai,Powai,Bandra,12-Jun-2026 09:07 AM,Bike,5.97,14.9,High,9.0,Cloudy,1.37,50.82,69.62,upi,Cancelled by Driver,
RPD101695,CUST3419,DRV428,hyderabad ,Kukatpally,Hitech City,2026-07-07 09:04:00,Bike,3.99,27.5,Very High,0.0,Heavy Rain,1.83,38.94,71.26,cash ,COMPLETED,5.0
RPD104182,CUST2277,,Hyderabad,Madhapur,Hitech City,13-Jun-2026 09:36 AM,Auto,2.12,20.5,High,17.0,,1.43,34.08,48.73,UPI,Cancelled by Customer,
RPD104566,CUST1782,,hyderabad ,Kukatpally,Hitech City,2026-06-07 22:54:00,Bike,0.89,29.4,Very High,12.0,Rain,1.85,20.34,Rs. 37.63,,Cancelled by Customer,
RPD103961,CUST3092,DRV104,Pune,Hinjewadi,Camp,2026-07-11 09:45:00,,5.68,3.0,Very High,1.0,,1.87,83.16,155.51,Cash,completed,4.7
RPD100234,CUST3873,DRV660,mumbai,Colaba,Dadar,27/06/2026 19:58,Cab Economy,5.82,15.4,Very High,13.0,Heavy Rain,1.93,84.84,163.74,Wallet,COMPLETED,5.0
RPD103333,CUST2986,DRV183,bangalore,Whitefield,Whitefield,13-Jul-2026 05:51 AM,Cab Economy,5.16,35.7,Low,25.0,,1.0,76.92,76.92,Card,Cancelled by Driver,
RPD102648,CUST2252,DRV353,Mumbai,Borivali,Dadar,2026-07-01 12:16:00,Cab Economy,5.81,9.0,Medium,5.0,Clear,1.15,84.72,97.43,Cash,COMPLETED,4.4
RPD104042,CUST2946,DRV237,Bengaluru,HSR Layout,Indiranagar,14-Jul-2026 08:11 AM,Cab Economy,4.69,17.7,High,8.0,Rain,1.31,71.28,93.38,wallet,Completed,4.6
RPD101712,CUST3537,,bangalore,Indiranagar,Koramangala,10/06/2026 21:10,cab economy,999.0,37.4,Very High,20.0,Heavy Rain,1.78,12003.0,21365.34,Cash,Cancelled by Customer,
RPD100183,CUST1712,DRV131,bangalore,Indiranagar,Jayanagar,14/07/2026 09:52,Cab Economy,3.7,10.9,Very High,9.0,Rain,1.82,59.4,108.11,wallet,COMPLETED,4.7
RPD101463,CUST2138,DRV247,Pune,Viman Nagar,Camp,14-Jun-2026 03:08 AM,Auto,1.45,7.2,Medium,18.0,Fog,1.25,28.05,35.06,Cash,completed,4.4
RPD100050,CUST3860,,hyderabad ,Hitech City,Madhapur,2026-06-30 13:03:00,cab economy,4.97,12.1,Medium,11.0,Clear,1.08,74.64,80.61,,Cancelled by Customer,
RPD105000,CUST3435,DRV435,mumbai,Bandra,Powai,04/07/2026 07:19,auto,5.26,36.5,Very High,22.0,Heavy Rain,1.84,62.34,114.71,wallet,COMPLETED,3.8
RPD104583,CUST2400,DRV505,bangalore,Koramangala,Koramangala,06-Jul-2026 05:56 PM,Cab Economy,6.54,10.0,Low,24.0,Clear,1.04,93.48,97.22,upi,COMPLETED,3.9
RPD100107,CUST1654,DRV435,mumbai,Colaba,Colaba,2026-06-07 10:15:00,bike,3.32,29.4,Low,28.0,Clear,1.11,34.92,38.76,Wallet,completed,4.9
RPD100444,CUST1466,DRV732,bangalore,Jayanagar,HSR Layout,2026-07-02 09:15:00,auto,1.02,12.9,High,16.0,Heavy Rain,1.35,24.18,32.64,cash ,Completed,3.4
RPD101955,CUST2481,DRV616,Bangalore,Koramangala,Jayanagar,2026-07-14 18:24:00,Cab Economy,4.75,16.4,Very High,8.0,Cloudy,1.9,72.0,136.8,,completed,4.5
RPD104743,CUST2054,,Pune,Camp,Camp,2026-06-08 19:22:00,Cab Premium,3.88,18.8,High,11.0,,1.42,84.84,120.47,upi,Cancelled by Customer,
RPD100727,CUST3010,DRV340,mumbai,Dadar,Borivali,30/06/2026 00:09,Cab Premium,3.34,4.1,Low,18.0,Cloudy,1.06,75.12,Rs. 79.63,wallet,Ongoing,
RPD102239,CUST2029,,Mumbai,Colaba,Powai,06/06/2026 12:43,auto,6.21,10.0,Low,23.0,Heavy Rain,1.03,70.89,73.02,Wallet,Cancelled by Customer,
RPD102331,CUST2855,DRV329,Bengaluru,MG Road,Indiranagar,03-Jul-2026 11:27 PM,Cab Economy,9.4,49.1,Medium,37.0,Fog,1.11,127.8,141.86,Cash,Completed,3.0
RPD104126,CUST2155,DRV445,Hyderabad,Hitech City,Banjara Hills,2026-06-24 10:24:00,auto,3.32,18.4,Low,30.0,Cloudy,1.03,44.88,46.23,,COMPLETED,5.0
RPD100170,CUST1980,DRV606,hyderabad ,Madhapur,Madhapur,09-Jul-2026 09:49 AM,auto,15.97,10.2,Very High,5.0,Rain,1.9,158.73,301.59,wallet,Completed,3.8
RPD101002,CUST2858,DRV210,Hyderabad,Madhapur,Kukatpally,11/06/2026 01:12,auto,9.33,16.9,Low,26.0,Clear,1.0,98.97,98.97,Wallet,Completed,4.2
RPD103253,CUST2598,DRV694,Hyderabad,Gachibowli,Banjara Hills,2026-07-14 20:13:00,bike,4.96,20.7,Very High,15.0,Rain,1.8,44.76,80.57,Card,COMPLETED,5.0
RPD102149,CUST1359,DRV363,Bengaluru,MG Road,Electronic City,2026-06-28 21:17:00,auto,1.03,16.5,Medium,17.0,Cloudy,1.17,24.27,28.4,cash ,completed,5.0
RPD100198,CUST3707,,Mumbai,Borivali,Borivali,2026-07-09 15:12:00,bike,1.27,14.0,Medium,18.0,Cloudy,1.18,22.62,26.69,Card,Cancelled by Customer,
RPD104592,CUST1516,DRV154,bangalore,Electronic City,Koramangala,05/07/2026 10:29,,14.6,7.0,Low,22.0,Heavy Rain,1.06,190.2,201.61,,Cancelled by Driver,
RPD103794,CUST1922,DRV203,Bangalore,Jayanagar,MG Road,07/06/2026 21:18,auto,8.66,10.9,Medium,24.0,Rain,1.16,92.94,107.81,,Cancelled by Driver,
RPD100648,CUST2350,DRV779,Bangalore,Electronic City,MG Road,08-Jun-2026 06:30 PM,Bike,0.85,29.3,Very High,15.0,Heavy Rain,1.99,20.1,40.0,UPI,completed,5.0
RPD103036,CUST2547,DRV196,Hyderabad,Banjara Hills,Hitech City,2026-06-01 19:44:00,Cab Economy,5.63,20.0,Very High,0.0,,1.89,82.56,156.04,UPI,Completed,4.7
RPD104141,CUST3852,DRV112,hyderabad ,Gachibowli,Gachibowli,2026-07-11 16:56:00,BIKE,1.64,18.3,Low,12.0,Fog,1.06,24.84,26.33,UPI,Completed,4.5
RPD103734,CUST2509,,Hyderabad,Kukatpally,Gachibowli,08/06/2026 00:46,cab economy,8.01,18.3,Very High,21.0,Rain,1.86,111.12,206.68,Card,Cancelled by Customer,
RPD102759,CUST2871,DRV121,hyderabad ,Madhapur,Kukatpally,23-Jun-2026 11:34 PM,BIKE,8.96,15.7,Low,17.0,Clear,1.0,68.76,68.76,upi,Cancelled by Driver,
RPD100374,CUST1224,DRV627,bangalore,HSR Layout,MG Road,2026-06-22 16:02:00,,8.25,35.1,Medium,27.0,Fog,1.16,114.0,132.24,Wallet,Cancelled by Driver,
RPD104775,CUST2386,DRV196,Mumbai,Powai,Bandra,2026-07-12 02:45:00,Bike,999.0,9.2,Very High,25.0,Heavy Rain,1.86,6009.0,11176.74,,COMPLETED,4.7
RPD100567,CUST1435,DRV491,Bangalore,MG Road,Jayanagar,01/06/2026 11:14,Bike,6.86,14.5,Medium,23.0,Fog,1.13,56.16,63.46,Card,Ongoing,
RPD103721,CUST3307,DRV175,Hyderabad,Gachibowli,Gachibowli,2026-06-01 02:26:00,cab economy,2.72,6.9,Low,30.0,Cloudy,1.0,47.64,47.64,wallet,Cancelled by Driver,
RPD102896,CUST2842,DRV288,BANGALORE,HSR Layout,HSR Layout,2026-06-02 21:08:00,Cab Premium,4.84,11.5,Low,31.0,Fog,1.0,102.12,102.12,Wallet,Ongoing,
RPD104557,CUST1806,DRV345,Hyderabad,Banjara Hills,Gachibowli,2026-06-10 10:31:00,Bike,0.92,11.8,Low,18.0,Heavy Rain,1.0,20.52,20.52,Cash,completed,4.1
RPD103486,CUST3987,DRV455,bangalore,Whitefield,Whitefield,15/06/2026 19:18,BIKE,-4.19,37.9,Very High,12.0,Clear,1.93,15.6,30.11,Card,Cancelled by Driver,
RPD101156,CUST3600,DRV679,Pune,Kothrud,Viman Nagar,2026-06-21 22:14:00,auto,2.87,46.6,Low,19.0,Fog,1.07,40.83,43.69,Wallet,Completed,4.2
RPD104136,CUST3539,DRV479,mumbai,Bandra,Andheri,15/07/2026 18:59,Auto,2.83,10.9,Very High,11.0,Cloudy,4.97,40.47,201.14,Wallet,Ongoing,
RPD100974,CUST1634,,BANGALORE,Indiranagar,Koramangala,12-Jun-2026 07:18 AM,,7.23,27.0,Low,22.0,Clear,1.0,101.76,101.76,wallet,Cancelled by Customer,
RPD103288,CUST2812,DRV618,Bangalore,Electronic City,Electronic City,23-Jun-2026 07:18 AM,bike,8.01,4.6,Low,27.0,Fog,1.0,63.06,63.06,cash ,completed,4.0
RPD103628,CUST2797,DRV623,mumbai,Dadar,Dadar,2026-06-05 03:49:00,bike,2.29,11.4,Low,19.0,Cloudy,1.07,28.74,30.75,,COMPLETED,4.7
RPD103639,CUST1820,DRV151,Mumbai,Borivali,Powai,19-Jun-2026 02:56 AM,bike,5.06,11.5,Very High,16.0,Heavy Rain,1.91,45.36,86.64,UPI,completed,4.6
RPD101836,CUST1768,DRV344,BANGALORE,Koramangala,Whitefield,2026-06-06 12:18:00,auto,8.52,14.9,Medium,21.0,Clear,1.23,91.68,112.77,,Completed,5.0
RPD102309,CUST1404,DRV537,Bangalore,Indiranagar,HSR Layout,2026-07-09 22:21:00,Cab Premium,2.47,29.5,Medium,8.0,Cloudy,1.16,59.46,68.97,cash ,completed,4.9
RPD101841,CUST3178,DRV108,Bengaluru,Jayanagar,Indiranagar,05-Jun-2026 07:22 AM,Auto,2.78,4.8,Medium,15.0,Clear,1.15,40.02,46.02,UPI,COMPLETED,4.1
RPD104924,CUST3434,DRV371,Hyderabad,Gachibowli,Madhapur,10-Jul-2026 12:51 PM,Cab Premium,5.13,32.6,Medium,17.0,,1.15,107.34,123.44,upi,Completed,4.0
RPD102045,CUST2663,DRV782,Bengaluru,HSR Layout,Jayanagar,2026-06-01 18:41:00,,2.97,20.2,High,0.0,Clear,1.42,50.64,71.91,Cash,completed,4.8
RPD104406,CUST1172,DRV474,mumbai,Dadar,Bandra,2026-06-08 06:01:00,Auto,5.32,13.1,Low,13.0,Cloudy,1.0,62.88,62.88,cash ,Cancelled by Driver,
RPD104373,CUST2242,DRV735,mumbai,Andheri,Andheri,04-Jul-2026 11:24 PM,BIKE,4.09,10.5,Medium,23.0,Clear,1.12,39.54,44.28,Cash,Completed,4.4
RPD104733,CUST3360,DRV555,hyderabad ,Hitech City,Banjara Hills,02/07/2026 15:59,Bike,6.73,13.6,Medium,23.0,Clear,1.18,55.38,65.35,,COMPLETED,5.0
RPD104751,CUST1119,DRV306,bangalore,Indiranagar,Electronic City,2026-06-08 09:30:00,Bike,6.35,16.1,High,6.0,Clear,1.32,53.1,70.09,cash ,Cancelled by Driver,
RPD104719,CUST1046,DRV455,Mumbai,Bandra,Colaba,09-Jun-2026 07:12 AM,Bike,4.41,9.9,Low,25.0,,1.0,41.46,41.46,upi,completed,4.3
RPD100845,CUST2322,DRV496,Bangalore,MG Road,MG Road,06/07/2026 00:03,Bike,2.48,6.7,Low,24.0,Rain,1.0,29.88,29.88,wallet,Cancelled by Driver,
RPD104490,CUST3662,DRV145,Bangalore,Indiranagar,Koramangala,08-Jul-2026 05:08 AM,Auto,2.0,23.9,Low,10.0,Cloudy,1.06,33.0,34.98,wallet,completed,
RPD102156,CUST3608,DRV177,mumbai,Borivali,Borivali,2026-07-14 04:53:00,BIKE,1.47,40.0,Medium,27.0,Clear,1.11,23.82,26.44,UPI,Cancelled by Driver,
RPD100350,CUST1048,,bangalore,Koramangala,Indiranagar,2026-06-30 12:30:00,,7.38,31.6,Very High,13.0,Rain,1.84,103.56,190.55,Card,Cancelled by Customer,
RPD100785,CUST3449,DRV779,Bangalore,Koramangala,Indiranagar,08/07/2026 09:58,,2.77,22.7,Very High,12.0,Fog,1.89,48.24,91.17,wallet,Completed,4.5
RPD100048,CUST2785,DRV750,Bengaluru,MG Road,Jayanagar,07-Jul-2026 06:01 PM,Bike,6.57,6.9,Very High,11.0,Rain,1.9,54.42,103.4,,Ongoing,
RPD103652,CUST3297,DRV272,bangalore,Jayanagar,Whitefield,07/07/2026 20:11,cab economy,1.77,40.7,High,8.0,Cloudy,1.38,36.24,50.01,Wallet,Completed,4.4
RPD104499,CUST3878,DRV238,bangalore,HSR Layout,Electronic City,16-Jun-2026 04:42 AM,bike,15.28,6.2,Low,22.0,Heavy Rain,1.01,106.68,107.75,wallet,completed,4.4
RPD104019,CUST1524,DRV235,mumbai,Colaba,Powai,08/06/2026 01:45,Auto,11.03,12.1,Low,16.0,Cloudy,1.0,114.27,114.27,UPI,COMPLETED,5.0
RPD101440,CUST3410,DRV657,bangalore,Koramangala,Indiranagar,21-Jun-2026 11:25 PM,Bike,6.41,11.5,Low,20.0,Rain,1.01,53.46,53.99,UPI,completed,4.7
RPD101866,CUST1587,DRV163,Hyderabad,Hitech City,Banjara Hills,03-Jul-2026 11:56 AM,,1.19,30.9,Medium,12.0,Rain,1.06,29.28,31.04,,COMPLETED,4.9
RPD103196,CUST3729,,Bangalore,Jayanagar,Koramangala,2026-07-15 07:13:00,,9.17,22.6,Medium,22.0,Rain,1.11,125.04,Rs. 138.79,,Cancelled by Customer,
RPD100034,CUST1213,DRV458,Hyderabad,Gachibowli,Hitech City,2026-06-17 12:20:00,Cab Premium,6.83,11.3,Medium,10.0,Heavy Rain,1.13,137.94,155.87,cash ,Completed,5.0
RPD100788,CUST2766,DRV479,Pune,Camp,Camp,2026-07-07 06:26:00,Cab Premium,2.21,16.6,Low,23.0,,1.0,54.78,54.78,Wallet,Cancelled by Driver,
RPD104578,CUST2504,DRV426,mumbai,Bandra,Powai,2026-07-11 06:23:00,bike,5.29,9.0,Very High,17.0,Heavy Rain,1.93,46.74,90.21,wallet,Completed,5.0
RPD102628,CUST1575,DRV605,Mumbai,Dadar,Andheri,14/06/2026 01:08,,3.81,23.7,Low,15.0,Clear,1.02,60.72,61.93,Wallet,COMPLETED,4.9
RPD100932,CUST2121,,Pune,Baner,Camp,14/07/2026 08:28,Cab Premium,1.42,14.8,Very High,10.0,Heavy Rain,1.9,40.56,77.06,wallet,Cancelled by Customer,
RPD102405,CUST3601,DRV475,bangalore,Whitefield,Koramangala,30-Jun-2026 11:59 PM,Cab Premium,3.66,11.3,Medium,27.0,Clear,1.21,80.88,97.86,wallet,Completed,4.2
RPD101686,CUST3144,DRV628,Hyderabad,Kukatpally,Gachibowli,2026-07-09 11:00:00,bike,8.82,18.6,Low,22.0,,1.0,67.92,67.92,wallet,Completed,4.3
RPD101249,CUST2627,DRV115,Hyderabad,Hitech City,Kukatpally,2026-06-17 09:15:00,Auto,7.54,17.4,Very High,4.0,Heavy Rain,1.96,82.86,162.41,Cash,completed,3.6
RPD104856,CUST3067,DRV554,Bangalore,Whitefield,MG Road,06-Jun-2026 05:46 PM,cab economy,2.33,10.5,Very High,13.0,Rain,1.85,42.96,79.48,UPI,Completed,5.0
RPD100093,CUST3383,DRV440,hyderabad ,Madhapur,Madhapur,2026-07-03 17:01:00,Cab Economy,1.31,21.1,Medium,31.0,Heavy Rain,1.15,30.72,35.33,Cash,COMPLETED,5.0
RPD102852,CUST2052,DRV366,Hyderabad,Banjara Hills,Madhapur,2026-06-23 10:15:00,BIKE,5.31,4.6,Low,9.0,,1.0,46.86,46.86,,Cancelled by Driver,
RPD102794,CUST3974,DRV286,Pune,Hinjewadi,Baner,13/06/2026 13:11,,6.72,7.8,Low,26.0,Fog,1.0,95.64,95.64,Card,Ongoing,
RPD100765,CUST1912,DRV194,Bangalore,Whitefield,Koramangala,01-Jul-2026 01:47 AM,Cab Premium,5.34,5.1,Low,23.0,Fog,1.0,111.12,111.12,wallet,Cancelled by Driver,
RPD102989,CUST1461,DRV316,mumbai,Dadar,Dadar,01-Jun-2026 02:53 PM,Bike,8.26,6.9,Low,24.0,,1.0,64.56,64.56,Wallet,Cancelled by Driver,
RPD102449,CUST1285,DRV225,Bangalore,MG Road,Jayanagar,29-Jun-2026 05:52 PM,Cab Premium,5.29,15.4,Very High,20.0,Heavy Rain,1.84,110.22,202.8,Card,COMPLETED,4.0
RPD101729,CUST2814,,mumbai,Powai,Borivali,2026-06-04 22:58:00,cab economy,4.19,4.0,Medium,17.0,Fog,1.2,65.28,78.34,Wallet,Cancelled by Customer,
RPD100258,CUST3092,DRV370,Bangalore,MG Road,MG Road,2026-07-13 09:05:00,cab economy,9.39,27.3,Very High,18.0,Rain,1.85,127.68,236.21,Cash,completed,4.5
RPD101514,CUST1035,,Pune,Baner,Camp,25/06/2026 00:50,Cab Premium,6.09,8.4,Low,8.0,Cloudy,1.0,124.62,124.62,Wallet,Cancelled by Customer,
RPD101220,CUST1459,DRV149,bangalore,Whitefield,Indiranagar,14/06/2026 12:08,Cab Premium,2.16,22.0,Low,25.0,Heavy Rain,1.03,53.88,55.5,Wallet,Completed,4.5
RPD101162,CUST2562,DRV165,hyderabad ,Banjara Hills,Gachibowli,19-Jun-2026 08:45 PM,BIKE,7.64,48.9,Very High,19.0,Rain,1.94,60.84,118.03,Cash,Cancelled by Driver,
RPD100773,CUST2641,DRV403,hyderabad ,Banjara Hills,Madhapur,2026-06-15 22:33:00,Auto,5.15,18.9,Medium,15.0,,1.1,61.35,67.49,wallet,completed,4.3
RPD100313,CUST1549,DRV614,Mumbai,Bandra,Bandra,2026-06-07 04:11:00,Auto,2.56,14.1,Low,27.0,Fog,1.03,38.04,39.18,,COMPLETED,3.8
RPD104387,CUST1440,DRV219,bangalore,Jayanagar,MG Road,2026-06-28 19:03:00,Auto,8.76,6.3,Very High,6.0,Fog,1.87,93.84,175.48,Card,Completed,
RPD104033,CUST2524,DRV658,bangalore,HSR Layout,MG Road,03-Jul-2026 03:47 PM,Bike,6.83,28.0,Medium,20.0,Cloudy,1.1,55.98,61.58,Card,COMPLETED,4.4
RPD104860,CUST1725,DRV597,Mumbai,Powai,Dadar,01-Jun-2026 12:31 AM,auto,3.57,10.4,Low,34.0,Fog,1.0,47.13,47.13,cash ,COMPLETED,5.0
RPD102998,CUST1391,DRV344,Bangalore,Koramangala,MG Road,2026-07-11 05:32:00,cab economy,8.79,10.9,Low,18.0,Clear,1.04,120.48,125.3,,completed,3.8
RPD104280,CUST1042,DRV795,hyderabad ,Madhapur,Kukatpally,2026-07-06 19:19:00,Cab Premium,0.91,24.1,Very High,3.0,Rain,1.84,31.38,57.74,Cash,Ongoing,
RPD101177,CUST2443,DRV206,hyderabad ,Kukatpally,Madhapur,04-Jun-2026 09:58 PM,Bike,9.03,16.0,Medium,26.0,Cloudy,1.03,69.18,71.26,Card,completed,4.1
RPD103897,CUST3612,DRV117,bangalore,Whitefield,Jayanagar,2026-07-04 20:04:00,cab economy,10.98,17.4,High,19.0,Fog,1.4,146.76,205.46,,Ongoing,
RPD101350,CUST1797,,Pune,Hinjewadi,Kothrud,2026-07-01 12:25:00,Bike,3.19,9.8,Low,23.0,Rain,1.0,34.14,34.14,Card,Cancelled by Customer,
RPD103776,CUST2544,DRV212,Hyderabad,Gachibowli,Madhapur,07/06/2026 03:34,bike,1.03,27.9,Very High,12.0,Heavy Rain,1.91,21.18,40.45,,Completed,4.6
RPD103117,CUST1646,,Bangalore,Whitefield,MG Road,07-Jul-2026 02:16 PM,Auto,1.03,13.0,Very High,17.0,Rain,1.85,24.27,44.9,Card,Cancelled by Customer,
RPD103517,CUST3248,DRV290,Bengaluru,Electronic City,Indiranagar,2026-07-13 04:56:00,BIKE,3.79,3.0,Low,29.0,Clear,1.04,37.74,39.25,UPI,Ongoing,
RPD102299,CUST1736,DRV619,Mumbai,Dadar,Colaba,21/06/2026 11:16,,2.71,17.4,Medium,27.0,,1.14,47.52,54.17,upi,completed,
RPD102872,CUST3799,DRV585,Pune,Hinjewadi,Viman Nagar,2026-07-02 08:12:00,Cab Economy,8.84,13.3,Very High,16.0,Heavy Rain,1.94,121.08,234.9,upi,completed,3.7
RPD100392,CUST2276,DRV471,Bengaluru,Jayanagar,Electronic City,10-Jul-2026 10:53 PM,bike,0.75,14.7,Medium,23.0,Cloudy,1.22,19.5,23.79,Cash,Completed,4.9
RPD101457,CUST1431,DRV372,mumbai,Colaba,Andheri,18-Jun-2026 03:48 PM,Auto,5.81,20.9,Medium,26.0,,1.08,67.29,72.67,,Cancelled by Driver,
RPD101093,CUST3431,,BANGALORE,HSR Layout,Koramangala,2026-06-03 23:23:00,Bike,1.06,3.0,Low,24.0,Fog,1.0,21.36,21.36,Wallet,Cancelled by Customer,
RPD103240,CUST3299,DRV317,Bangalore,Whitefield,MG Road,2026-06-29 05:31:00,BIKE,1.95,15.1,Medium,22.0,Clear,1.2,26.7,32.04,UPI,completed,4.8
RPD102765,CUST2409,,mumbai,Colaba,Dadar,2026-06-23 14:15:00,,1.62,14.0,Medium,15.0,,1.08,34.44,37.2,,Cancelled by Customer,
RPD102779,CUST1852,,Bangalore,Jayanagar,MG Road,02-Jul-2026 12:14 PM,Cab Premium,5.3,9.9,Medium,13.0,Clear,1.14,110.4,125.86,cash ,Cancelled by Customer,
RPD104463,CUST3380,DRV571,Bangalore,Whitefield,Jayanagar,2026-07-02 13:51:00,Bike,2.52,15.9,Medium,11.0,Cloudy,1.18,30.12,35.54,Card,Completed,5.0
RPD104442,CUST3228,,Bangalore,Indiranagar,Electronic City,2026-06-08 12:07:00,bike,1.78,5.7,Low,17.0,Clear,1.0,25.68,25.68,,Cancelled by Customer,
RPD103657,CUST1054,DRV662,Pune,Baner,Hinjewadi,2026-06-25 22:30:00,auto,1.31,21.0,Medium,20.0,Clear,1.16,26.79,31.08,cash ,Completed,3.8
RPD102584,CUST3164,DRV534,Mumbai,Dadar,Powai,25-Jun-2026 02:39 AM,Cab Premium,3.51,26.9,Low,4.0,Heavy Rain,1.05,78.18,82.09,Card,Completed,4.9
RPD103258,CUST3741,DRV439,bangalore,Indiranagar,Indiranagar,2026-06-03 05:48:00,,7.5,21.4,Very High,24.0,Heavy Rain,1.92,105.0,201.6,Cash,Completed,4.8
RPD101373,CUST2710,DRV235,hyderabad ,Madhapur,Hitech City,2026-06-10 12:20:00,Cab Premium,3.69,28.6,Low,24.0,Heavy Rain,1.0,81.42,81.42,cash ,completed,4.3
RPD100920,CUST1869,,BANGALORE,Electronic City,Jayanagar,2026-07-15 17:12:00,Bike,7.7,10.9,Medium,19.0,Heavy Rain,1.12,61.2,68.54,Cash,Cancelled by Customer,
RPD104308,CUST1677,DRV285,Mumbai,Dadar,Powai,13-Jul-2026 04:47 PM,Cab Premium,10.91,23.6,Medium,20.0,Cloudy,1.07,211.38,226.18,,completed,4.0
RPD102551,CUST2169,DRV203,Mumbai,Borivali,Bandra,24/06/2026 05:34,Bike,0.5,12.8,Medium,10.0,Cloudy,1.12,18.0,20.16,,completed,4.2
RPD100538,CUST2831,DRV421,Pune,Camp,Camp,04/07/2026 15:04,bike,2.01,17.9,Medium,14.0,Rain,1.12,27.06,30.31,upi,completed,
RPD101221,CUST2189,DRV394,Hyderabad,Gachibowli,Madhapur,2026-06-02 17:57:00,BIKE,9.09,18.4,Low,6.0,Clear,1.08,69.54,75.1,Cash,Ongoing,
RPD104272,CUST3209,,mumbai,Dadar,Andheri,10-Jun-2026 03:43 AM,Cab Premium,14.37,13.9,Low,20.0,Cloudy,1.0,273.66,273.66,,Cancelled by Customer,
